# Multi-Material High-Detail Industrial Asset: isolation_valve_hd.obj
v 0.042000 0.000000 0.160000
v 0.042000 0.000000 0.000000
v 0.040569 0.010870 0.160000
v 0.040569 0.010870 0.000000
v 0.036373 0.021000 0.160000
v 0.036373 0.021000 0.000000
v 0.029698 0.029698 0.160000
v 0.029698 0.029698 0.000000
v 0.021000 0.036373 0.160000
v 0.021000 0.036373 0.000000
v 0.010870 0.040569 0.160000
v 0.010870 0.040569 0.000000
v 0.000000 0.042000 0.160000
v 0.000000 0.042000 0.000000
v -0.010870 0.040569 0.160000
v -0.010870 0.040569 0.000000
v -0.021000 0.036373 0.160000
v -0.021000 0.036373 0.000000
v -0.029698 0.029698 0.160000
v -0.029698 0.029698 0.000000
v -0.036373 0.021000 0.160000
v -0.036373 0.021000 0.000000
v -0.040569 0.010870 0.160000
v -0.040569 0.010870 0.000000
v -0.042000 0.000000 0.160000
v -0.042000 0.000000 0.000000
v -0.040569 -0.010870 0.160000
v -0.040569 -0.010870 0.000000
v -0.036373 -0.021000 0.160000
v -0.036373 -0.021000 0.000000
v -0.029698 -0.029698 0.160000
v -0.029698 -0.029698 0.000000
v -0.021000 -0.036373 0.160000
v -0.021000 -0.036373 0.000000
v -0.010870 -0.040569 0.160000
v -0.010870 -0.040569 0.000000
v -0.000000 -0.042000 0.160000
v -0.000000 -0.042000 0.000000
v 0.010870 -0.040569 0.160000
v 0.010870 -0.040569 0.000000
v 0.021000 -0.036373 0.160000
v 0.021000 -0.036373 0.000000
v 0.029698 -0.029698 0.160000
v 0.029698 -0.029698 0.000000
v 0.036373 -0.021000 0.160000
v 0.036373 -0.021000 0.000000
v 0.040569 -0.010870 0.160000
v 0.040569 -0.010870 0.000000
v 0.000000 0.000000 0.160000
v 0.000000 0.000000 0.000000
v 0.042000 0.000000 0.160000
v 0.042000 0.000000 0.000000
v 0.040569 0.010870 0.160000
v 0.040569 0.010870 0.000000
v 0.036373 0.021000 0.160000
v 0.036373 0.021000 0.000000
v 0.029698 0.029698 0.160000
v 0.029698 0.029698 0.000000
v 0.021000 0.036373 0.160000
v 0.021000 0.036373 0.000000
v 0.010870 0.040569 0.160000
v 0.010870 0.040569 0.000000
v 0.000000 0.042000 0.160000
v 0.000000 0.042000 0.000000
v -0.010870 0.040569 0.160000
v -0.010870 0.040569 0.000000
v -0.021000 0.036373 0.160000
v -0.021000 0.036373 0.000000
v -0.029698 0.029698 0.160000
v -0.029698 0.029698 0.000000
v -0.036373 0.021000 0.160000
v -0.036373 0.021000 0.000000
v -0.040569 0.010870 0.160000
v -0.040569 0.010870 0.000000
v -0.042000 0.000000 0.160000
v -0.042000 0.000000 0.000000
v -0.040569 -0.010870 0.160000
v -0.040569 -0.010870 0.000000
v -0.036373 -0.021000 0.160000
v -0.036373 -0.021000 0.000000
v -0.029698 -0.029698 0.160000
v -0.029698 -0.029698 0.000000
v -0.021000 -0.036373 0.160000
v -0.021000 -0.036373 0.000000
v -0.010870 -0.040569 0.160000
v -0.010870 -0.040569 0.000000
v -0.000000 -0.042000 0.160000
v -0.000000 -0.042000 0.000000
v 0.010870 -0.040569 0.160000
v 0.010870 -0.040569 0.000000
v 0.021000 -0.036373 0.160000
v 0.021000 -0.036373 0.000000
v 0.029698 -0.029698 0.160000
v 0.029698 -0.029698 0.000000
v 0.036373 -0.021000 0.160000
v 0.036373 -0.021000 0.000000
v 0.040569 -0.010870 0.160000
v 0.040569 -0.010870 0.000000
v 0.045000 0.080000 0.080000
v 0.045000 0.000000 0.080000
v 0.043467 0.080000 0.091647
v 0.043467 0.000000 0.091647
v 0.038971 0.080000 0.102500
v 0.038971 0.000000 0.102500
v 0.031820 0.080000 0.111820
v 0.031820 0.000000 0.111820
v 0.022500 0.080000 0.118971
v 0.022500 0.000000 0.118971
v 0.011647 0.080000 0.123467
v 0.011647 0.000000 0.123467
v 0.000000 0.080000 0.125000
v 0.000000 0.000000 0.125000
v -0.011647 0.080000 0.123467
v -0.011647 0.000000 0.123467
v -0.022500 0.080000 0.118971
v -0.022500 0.000000 0.118971
v -0.031820 0.080000 0.111820
v -0.031820 0.000000 0.111820
v -0.038971 0.080000 0.102500
v -0.038971 0.000000 0.102500
v -0.043467 0.080000 0.091647
v -0.043467 0.000000 0.091647
v -0.045000 0.080000 0.080000
v -0.045000 0.000000 0.080000
v -0.043467 0.080000 0.068353
v -0.043467 0.000000 0.068353
v -0.038971 0.080000 0.057500
v -0.038971 0.000000 0.057500
v -0.031820 0.080000 0.048180
v -0.031820 0.000000 0.048180
v -0.022500 0.080000 0.041029
v -0.022500 0.000000 0.041029
v -0.011647 0.080000 0.036533
v -0.011647 0.000000 0.036533
v -0.000000 0.080000 0.035000
v -0.000000 0.000000 0.035000
v 0.011647 0.080000 0.036533
v 0.011647 0.000000 0.036533
v 0.022500 0.080000 0.041029
v 0.022500 0.000000 0.041029
v 0.031820 0.080000 0.048180
v 0.031820 0.000000 0.048180
v 0.038971 0.080000 0.057500
v 0.038971 0.000000 0.057500
v 0.043467 0.080000 0.068353
v 0.043467 0.000000 0.068353
v 0.000000 0.080000 0.080000
v 0.000000 0.000000 0.080000
v 0.045000 0.080000 0.080000
v 0.045000 0.000000 0.080000
v 0.043467 0.080000 0.091647
v 0.043467 0.000000 0.091647
v 0.038971 0.080000 0.102500
v 0.038971 0.000000 0.102500
v 0.031820 0.080000 0.111820
v 0.031820 0.000000 0.111820
v 0.022500 0.080000 0.118971
v 0.022500 0.000000 0.118971
v 0.011647 0.080000 0.123467
v 0.011647 0.000000 0.123467
v 0.000000 0.080000 0.125000
v 0.000000 0.000000 0.125000
v -0.011647 0.080000 0.123467
v -0.011647 0.000000 0.123467
v -0.022500 0.080000 0.118971
v -0.022500 0.000000 0.118971
v -0.031820 0.080000 0.111820
v -0.031820 0.000000 0.111820
v -0.038971 0.080000 0.102500
v -0.038971 0.000000 0.102500
v -0.043467 0.080000 0.091647
v -0.043467 0.000000 0.091647
v -0.045000 0.080000 0.080000
v -0.045000 0.000000 0.080000
v -0.043467 0.080000 0.068353
v -0.043467 0.000000 0.068353
v -0.038971 0.080000 0.057500
v -0.038971 0.000000 0.057500
v -0.031820 0.080000 0.048180
v -0.031820 0.000000 0.048180
v -0.022500 0.080000 0.041029
v -0.022500 0.000000 0.041029
v -0.011647 0.080000 0.036533
v -0.011647 0.000000 0.036533
v -0.000000 0.080000 0.035000
v -0.000000 0.000000 0.035000
v 0.011647 0.080000 0.036533
v 0.011647 0.000000 0.036533
v 0.022500 0.080000 0.041029
v 0.022500 0.000000 0.041029
v 0.031820 0.080000 0.048180
v 0.031820 0.000000 0.048180
v 0.038971 0.080000 0.057500
v 0.038971 0.000000 0.057500
v 0.043467 0.080000 0.068353
v 0.043467 0.000000 0.068353
v 0.060000 0.000000 0.016000
v 0.060000 0.000000 0.000000
v 0.057956 0.015529 0.016000
v 0.057956 0.015529 0.000000
v 0.051962 0.030000 0.016000
v 0.051962 0.030000 0.000000
v 0.042426 0.042426 0.016000
v 0.042426 0.042426 0.000000
v 0.030000 0.051962 0.016000
v 0.030000 0.051962 0.000000
v 0.015529 0.057956 0.016000
v 0.015529 0.057956 0.000000
v 0.000000 0.060000 0.016000
v 0.000000 0.060000 0.000000
v -0.015529 0.057956 0.016000
v -0.015529 0.057956 0.000000
v -0.030000 0.051962 0.016000
v -0.030000 0.051962 0.000000
v -0.042426 0.042426 0.016000
v -0.042426 0.042426 0.000000
v -0.051962 0.030000 0.016000
v -0.051962 0.030000 0.000000
v -0.057956 0.015529 0.016000
v -0.057956 0.015529 0.000000
v -0.060000 0.000000 0.016000
v -0.060000 0.000000 0.000000
v -0.057956 -0.015529 0.016000
v -0.057956 -0.015529 0.000000
v -0.051962 -0.030000 0.016000
v -0.051962 -0.030000 0.000000
v -0.042426 -0.042426 0.016000
v -0.042426 -0.042426 0.000000
v -0.030000 -0.051962 0.016000
v -0.030000 -0.051962 0.000000
v -0.015529 -0.057956 0.016000
v -0.015529 -0.057956 0.000000
v -0.000000 -0.060000 0.016000
v -0.000000 -0.060000 0.000000
v 0.015529 -0.057956 0.016000
v 0.015529 -0.057956 0.000000
v 0.030000 -0.051962 0.016000
v 0.030000 -0.051962 0.000000
v 0.042426 -0.042426 0.016000
v 0.042426 -0.042426 0.000000
v 0.051962 -0.030000 0.016000
v 0.051962 -0.030000 0.000000
v 0.057956 -0.015529 0.016000
v 0.057956 -0.015529 0.000000
v 0.000000 0.000000 0.016000
v 0.000000 0.000000 0.000000
v 0.060000 0.000000 0.016000
v 0.060000 0.000000 0.000000
v 0.057956 0.015529 0.016000
v 0.057956 0.015529 0.000000
v 0.051962 0.030000 0.016000
v 0.051962 0.030000 0.000000
v 0.042426 0.042426 0.016000
v 0.042426 0.042426 0.000000
v 0.030000 0.051962 0.016000
v 0.030000 0.051962 0.000000
v 0.015529 0.057956 0.016000
v 0.015529 0.057956 0.000000
v 0.000000 0.060000 0.016000
v 0.000000 0.060000 0.000000
v -0.015529 0.057956 0.016000
v -0.015529 0.057956 0.000000
v -0.030000 0.051962 0.016000
v -0.030000 0.051962 0.000000
v -0.042426 0.042426 0.016000
v -0.042426 0.042426 0.000000
v -0.051962 0.030000 0.016000
v -0.051962 0.030000 0.000000
v -0.057956 0.015529 0.016000
v -0.057956 0.015529 0.000000
v -0.060000 0.000000 0.016000
v -0.060000 0.000000 0.000000
v -0.057956 -0.015529 0.016000
v -0.057956 -0.015529 0.000000
v -0.051962 -0.030000 0.016000
v -0.051962 -0.030000 0.000000
v -0.042426 -0.042426 0.016000
v -0.042426 -0.042426 0.000000
v -0.030000 -0.051962 0.016000
v -0.030000 -0.051962 0.000000
v -0.015529 -0.057956 0.016000
v -0.015529 -0.057956 0.000000
v -0.000000 -0.060000 0.016000
v -0.000000 -0.060000 0.000000
v 0.015529 -0.057956 0.016000
v 0.015529 -0.057956 0.000000
v 0.030000 -0.051962 0.016000
v 0.030000 -0.051962 0.000000
v 0.042426 -0.042426 0.016000
v 0.042426 -0.042426 0.000000
v 0.051962 -0.030000 0.016000
v 0.051962 -0.030000 0.000000
v 0.057956 -0.015529 0.016000
v 0.057956 -0.015529 0.000000
v 0.060000 0.000000 0.160000
v 0.060000 0.000000 0.144000
v 0.057956 0.015529 0.160000
v 0.057956 0.015529 0.144000
v 0.051962 0.030000 0.160000
v 0.051962 0.030000 0.144000
v 0.042426 0.042426 0.160000
v 0.042426 0.042426 0.144000
v 0.030000 0.051962 0.160000
v 0.030000 0.051962 0.144000
v 0.015529 0.057956 0.160000
v 0.015529 0.057956 0.144000
v 0.000000 0.060000 0.160000
v 0.000000 0.060000 0.144000
v -0.015529 0.057956 0.160000
v -0.015529 0.057956 0.144000
v -0.030000 0.051962 0.160000
v -0.030000 0.051962 0.144000
v -0.042426 0.042426 0.160000
v -0.042426 0.042426 0.144000
v -0.051962 0.030000 0.160000
v -0.051962 0.030000 0.144000
v -0.057956 0.015529 0.160000
v -0.057956 0.015529 0.144000
v -0.060000 0.000000 0.160000
v -0.060000 0.000000 0.144000
v -0.057956 -0.015529 0.160000
v -0.057956 -0.015529 0.144000
v -0.051962 -0.030000 0.160000
v -0.051962 -0.030000 0.144000
v -0.042426 -0.042426 0.160000
v -0.042426 -0.042426 0.144000
v -0.030000 -0.051962 0.160000
v -0.030000 -0.051962 0.144000
v -0.015529 -0.057956 0.160000
v -0.015529 -0.057956 0.144000
v -0.000000 -0.060000 0.160000
v -0.000000 -0.060000 0.144000
v 0.015529 -0.057956 0.160000
v 0.015529 -0.057956 0.144000
v 0.030000 -0.051962 0.160000
v 0.030000 -0.051962 0.144000
v 0.042426 -0.042426 0.160000
v 0.042426 -0.042426 0.144000
v 0.051962 -0.030000 0.160000
v 0.051962 -0.030000 0.144000
v 0.057956 -0.015529 0.160000
v 0.057956 -0.015529 0.144000
v 0.000000 0.000000 0.160000
v 0.000000 0.000000 0.144000
v 0.060000 0.000000 0.160000
v 0.060000 0.000000 0.144000
v 0.057956 0.015529 0.160000
v 0.057956 0.015529 0.144000
v 0.051962 0.030000 0.160000
v 0.051962 0.030000 0.144000
v 0.042426 0.042426 0.160000
v 0.042426 0.042426 0.144000
v 0.030000 0.051962 0.160000
v 0.030000 0.051962 0.144000
v 0.015529 0.057956 0.160000
v 0.015529 0.057956 0.144000
v 0.000000 0.060000 0.160000
v 0.000000 0.060000 0.144000
v -0.015529 0.057956 0.160000
v -0.015529 0.057956 0.144000
v -0.030000 0.051962 0.160000
v -0.030000 0.051962 0.144000
v -0.042426 0.042426 0.160000
v -0.042426 0.042426 0.144000
v -0.051962 0.030000 0.160000
v -0.051962 0.030000 0.144000
v -0.057956 0.015529 0.160000
v -0.057956 0.015529 0.144000
v -0.060000 0.000000 0.160000
v -0.060000 0.000000 0.144000
v -0.057956 -0.015529 0.160000
v -0.057956 -0.015529 0.144000
v -0.051962 -0.030000 0.160000
v -0.051962 -0.030000 0.144000
v -0.042426 -0.042426 0.160000
v -0.042426 -0.042426 0.144000
v -0.030000 -0.051962 0.160000
v -0.030000 -0.051962 0.144000
v -0.015529 -0.057956 0.160000
v -0.015529 -0.057956 0.144000
v -0.000000 -0.060000 0.160000
v -0.000000 -0.060000 0.144000
v 0.015529 -0.057956 0.160000
v 0.015529 -0.057956 0.144000
v 0.030000 -0.051962 0.160000
v 0.030000 -0.051962 0.144000
v 0.042426 -0.042426 0.160000
v 0.042426 -0.042426 0.144000
v 0.051962 -0.030000 0.160000
v 0.051962 -0.030000 0.144000
v 0.057956 -0.015529 0.160000
v 0.057956 -0.015529 0.144000
v 0.050000 0.087000 0.080000
v 0.050000 0.073000 0.080000
v 0.048296 0.087000 0.092941
v 0.048296 0.073000 0.092941
v 0.043301 0.087000 0.105000
v 0.043301 0.073000 0.105000
v 0.035355 0.087000 0.115355
v 0.035355 0.073000 0.115355
v 0.025000 0.087000 0.123301
v 0.025000 0.073000 0.123301
v 0.012941 0.087000 0.128296
v 0.012941 0.073000 0.128296
v 0.000000 0.087000 0.130000
v 0.000000 0.073000 0.130000
v -0.012941 0.087000 0.128296
v -0.012941 0.073000 0.128296
v -0.025000 0.087000 0.123301
v -0.025000 0.073000 0.123301
v -0.035355 0.087000 0.115355
v -0.035355 0.073000 0.115355
v -0.043301 0.087000 0.105000
v -0.043301 0.073000 0.105000
v -0.048296 0.087000 0.092941
v -0.048296 0.073000 0.092941
v -0.050000 0.087000 0.080000
v -0.050000 0.073000 0.080000
v -0.048296 0.087000 0.067059
v -0.048296 0.073000 0.067059
v -0.043301 0.087000 0.055000
v -0.043301 0.073000 0.055000
v -0.035355 0.087000 0.044645
v -0.035355 0.073000 0.044645
v -0.025000 0.087000 0.036699
v -0.025000 0.073000 0.036699
v -0.012941 0.087000 0.031704
v -0.012941 0.073000 0.031704
v -0.000000 0.087000 0.030000
v -0.000000 0.073000 0.030000
v 0.012941 0.087000 0.031704
v 0.012941 0.073000 0.031704
v 0.025000 0.087000 0.036699
v 0.025000 0.073000 0.036699
v 0.035355 0.087000 0.044645
v 0.035355 0.073000 0.044645
v 0.043301 0.087000 0.055000
v 0.043301 0.073000 0.055000
v 0.048296 0.087000 0.067059
v 0.048296 0.073000 0.067059
v 0.000000 0.087000 0.080000
v 0.000000 0.073000 0.080000
v 0.050000 0.087000 0.080000
v 0.050000 0.073000 0.080000
v 0.048296 0.087000 0.092941
v 0.048296 0.073000 0.092941
v 0.043301 0.087000 0.105000
v 0.043301 0.073000 0.105000
v 0.035355 0.087000 0.115355
v 0.035355 0.073000 0.115355
v 0.025000 0.087000 0.123301
v 0.025000 0.073000 0.123301
v 0.012941 0.087000 0.128296
v 0.012941 0.073000 0.128296
v 0.000000 0.087000 0.130000
v 0.000000 0.073000 0.130000
v -0.012941 0.087000 0.128296
v -0.012941 0.073000 0.128296
v -0.025000 0.087000 0.123301
v -0.025000 0.073000 0.123301
v -0.035355 0.087000 0.115355
v -0.035355 0.073000 0.115355
v -0.043301 0.087000 0.105000
v -0.043301 0.073000 0.105000
v -0.048296 0.087000 0.092941
v -0.048296 0.073000 0.092941
v -0.050000 0.087000 0.080000
v -0.050000 0.073000 0.080000
v -0.048296 0.087000 0.067059
v -0.048296 0.073000 0.067059
v -0.043301 0.087000 0.055000
v -0.043301 0.073000 0.055000
v -0.035355 0.087000 0.044645
v -0.035355 0.073000 0.044645
v -0.025000 0.087000 0.036699
v -0.025000 0.073000 0.036699
v -0.012941 0.087000 0.031704
v -0.012941 0.073000 0.031704
v -0.000000 0.087000 0.030000
v -0.000000 0.073000 0.030000
v 0.012941 0.087000 0.031704
v 0.012941 0.073000 0.031704
v 0.025000 0.087000 0.036699
v 0.025000 0.073000 0.036699
v 0.035355 0.087000 0.044645
v 0.035355 0.073000 0.044645
v 0.043301 0.087000 0.055000
v 0.043301 0.073000 0.055000
v 0.048296 0.087000 0.067059
v 0.048296 0.073000 0.067059
v 0.044000 0.096000 0.080000
v 0.044000 0.084000 0.080000
v 0.041000 0.096000 0.085196
v 0.041000 0.084000 0.085196
v 0.035000 0.096000 0.085196
v 0.035000 0.084000 0.085196
v 0.032000 0.096000 0.080000
v 0.032000 0.084000 0.080000
v 0.035000 0.096000 0.074804
v 0.035000 0.084000 0.074804
v 0.041000 0.096000 0.074804
v 0.041000 0.084000 0.074804
v 0.038000 0.096000 0.080000
v 0.038000 0.084000 0.080000
v 0.044000 0.096000 0.080000
v 0.044000 0.084000 0.080000
v 0.041000 0.096000 0.085196
v 0.041000 0.084000 0.085196
v 0.035000 0.096000 0.085196
v 0.035000 0.084000 0.085196
v 0.032000 0.096000 0.080000
v 0.032000 0.084000 0.080000
v 0.035000 0.096000 0.074804
v 0.035000 0.084000 0.074804
v 0.041000 0.096000 0.074804
v 0.041000 0.084000 0.074804
v 0.025000 0.096000 0.112909
v 0.025000 0.084000 0.112909
v 0.022000 0.096000 0.118105
v 0.022000 0.084000 0.118105
v 0.016000 0.096000 0.118105
v 0.016000 0.084000 0.118105
v 0.013000 0.096000 0.112909
v 0.013000 0.084000 0.112909
v 0.016000 0.096000 0.107713
v 0.016000 0.084000 0.107713
v 0.022000 0.096000 0.107713
v 0.022000 0.084000 0.107713
v 0.019000 0.096000 0.112909
v 0.019000 0.084000 0.112909
v 0.025000 0.096000 0.112909
v 0.025000 0.084000 0.112909
v 0.022000 0.096000 0.118105
v 0.022000 0.084000 0.118105
v 0.016000 0.096000 0.118105
v 0.016000 0.084000 0.118105
v 0.013000 0.096000 0.112909
v 0.013000 0.084000 0.112909
v 0.016000 0.096000 0.107713
v 0.016000 0.084000 0.107713
v 0.022000 0.096000 0.107713
v 0.022000 0.084000 0.107713
v -0.013000 0.096000 0.112909
v -0.013000 0.084000 0.112909
v -0.016000 0.096000 0.118105
v -0.016000 0.084000 0.118105
v -0.022000 0.096000 0.118105
v -0.022000 0.084000 0.118105
v -0.025000 0.096000 0.112909
v -0.025000 0.084000 0.112909
v -0.022000 0.096000 0.107713
v -0.022000 0.084000 0.107713
v -0.016000 0.096000 0.107713
v -0.016000 0.084000 0.107713
v -0.019000 0.096000 0.112909
v -0.019000 0.084000 0.112909
v -0.013000 0.096000 0.112909
v -0.013000 0.084000 0.112909
v -0.016000 0.096000 0.118105
v -0.016000 0.084000 0.118105
v -0.022000 0.096000 0.118105
v -0.022000 0.084000 0.118105
v -0.025000 0.096000 0.112909
v -0.025000 0.084000 0.112909
v -0.022000 0.096000 0.107713
v -0.022000 0.084000 0.107713
v -0.016000 0.096000 0.107713
v -0.016000 0.084000 0.107713
v -0.032000 0.096000 0.080000
v -0.032000 0.084000 0.080000
v -0.035000 0.096000 0.085196
v -0.035000 0.084000 0.085196
v -0.041000 0.096000 0.085196
v -0.041000 0.084000 0.085196
v -0.044000 0.096000 0.080000
v -0.044000 0.084000 0.080000
v -0.041000 0.096000 0.074804
v -0.041000 0.084000 0.074804
v -0.035000 0.096000 0.074804
v -0.035000 0.084000 0.074804
v -0.038000 0.096000 0.080000
v -0.038000 0.084000 0.080000
v -0.032000 0.096000 0.080000
v -0.032000 0.084000 0.080000
v -0.035000 0.096000 0.085196
v -0.035000 0.084000 0.085196
v -0.041000 0.096000 0.085196
v -0.041000 0.084000 0.085196
v -0.044000 0.096000 0.080000
v -0.044000 0.084000 0.080000
v -0.041000 0.096000 0.074804
v -0.041000 0.084000 0.074804
v -0.035000 0.096000 0.074804
v -0.035000 0.084000 0.074804
v -0.013000 0.096000 0.047091
v -0.013000 0.084000 0.047091
v -0.016000 0.096000 0.052287
v -0.016000 0.084000 0.052287
v -0.022000 0.096000 0.052287
v -0.022000 0.084000 0.052287
v -0.025000 0.096000 0.047091
v -0.025000 0.084000 0.047091
v -0.022000 0.096000 0.041895
v -0.022000 0.084000 0.041895
v -0.016000 0.096000 0.041895
v -0.016000 0.084000 0.041895
v -0.019000 0.096000 0.047091
v -0.019000 0.084000 0.047091
v -0.013000 0.096000 0.047091
v -0.013000 0.084000 0.047091
v -0.016000 0.096000 0.052287
v -0.016000 0.084000 0.052287
v -0.022000 0.096000 0.052287
v -0.022000 0.084000 0.052287
v -0.025000 0.096000 0.047091
v -0.025000 0.084000 0.047091
v -0.022000 0.096000 0.041895
v -0.022000 0.084000 0.041895
v -0.016000 0.096000 0.041895
v -0.016000 0.084000 0.041895
v 0.025000 0.096000 0.047091
v 0.025000 0.084000 0.047091
v 0.022000 0.096000 0.052287
v 0.022000 0.084000 0.052287
v 0.016000 0.096000 0.052287
v 0.016000 0.084000 0.052287
v 0.013000 0.096000 0.047091
v 0.013000 0.084000 0.047091
v 0.016000 0.096000 0.041895
v 0.016000 0.084000 0.041895
v 0.022000 0.096000 0.041895
v 0.022000 0.084000 0.041895
v 0.019000 0.096000 0.047091
v 0.019000 0.084000 0.047091
v 0.025000 0.096000 0.047091
v 0.025000 0.084000 0.047091
v 0.022000 0.096000 0.052287
v 0.022000 0.084000 0.052287
v 0.016000 0.096000 0.052287
v 0.016000 0.084000 0.052287
v 0.013000 0.096000 0.047091
v 0.013000 0.084000 0.047091
v 0.016000 0.096000 0.041895
v 0.016000 0.084000 0.041895
v 0.022000 0.096000 0.041895
v 0.022000 0.084000 0.041895
v 0.010000 0.155000 0.080000
v 0.010000 0.085000 0.080000
v 0.009239 0.155000 0.083827
v 0.009239 0.085000 0.083827
v 0.007071 0.155000 0.087071
v 0.007071 0.085000 0.087071
v 0.003827 0.155000 0.089239
v 0.003827 0.085000 0.089239
v 0.000000 0.155000 0.090000
v 0.000000 0.085000 0.090000
v -0.003827 0.155000 0.089239
v -0.003827 0.085000 0.089239
v -0.007071 0.155000 0.087071
v -0.007071 0.085000 0.087071
v -0.009239 0.155000 0.083827
v -0.009239 0.085000 0.083827
v -0.010000 0.155000 0.080000
v -0.010000 0.085000 0.080000
v -0.009239 0.155000 0.076173
v -0.009239 0.085000 0.076173
v -0.007071 0.155000 0.072929
v -0.007071 0.085000 0.072929
v -0.003827 0.155000 0.070761
v -0.003827 0.085000 0.070761
v -0.000000 0.155000 0.070000
v -0.000000 0.085000 0.070000
v 0.003827 0.155000 0.070761
v 0.003827 0.085000 0.070761
v 0.007071 0.155000 0.072929
v 0.007071 0.085000 0.072929
v 0.009239 0.155000 0.076173
v 0.009239 0.085000 0.076173
v 0.000000 0.155000 0.080000
v 0.000000 0.085000 0.080000
v 0.010000 0.155000 0.080000
v 0.010000 0.085000 0.080000
v 0.009239 0.155000 0.083827
v 0.009239 0.085000 0.083827
v 0.007071 0.155000 0.087071
v 0.007071 0.085000 0.087071
v 0.003827 0.155000 0.089239
v 0.003827 0.085000 0.089239
v 0.000000 0.155000 0.090000
v 0.000000 0.085000 0.090000
v -0.003827 0.155000 0.089239
v -0.003827 0.085000 0.089239
v -0.007071 0.155000 0.087071
v -0.007071 0.085000 0.087071
v -0.009239 0.155000 0.083827
v -0.009239 0.085000 0.083827
v -0.010000 0.155000 0.080000
v -0.010000 0.085000 0.080000
v -0.009239 0.155000 0.076173
v -0.009239 0.085000 0.076173
v -0.007071 0.155000 0.072929
v -0.007071 0.085000 0.072929
v -0.003827 0.155000 0.070761
v -0.003827 0.085000 0.070761
v -0.000000 0.155000 0.070000
v -0.000000 0.085000 0.070000
v 0.003827 0.155000 0.070761
v 0.003827 0.085000 0.070761
v 0.007071 0.155000 0.072929
v 0.007071 0.085000 0.072929
v 0.009239 0.155000 0.076173
v 0.009239 0.085000 0.076173
v 0.016000 0.104000 0.080000
v 0.016000 0.086000 0.080000
v 0.008000 0.104000 0.093856
v 0.008000 0.086000 0.093856
v -0.008000 0.104000 0.093856
v -0.008000 0.086000 0.093856
v -0.016000 0.104000 0.080000
v -0.016000 0.086000 0.080000
v -0.008000 0.104000 0.066144
v -0.008000 0.086000 0.066144
v 0.008000 0.104000 0.066144
v 0.008000 0.086000 0.066144
v 0.000000 0.104000 0.080000
v 0.000000 0.086000 0.080000
v 0.016000 0.104000 0.080000
v 0.016000 0.086000 0.080000
v 0.008000 0.104000 0.093856
v 0.008000 0.086000 0.093856
v -0.008000 0.104000 0.093856
v -0.008000 0.086000 0.093856
v -0.016000 0.104000 0.080000
v -0.016000 0.086000 0.080000
v -0.008000 0.104000 0.066144
v -0.008000 0.086000 0.066144
v 0.008000 0.104000 0.066144
v 0.008000 0.086000 0.066144
v 0.077000 0.155000 0.080000
v 0.075794 0.159500 0.080000
v 0.072500 0.162794 0.080000
v 0.068000 0.164000 0.080000
v 0.063500 0.162794 0.080000
v 0.060206 0.159500 0.080000
v 0.059000 0.155000 0.080000
v 0.060206 0.150500 0.080000
v 0.063500 0.147206 0.080000
v 0.068000 0.146000 0.080000
v 0.072500 0.147206 0.080000
v 0.075794 0.150500 0.080000
v 0.074376 0.155000 0.099929
v 0.073212 0.159500 0.099617
v 0.070030 0.162794 0.098764
v 0.065683 0.164000 0.097600
v 0.061336 0.162794 0.096435
v 0.058154 0.159500 0.095582
v 0.056990 0.155000 0.095270
v 0.058154 0.150500 0.095582
v 0.061336 0.147206 0.096435
v 0.065683 0.146000 0.097600
v 0.070030 0.147206 0.098764
v 0.073212 0.150500 0.099617
v 0.066684 0.155000 0.118500
v 0.065640 0.159500 0.117897
v 0.062787 0.162794 0.116250
v 0.058890 0.164000 0.114000
v 0.054993 0.162794 0.111750
v 0.052140 0.159500 0.110103
v 0.051095 0.155000 0.109500
v 0.052140 0.150500 0.110103
v 0.054993 0.147206 0.111750
v 0.058890 0.146000 0.114000
v 0.062787 0.147206 0.116250
v 0.065640 0.150500 0.117897
v 0.054447 0.155000 0.134447
v 0.053595 0.159500 0.133595
v 0.051265 0.162794 0.131265
v 0.048083 0.164000 0.128083
v 0.044901 0.162794 0.124901
v 0.042572 0.159500 0.122572
v 0.041719 0.155000 0.121719
v 0.042572 0.150500 0.122572
v 0.044901 0.147206 0.124901
v 0.048083 0.146000 0.128083
v 0.051265 0.147206 0.131265
v 0.053595 0.150500 0.133595
v 0.038500 0.155000 0.146684
v 0.037897 0.159500 0.145640
v 0.036250 0.162794 0.142787
v 0.034000 0.164000 0.138890
v 0.031750 0.162794 0.134993
v 0.030103 0.159500 0.132140
v 0.029500 0.155000 0.131095
v 0.030103 0.150500 0.132140
v 0.031750 0.147206 0.134993
v 0.034000 0.146000 0.138890
v 0.036250 0.147206 0.142787
v 0.037897 0.150500 0.145640
v 0.019929 0.155000 0.154376
v 0.019617 0.159500 0.153212
v 0.018764 0.162794 0.150030
v 0.017600 0.164000 0.145683
v 0.016435 0.162794 0.141336
v 0.015582 0.159500 0.138154
v 0.015270 0.155000 0.136990
v 0.015582 0.150500 0.138154
v 0.016435 0.147206 0.141336
v 0.017600 0.146000 0.145683
v 0.018764 0.147206 0.150030
v 0.019617 0.150500 0.153212
v 0.000000 0.155000 0.157000
v 0.000000 0.159500 0.155794
v 0.000000 0.162794 0.152500
v 0.000000 0.164000 0.148000
v 0.000000 0.162794 0.143500
v 0.000000 0.159500 0.140206
v 0.000000 0.155000 0.139000
v 0.000000 0.150500 0.140206
v 0.000000 0.147206 0.143500
v 0.000000 0.146000 0.148000
v 0.000000 0.147206 0.152500
v 0.000000 0.150500 0.155794
v -0.019929 0.155000 0.154376
v -0.019617 0.159500 0.153212
v -0.018764 0.162794 0.150030
v -0.017600 0.164000 0.145683
v -0.016435 0.162794 0.141336
v -0.015582 0.159500 0.138154
v -0.015270 0.155000 0.136990
v -0.015582 0.150500 0.138154
v -0.016435 0.147206 0.141336
v -0.017600 0.146000 0.145683
v -0.018764 0.147206 0.150030
v -0.019617 0.150500 0.153212
v -0.038500 0.155000 0.146684
v -0.037897 0.159500 0.145640
v -0.036250 0.162794 0.142787
v -0.034000 0.164000 0.138890
v -0.031750 0.162794 0.134993
v -0.030103 0.159500 0.132140
v -0.029500 0.155000 0.131095
v -0.030103 0.150500 0.132140
v -0.031750 0.147206 0.134993
v -0.034000 0.146000 0.138890
v -0.036250 0.147206 0.142787
v -0.037897 0.150500 0.145640
v -0.054447 0.155000 0.134447
v -0.053595 0.159500 0.133595
v -0.051265 0.162794 0.131265
v -0.048083 0.164000 0.128083
v -0.044901 0.162794 0.124901
v -0.042572 0.159500 0.122572
v -0.041719 0.155000 0.121719
v -0.042572 0.150500 0.122572
v -0.044901 0.147206 0.124901
v -0.048083 0.146000 0.128083
v -0.051265 0.147206 0.131265
v -0.053595 0.150500 0.133595
v -0.066684 0.155000 0.118500
v -0.065640 0.159500 0.117897
v -0.062787 0.162794 0.116250
v -0.058890 0.164000 0.114000
v -0.054993 0.162794 0.111750
v -0.052140 0.159500 0.110103
v -0.051095 0.155000 0.109500
v -0.052140 0.150500 0.110103
v -0.054993 0.147206 0.111750
v -0.058890 0.146000 0.114000
v -0.062787 0.147206 0.116250
v -0.065640 0.150500 0.117897
v -0.074376 0.155000 0.099929
v -0.073212 0.159500 0.099617
v -0.070030 0.162794 0.098764
v -0.065683 0.164000 0.097600
v -0.061336 0.162794 0.096435
v -0.058154 0.159500 0.095582
v -0.056990 0.155000 0.095270
v -0.058154 0.150500 0.095582
v -0.061336 0.147206 0.096435
v -0.065683 0.146000 0.097600
v -0.070030 0.147206 0.098764
v -0.073212 0.150500 0.099617
v -0.077000 0.155000 0.080000
v -0.075794 0.159500 0.080000
v -0.072500 0.162794 0.080000
v -0.068000 0.164000 0.080000
v -0.063500 0.162794 0.080000
v -0.060206 0.159500 0.080000
v -0.059000 0.155000 0.080000
v -0.060206 0.150500 0.080000
v -0.063500 0.147206 0.080000
v -0.068000 0.146000 0.080000
v -0.072500 0.147206 0.080000
v -0.075794 0.150500 0.080000
v -0.074376 0.155000 0.060071
v -0.073212 0.159500 0.060383
v -0.070030 0.162794 0.061236
v -0.065683 0.164000 0.062400
v -0.061336 0.162794 0.063565
v -0.058154 0.159500 0.064418
v -0.056990 0.155000 0.064730
v -0.058154 0.150500 0.064418
v -0.061336 0.147206 0.063565
v -0.065683 0.146000 0.062400
v -0.070030 0.147206 0.061236
v -0.073212 0.150500 0.060383
v -0.066684 0.155000 0.041500
v -0.065640 0.159500 0.042103
v -0.062787 0.162794 0.043750
v -0.058890 0.164000 0.046000
v -0.054993 0.162794 0.048250
v -0.052140 0.159500 0.049897
v -0.051095 0.155000 0.050500
v -0.052140 0.150500 0.049897
v -0.054993 0.147206 0.048250
v -0.058890 0.146000 0.046000
v -0.062787 0.147206 0.043750
v -0.065640 0.150500 0.042103
v -0.054447 0.155000 0.025553
v -0.053595 0.159500 0.026405
v -0.051265 0.162794 0.028735
v -0.048083 0.164000 0.031917
v -0.044901 0.162794 0.035099
v -0.042572 0.159500 0.037428
v -0.041719 0.155000 0.038281
v -0.042572 0.150500 0.037428
v -0.044901 0.147206 0.035099
v -0.048083 0.146000 0.031917
v -0.051265 0.147206 0.028735
v -0.053595 0.150500 0.026405
v -0.038500 0.155000 0.013316
v -0.037897 0.159500 0.014360
v -0.036250 0.162794 0.017213
v -0.034000 0.164000 0.021110
v -0.031750 0.162794 0.025007
v -0.030103 0.159500 0.027860
v -0.029500 0.155000 0.028905
v -0.030103 0.150500 0.027860
v -0.031750 0.147206 0.025007
v -0.034000 0.146000 0.021110
v -0.036250 0.147206 0.017213
v -0.037897 0.150500 0.014360
v -0.019929 0.155000 0.005624
v -0.019617 0.159500 0.006788
v -0.018764 0.162794 0.009970
v -0.017600 0.164000 0.014317
v -0.016435 0.162794 0.018664
v -0.015582 0.159500 0.021846
v -0.015270 0.155000 0.023010
v -0.015582 0.150500 0.021846
v -0.016435 0.147206 0.018664
v -0.017600 0.146000 0.014317
v -0.018764 0.147206 0.009970
v -0.019617 0.150500 0.006788
v -0.000000 0.155000 0.003000
v -0.000000 0.159500 0.004206
v -0.000000 0.162794 0.007500
v -0.000000 0.164000 0.012000
v -0.000000 0.162794 0.016500
v -0.000000 0.159500 0.019794
v -0.000000 0.155000 0.021000
v -0.000000 0.150500 0.019794
v -0.000000 0.147206 0.016500
v -0.000000 0.146000 0.012000
v -0.000000 0.147206 0.007500
v -0.000000 0.150500 0.004206
v 0.019929 0.155000 0.005624
v 0.019617 0.159500 0.006788
v 0.018764 0.162794 0.009970
v 0.017600 0.164000 0.014317
v 0.016435 0.162794 0.018664
v 0.015582 0.159500 0.021846
v 0.015270 0.155000 0.023010
v 0.015582 0.150500 0.021846
v 0.016435 0.147206 0.018664
v 0.017600 0.146000 0.014317
v 0.018764 0.147206 0.009970
v 0.019617 0.150500 0.006788
v 0.038500 0.155000 0.013316
v 0.037897 0.159500 0.014360
v 0.036250 0.162794 0.017213
v 0.034000 0.164000 0.021110
v 0.031750 0.162794 0.025007
v 0.030103 0.159500 0.027860
v 0.029500 0.155000 0.028905
v 0.030103 0.150500 0.027860
v 0.031750 0.147206 0.025007
v 0.034000 0.146000 0.021110
v 0.036250 0.147206 0.017213
v 0.037897 0.150500 0.014360
v 0.054447 0.155000 0.025553
v 0.053595 0.159500 0.026405
v 0.051265 0.162794 0.028735
v 0.048083 0.164000 0.031917
v 0.044901 0.162794 0.035099
v 0.042572 0.159500 0.037428
v 0.041719 0.155000 0.038281
v 0.042572 0.150500 0.037428
v 0.044901 0.147206 0.035099
v 0.048083 0.146000 0.031917
v 0.051265 0.147206 0.028735
v 0.053595 0.150500 0.026405
v 0.066684 0.155000 0.041500
v 0.065640 0.159500 0.042103
v 0.062787 0.162794 0.043750
v 0.058890 0.164000 0.046000
v 0.054993 0.162794 0.048250
v 0.052140 0.159500 0.049897
v 0.051095 0.155000 0.050500
v 0.052140 0.150500 0.049897
v 0.054993 0.147206 0.048250
v 0.058890 0.146000 0.046000
v 0.062787 0.147206 0.043750
v 0.065640 0.150500 0.042103
v 0.074376 0.155000 0.060071
v 0.073212 0.159500 0.060383
v 0.070030 0.162794 0.061236
v 0.065683 0.164000 0.062400
v 0.061336 0.162794 0.063565
v 0.058154 0.159500 0.064418
v 0.056990 0.155000 0.064730
v 0.058154 0.150500 0.064418
v 0.061336 0.147206 0.063565
v 0.065683 0.146000 0.062400
v 0.070030 0.147206 0.061236
v 0.073212 0.150500 0.060383
v 0.016000 0.163000 0.080000
v 0.016000 0.147000 0.080000
v 0.013856 0.163000 0.088000
v 0.013856 0.147000 0.088000
v 0.008000 0.163000 0.093856
v 0.008000 0.147000 0.093856
v 0.000000 0.163000 0.096000
v 0.000000 0.147000 0.096000
v -0.008000 0.163000 0.093856
v -0.008000 0.147000 0.093856
v -0.013856 0.163000 0.088000
v -0.013856 0.147000 0.088000
v -0.016000 0.163000 0.080000
v -0.016000 0.147000 0.080000
v -0.013856 0.163000 0.072000
v -0.013856 0.147000 0.072000
v -0.008000 0.163000 0.066144
v -0.008000 0.147000 0.066144
v -0.000000 0.163000 0.064000
v -0.000000 0.147000 0.064000
v 0.008000 0.163000 0.066144
v 0.008000 0.147000 0.066144
v 0.013856 0.163000 0.072000
v 0.013856 0.147000 0.072000
v 0.000000 0.163000 0.080000
v 0.000000 0.147000 0.080000
v 0.016000 0.163000 0.080000
v 0.016000 0.147000 0.080000
v 0.013856 0.163000 0.088000
v 0.013856 0.147000 0.088000
v 0.008000 0.163000 0.093856
v 0.008000 0.147000 0.093856
v 0.000000 0.163000 0.096000
v 0.000000 0.147000 0.096000
v -0.008000 0.163000 0.093856
v -0.008000 0.147000 0.093856
v -0.013856 0.163000 0.088000
v -0.013856 0.147000 0.088000
v -0.016000 0.163000 0.080000
v -0.016000 0.147000 0.080000
v -0.013856 0.163000 0.072000
v -0.013856 0.147000 0.072000
v -0.008000 0.163000 0.066144
v -0.008000 0.147000 0.066144
v -0.000000 0.163000 0.064000
v -0.000000 0.147000 0.064000
v 0.008000 0.163000 0.066144
v 0.008000 0.147000 0.066144
v 0.013856 0.163000 0.072000
v 0.013856 0.147000 0.072000
v 0.040000 0.189000 0.080000
v 0.040000 0.121000 0.080000
v 0.038243 0.189000 0.084243
v 0.038243 0.121000 0.084243
v 0.034000 0.189000 0.086000
v 0.034000 0.121000 0.086000
v 0.029757 0.189000 0.084243
v 0.029757 0.121000 0.084243
v 0.028000 0.189000 0.080000
v 0.028000 0.121000 0.080000
v 0.029757 0.189000 0.075757
v 0.029757 0.121000 0.075757
v 0.034000 0.189000 0.074000
v 0.034000 0.121000 0.074000
v 0.038243 0.189000 0.075757
v 0.038243 0.121000 0.075757
v 0.034000 0.189000 0.080000
v 0.034000 0.121000 0.080000
v 0.040000 0.189000 0.080000
v 0.040000 0.121000 0.080000
v 0.038243 0.189000 0.084243
v 0.038243 0.121000 0.084243
v 0.034000 0.189000 0.086000
v 0.034000 0.121000 0.086000
v 0.029757 0.189000 0.084243
v 0.029757 0.121000 0.084243
v 0.028000 0.189000 0.080000
v 0.028000 0.121000 0.080000
v 0.029757 0.189000 0.075757
v 0.029757 0.121000 0.075757
v 0.034000 0.189000 0.074000
v 0.034000 0.121000 0.074000
v 0.038243 0.189000 0.075757
v 0.038243 0.121000 0.075757
v 0.016507 0.189000 0.112336
v 0.016507 0.121000 0.112336
v 0.014749 0.189000 0.116579
v 0.014749 0.121000 0.116579
v 0.010507 0.189000 0.118336
v 0.010507 0.121000 0.118336
v 0.006264 0.189000 0.116579
v 0.006264 0.121000 0.116579
v 0.004507 0.189000 0.112336
v 0.004507 0.121000 0.112336
v 0.006264 0.189000 0.108093
v 0.006264 0.121000 0.108093
v 0.010507 0.189000 0.106336
v 0.010507 0.121000 0.106336
v 0.014749 0.189000 0.108093
v 0.014749 0.121000 0.108093
v 0.010507 0.189000 0.112336
v 0.010507 0.121000 0.112336
v 0.016507 0.189000 0.112336
v 0.016507 0.121000 0.112336
v 0.014749 0.189000 0.116579
v 0.014749 0.121000 0.116579
v 0.010507 0.189000 0.118336
v 0.010507 0.121000 0.118336
v 0.006264 0.189000 0.116579
v 0.006264 0.121000 0.116579
v 0.004507 0.189000 0.112336
v 0.004507 0.121000 0.112336
v 0.006264 0.189000 0.108093
v 0.006264 0.121000 0.108093
v 0.010507 0.189000 0.106336
v 0.010507 0.121000 0.106336
v 0.014749 0.189000 0.108093
v 0.014749 0.121000 0.108093
v -0.021507 0.189000 0.099985
v -0.021507 0.121000 0.099985
v -0.023264 0.189000 0.104227
v -0.023264 0.121000 0.104227
v -0.027507 0.189000 0.105985
v -0.027507 0.121000 0.105985
v -0.031749 0.189000 0.104227
v -0.031749 0.121000 0.104227
v -0.033507 0.189000 0.099985
v -0.033507 0.121000 0.099985
v -0.031749 0.189000 0.095742
v -0.031749 0.121000 0.095742
v -0.027507 0.189000 0.093985
v -0.027507 0.121000 0.093985
v -0.023264 0.189000 0.095742
v -0.023264 0.121000 0.095742
v -0.027507 0.189000 0.099985
v -0.027507 0.121000 0.099985
v -0.021507 0.189000 0.099985
v -0.021507 0.121000 0.099985
v -0.023264 0.189000 0.104227
v -0.023264 0.121000 0.104227
v -0.027507 0.189000 0.105985
v -0.027507 0.121000 0.105985
v -0.031749 0.189000 0.104227
v -0.031749 0.121000 0.104227
v -0.033507 0.189000 0.099985
v -0.033507 0.121000 0.099985
v -0.031749 0.189000 0.095742
v -0.031749 0.121000 0.095742
v -0.027507 0.189000 0.093985
v -0.027507 0.121000 0.093985
v -0.023264 0.189000 0.095742
v -0.023264 0.121000 0.095742
v -0.021507 0.189000 0.060015
v -0.021507 0.121000 0.060015
v -0.023264 0.189000 0.064258
v -0.023264 0.121000 0.064258
v -0.027507 0.189000 0.066015
v -0.027507 0.121000 0.066015
v -0.031749 0.189000 0.064258
v -0.031749 0.121000 0.064258
v -0.033507 0.189000 0.060015
v -0.033507 0.121000 0.060015
v -0.031749 0.189000 0.055773
v -0.031749 0.121000 0.055773
v -0.027507 0.189000 0.054015
v -0.027507 0.121000 0.054015
v -0.023264 0.189000 0.055773
v -0.023264 0.121000 0.055773
v -0.027507 0.189000 0.060015
v -0.027507 0.121000 0.060015
v -0.021507 0.189000 0.060015
v -0.021507 0.121000 0.060015
v -0.023264 0.189000 0.064258
v -0.023264 0.121000 0.064258
v -0.027507 0.189000 0.066015
v -0.027507 0.121000 0.066015
v -0.031749 0.189000 0.064258
v -0.031749 0.121000 0.064258
v -0.033507 0.189000 0.060015
v -0.033507 0.121000 0.060015
v -0.031749 0.189000 0.055773
v -0.031749 0.121000 0.055773
v -0.027507 0.189000 0.054015
v -0.027507 0.121000 0.054015
v -0.023264 0.189000 0.055773
v -0.023264 0.121000 0.055773
v 0.016507 0.189000 0.047664
v 0.016507 0.121000 0.047664
v 0.014749 0.189000 0.051907
v 0.014749 0.121000 0.051907
v 0.010507 0.189000 0.053664
v 0.010507 0.121000 0.053664
v 0.006264 0.189000 0.051907
v 0.006264 0.121000 0.051907
v 0.004507 0.189000 0.047664
v 0.004507 0.121000 0.047664
v 0.006264 0.189000 0.043421
v 0.006264 0.121000 0.043421
v 0.010507 0.189000 0.041664
v 0.010507 0.121000 0.041664
v 0.014749 0.189000 0.043421
v 0.014749 0.121000 0.043421
v 0.010507 0.189000 0.047664
v 0.010507 0.121000 0.047664
v 0.016507 0.189000 0.047664
v 0.016507 0.121000 0.047664
v 0.014749 0.189000 0.051907
v 0.014749 0.121000 0.051907
v 0.010507 0.189000 0.053664
v 0.010507 0.121000 0.053664
v 0.006264 0.189000 0.051907
v 0.006264 0.121000 0.051907
v 0.004507 0.189000 0.047664
v 0.004507 0.121000 0.047664
v 0.006264 0.189000 0.043421
v 0.006264 0.121000 0.043421
v 0.010507 0.189000 0.041664
v 0.010507 0.121000 0.041664
v 0.014749 0.189000 0.043421
v 0.014749 0.121000 0.043421
vt 0.000000 1.000000
vt 0.000000 0.000000
vt 0.041667 1.000000
vt 0.041667 0.000000
vt 0.083333 1.000000
vt 0.083333 0.000000
vt 0.125000 1.000000
vt 0.125000 0.000000
vt 0.166667 1.000000
vt 0.166667 0.000000
vt 0.208333 1.000000
vt 0.208333 0.000000
vt 0.250000 1.000000
vt 0.250000 0.000000
vt 0.291667 1.000000
vt 0.291667 0.000000
vt 0.333333 1.000000
vt 0.333333 0.000000
vt 0.375000 1.000000
vt 0.375000 0.000000
vt 0.416667 1.000000
vt 0.416667 0.000000
vt 0.458333 1.000000
vt 0.458333 0.000000
vt 0.500000 1.000000
vt 0.500000 0.000000
vt 0.541667 1.000000
vt 0.541667 0.000000
vt 0.583333 1.000000
vt 0.583333 0.000000
vt 0.625000 1.000000
vt 0.625000 0.000000
vt 0.666667 1.000000
vt 0.666667 0.000000
vt 0.708333 1.000000
vt 0.708333 0.000000
vt 0.750000 1.000000
vt 0.750000 0.000000
vt 0.791667 1.000000
vt 0.791667 0.000000
vt 0.833333 1.000000
vt 0.833333 0.000000
vt 0.875000 1.000000
vt 0.875000 0.000000
vt 0.916667 1.000000
vt 0.916667 0.000000
vt 0.958333 1.000000
vt 0.958333 0.000000
vt 0.500000 0.500000
vt 0.500000 0.500000
vt 1.000000 0.500000
vt 1.000000 0.500000
vt 0.982963 0.629410
vt 0.982963 0.629410
vt 0.933013 0.750000
vt 0.933013 0.750000
vt 0.853553 0.853553
vt 0.853553 0.853553
vt 0.750000 0.933013
vt 0.750000 0.933013
vt 0.629410 0.982963
vt 0.629410 0.982963
vt 0.500000 1.000000
vt 0.500000 1.000000
vt 0.370590 0.982963
vt 0.370590 0.982963
vt 0.250000 0.933013
vt 0.250000 0.933013
vt 0.146447 0.853553
vt 0.146447 0.853553
vt 0.066987 0.750000
vt 0.066987 0.750000
vt 0.017037 0.629410
vt 0.017037 0.629410
vt 0.000000 0.500000
vt 0.000000 0.500000
vt 0.017037 0.370590
vt 0.017037 0.370590
vt 0.066987 0.250000
vt 0.066987 0.250000
vt 0.146447 0.146447
vt 0.146447 0.146447
vt 0.250000 0.066987
vt 0.250000 0.066987
vt 0.370590 0.017037
vt 0.370590 0.017037
vt 0.500000 0.000000
vt 0.500000 0.000000
vt 0.629410 0.017037
vt 0.629410 0.017037
vt 0.750000 0.066987
vt 0.750000 0.066987
vt 0.853553 0.146447
vt 0.853553 0.146447
vt 0.933013 0.250000
vt 0.933013 0.250000
vt 0.982963 0.370590
vt 0.982963 0.370590
vt 0.000000 1.000000
vt 0.000000 0.000000
vt 0.041667 1.000000
vt 0.041667 0.000000
vt 0.083333 1.000000
vt 0.083333 0.000000
vt 0.125000 1.000000
vt 0.125000 0.000000
vt 0.166667 1.000000
vt 0.166667 0.000000
vt 0.208333 1.000000
vt 0.208333 0.000000
vt 0.250000 1.000000
vt 0.250000 0.000000
vt 0.291667 1.000000
vt 0.291667 0.000000
vt 0.333333 1.000000
vt 0.333333 0.000000
vt 0.375000 1.000000
vt 0.375000 0.000000
vt 0.416667 1.000000
vt 0.416667 0.000000
vt 0.458333 1.000000
vt 0.458333 0.000000
vt 0.500000 1.000000
vt 0.500000 0.000000
vt 0.541667 1.000000
vt 0.541667 0.000000
vt 0.583333 1.000000
vt 0.583333 0.000000
vt 0.625000 1.000000
vt 0.625000 0.000000
vt 0.666667 1.000000
vt 0.666667 0.000000
vt 0.708333 1.000000
vt 0.708333 0.000000
vt 0.750000 1.000000
vt 0.750000 0.000000
vt 0.791667 1.000000
vt 0.791667 0.000000
vt 0.833333 1.000000
vt 0.833333 0.000000
vt 0.875000 1.000000
vt 0.875000 0.000000
vt 0.916667 1.000000
vt 0.916667 0.000000
vt 0.958333 1.000000
vt 0.958333 0.000000
vt 0.500000 0.500000
vt 0.500000 0.500000
vt 1.000000 0.500000
vt 1.000000 0.500000
vt 0.982963 0.629410
vt 0.982963 0.629410
vt 0.933013 0.750000
vt 0.933013 0.750000
vt 0.853553 0.853553
vt 0.853553 0.853553
vt 0.750000 0.933013
vt 0.750000 0.933013
vt 0.629410 0.982963
vt 0.629410 0.982963
vt 0.500000 1.000000
vt 0.500000 1.000000
vt 0.370590 0.982963
vt 0.370590 0.982963
vt 0.250000 0.933013
vt 0.250000 0.933013
vt 0.146447 0.853553
vt 0.146447 0.853553
vt 0.066987 0.750000
vt 0.066987 0.750000
vt 0.017037 0.629410
vt 0.017037 0.629410
vt 0.000000 0.500000
vt 0.000000 0.500000
vt 0.017037 0.370590
vt 0.017037 0.370590
vt 0.066987 0.250000
vt 0.066987 0.250000
vt 0.146447 0.146447
vt 0.146447 0.146447
vt 0.250000 0.066987
vt 0.250000 0.066987
vt 0.370590 0.017037
vt 0.370590 0.017037
vt 0.500000 0.000000
vt 0.500000 0.000000
vt 0.629410 0.017037
vt 0.629410 0.017037
vt 0.750000 0.066987
vt 0.750000 0.066987
vt 0.853553 0.146447
vt 0.853553 0.146447
vt 0.933013 0.250000
vt 0.933013 0.250000
vt 0.982963 0.370590
vt 0.982963 0.370590
vt 0.000000 1.000000
vt 0.000000 0.000000
vt 0.041667 1.000000
vt 0.041667 0.000000
vt 0.083333 1.000000
vt 0.083333 0.000000
vt 0.125000 1.000000
vt 0.125000 0.000000
vt 0.166667 1.000000
vt 0.166667 0.000000
vt 0.208333 1.000000
vt 0.208333 0.000000
vt 0.250000 1.000000
vt 0.250000 0.000000
vt 0.291667 1.000000
vt 0.291667 0.000000
vt 0.333333 1.000000
vt 0.333333 0.000000
vt 0.375000 1.000000
vt 0.375000 0.000000
vt 0.416667 1.000000
vt 0.416667 0.000000
vt 0.458333 1.000000
vt 0.458333 0.000000
vt 0.500000 1.000000
vt 0.500000 0.000000
vt 0.541667 1.000000
vt 0.541667 0.000000
vt 0.583333 1.000000
vt 0.583333 0.000000
vt 0.625000 1.000000
vt 0.625000 0.000000
vt 0.666667 1.000000
vt 0.666667 0.000000
vt 0.708333 1.000000
vt 0.708333 0.000000
vt 0.750000 1.000000
vt 0.750000 0.000000
vt 0.791667 1.000000
vt 0.791667 0.000000
vt 0.833333 1.000000
vt 0.833333 0.000000
vt 0.875000 1.000000
vt 0.875000 0.000000
vt 0.916667 1.000000
vt 0.916667 0.000000
vt 0.958333 1.000000
vt 0.958333 0.000000
vt 0.500000 0.500000
vt 0.500000 0.500000
vt 1.000000 0.500000
vt 1.000000 0.500000
vt 0.982963 0.629410
vt 0.982963 0.629410
vt 0.933013 0.750000
vt 0.933013 0.750000
vt 0.853553 0.853553
vt 0.853553 0.853553
vt 0.750000 0.933013
vt 0.750000 0.933013
vt 0.629410 0.982963
vt 0.629410 0.982963
vt 0.500000 1.000000
vt 0.500000 1.000000
vt 0.370590 0.982963
vt 0.370590 0.982963
vt 0.250000 0.933013
vt 0.250000 0.933013
vt 0.146447 0.853553
vt 0.146447 0.853553
vt 0.066987 0.750000
vt 0.066987 0.750000
vt 0.017037 0.629410
vt 0.017037 0.629410
vt 0.000000 0.500000
vt 0.000000 0.500000
vt 0.017037 0.370590
vt 0.017037 0.370590
vt 0.066987 0.250000
vt 0.066987 0.250000
vt 0.146447 0.146447
vt 0.146447 0.146447
vt 0.250000 0.066987
vt 0.250000 0.066987
vt 0.370590 0.017037
vt 0.370590 0.017037
vt 0.500000 0.000000
vt 0.500000 0.000000
vt 0.629410 0.017037
vt 0.629410 0.017037
vt 0.750000 0.066987
vt 0.750000 0.066987
vt 0.853553 0.146447
vt 0.853553 0.146447
vt 0.933013 0.250000
vt 0.933013 0.250000
vt 0.982963 0.370590
vt 0.982963 0.370590
vt 0.000000 1.000000
vt 0.000000 0.000000
vt 0.041667 1.000000
vt 0.041667 0.000000
vt 0.083333 1.000000
vt 0.083333 0.000000
vt 0.125000 1.000000
vt 0.125000 0.000000
vt 0.166667 1.000000
vt 0.166667 0.000000
vt 0.208333 1.000000
vt 0.208333 0.000000
vt 0.250000 1.000000
vt 0.250000 0.000000
vt 0.291667 1.000000
vt 0.291667 0.000000
vt 0.333333 1.000000
vt 0.333333 0.000000
vt 0.375000 1.000000
vt 0.375000 0.000000
vt 0.416667 1.000000
vt 0.416667 0.000000
vt 0.458333 1.000000
vt 0.458333 0.000000
vt 0.500000 1.000000
vt 0.500000 0.000000
vt 0.541667 1.000000
vt 0.541667 0.000000
vt 0.583333 1.000000
vt 0.583333 0.000000
vt 0.625000 1.000000
vt 0.625000 0.000000
vt 0.666667 1.000000
vt 0.666667 0.000000
vt 0.708333 1.000000
vt 0.708333 0.000000
vt 0.750000 1.000000
vt 0.750000 0.000000
vt 0.791667 1.000000
vt 0.791667 0.000000
vt 0.833333 1.000000
vt 0.833333 0.000000
vt 0.875000 1.000000
vt 0.875000 0.000000
vt 0.916667 1.000000
vt 0.916667 0.000000
vt 0.958333 1.000000
vt 0.958333 0.000000
vt 0.500000 0.500000
vt 0.500000 0.500000
vt 1.000000 0.500000
vt 1.000000 0.500000
vt 0.982963 0.629410
vt 0.982963 0.629410
vt 0.933013 0.750000
vt 0.933013 0.750000
vt 0.853553 0.853553
vt 0.853553 0.853553
vt 0.750000 0.933013
vt 0.750000 0.933013
vt 0.629410 0.982963
vt 0.629410 0.982963
vt 0.500000 1.000000
vt 0.500000 1.000000
vt 0.370590 0.982963
vt 0.370590 0.982963
vt 0.250000 0.933013
vt 0.250000 0.933013
vt 0.146447 0.853553
vt 0.146447 0.853553
vt 0.066987 0.750000
vt 0.066987 0.750000
vt 0.017037 0.629410
vt 0.017037 0.629410
vt 0.000000 0.500000
vt 0.000000 0.500000
vt 0.017037 0.370590
vt 0.017037 0.370590
vt 0.066987 0.250000
vt 0.066987 0.250000
vt 0.146447 0.146447
vt 0.146447 0.146447
vt 0.250000 0.066987
vt 0.250000 0.066987
vt 0.370590 0.017037
vt 0.370590 0.017037
vt 0.500000 0.000000
vt 0.500000 0.000000
vt 0.629410 0.017037
vt 0.629410 0.017037
vt 0.750000 0.066987
vt 0.750000 0.066987
vt 0.853553 0.146447
vt 0.853553 0.146447
vt 0.933013 0.250000
vt 0.933013 0.250000
vt 0.982963 0.370590
vt 0.982963 0.370590
vt 0.000000 1.000000
vt 0.000000 0.000000
vt 0.041667 1.000000
vt 0.041667 0.000000
vt 0.083333 1.000000
vt 0.083333 0.000000
vt 0.125000 1.000000
vt 0.125000 0.000000
vt 0.166667 1.000000
vt 0.166667 0.000000
vt 0.208333 1.000000
vt 0.208333 0.000000
vt 0.250000 1.000000
vt 0.250000 0.000000
vt 0.291667 1.000000
vt 0.291667 0.000000
vt 0.333333 1.000000
vt 0.333333 0.000000
vt 0.375000 1.000000
vt 0.375000 0.000000
vt 0.416667 1.000000
vt 0.416667 0.000000
vt 0.458333 1.000000
vt 0.458333 0.000000
vt 0.500000 1.000000
vt 0.500000 0.000000
vt 0.541667 1.000000
vt 0.541667 0.000000
vt 0.583333 1.000000
vt 0.583333 0.000000
vt 0.625000 1.000000
vt 0.625000 0.000000
vt 0.666667 1.000000
vt 0.666667 0.000000
vt 0.708333 1.000000
vt 0.708333 0.000000
vt 0.750000 1.000000
vt 0.750000 0.000000
vt 0.791667 1.000000
vt 0.791667 0.000000
vt 0.833333 1.000000
vt 0.833333 0.000000
vt 0.875000 1.000000
vt 0.875000 0.000000
vt 0.916667 1.000000
vt 0.916667 0.000000
vt 0.958333 1.000000
vt 0.958333 0.000000
vt 0.500000 0.500000
vt 0.500000 0.500000
vt 1.000000 0.500000
vt 1.000000 0.500000
vt 0.982963 0.629410
vt 0.982963 0.629410
vt 0.933013 0.750000
vt 0.933013 0.750000
vt 0.853553 0.853553
vt 0.853553 0.853553
vt 0.750000 0.933013
vt 0.750000 0.933013
vt 0.629410 0.982963
vt 0.629410 0.982963
vt 0.500000 1.000000
vt 0.500000 1.000000
vt 0.370590 0.982963
vt 0.370590 0.982963
vt 0.250000 0.933013
vt 0.250000 0.933013
vt 0.146447 0.853553
vt 0.146447 0.853553
vt 0.066987 0.750000
vt 0.066987 0.750000
vt 0.017037 0.629410
vt 0.017037 0.629410
vt 0.000000 0.500000
vt 0.000000 0.500000
vt 0.017037 0.370590
vt 0.017037 0.370590
vt 0.066987 0.250000
vt 0.066987 0.250000
vt 0.146447 0.146447
vt 0.146447 0.146447
vt 0.250000 0.066987
vt 0.250000 0.066987
vt 0.370590 0.017037
vt 0.370590 0.017037
vt 0.500000 0.000000
vt 0.500000 0.000000
vt 0.629410 0.017037
vt 0.629410 0.017037
vt 0.750000 0.066987
vt 0.750000 0.066987
vt 0.853553 0.146447
vt 0.853553 0.146447
vt 0.933013 0.250000
vt 0.933013 0.250000
vt 0.982963 0.370590
vt 0.982963 0.370590
vt 0.000000 1.000000
vt 0.000000 0.000000
vt 0.166667 1.000000
vt 0.166667 0.000000
vt 0.333333 1.000000
vt 0.333333 0.000000
vt 0.500000 1.000000
vt 0.500000 0.000000
vt 0.666667 1.000000
vt 0.666667 0.000000
vt 0.833333 1.000000
vt 0.833333 0.000000
vt 0.500000 0.500000
vt 0.500000 0.500000
vt 1.000000 0.500000
vt 1.000000 0.500000
vt 0.750000 0.933013
vt 0.750000 0.933013
vt 0.250000 0.933013
vt 0.250000 0.933013
vt 0.000000 0.500000
vt 0.000000 0.500000
vt 0.250000 0.066987
vt 0.250000 0.066987
vt 0.750000 0.066987
vt 0.750000 0.066987
vt 0.000000 1.000000
vt 0.000000 0.000000
vt 0.166667 1.000000
vt 0.166667 0.000000
vt 0.333333 1.000000
vt 0.333333 0.000000
vt 0.500000 1.000000
vt 0.500000 0.000000
vt 0.666667 1.000000
vt 0.666667 0.000000
vt 0.833333 1.000000
vt 0.833333 0.000000
vt 0.500000 0.500000
vt 0.500000 0.500000
vt 1.000000 0.500000
vt 1.000000 0.500000
vt 0.750000 0.933013
vt 0.750000 0.933013
vt 0.250000 0.933013
vt 0.250000 0.933013
vt 0.000000 0.500000
vt 0.000000 0.500000
vt 0.250000 0.066987
vt 0.250000 0.066987
vt 0.750000 0.066987
vt 0.750000 0.066987
vt 0.000000 1.000000
vt 0.000000 0.000000
vt 0.166667 1.000000
vt 0.166667 0.000000
vt 0.333333 1.000000
vt 0.333333 0.000000
vt 0.500000 1.000000
vt 0.500000 0.000000
vt 0.666667 1.000000
vt 0.666667 0.000000
vt 0.833333 1.000000
vt 0.833333 0.000000
vt 0.500000 0.500000
vt 0.500000 0.500000
vt 1.000000 0.500000
vt 1.000000 0.500000
vt 0.750000 0.933013
vt 0.750000 0.933013
vt 0.250000 0.933013
vt 0.250000 0.933013
vt 0.000000 0.500000
vt 0.000000 0.500000
vt 0.250000 0.066987
vt 0.250000 0.066987
vt 0.750000 0.066987
vt 0.750000 0.066987
vt 0.000000 1.000000
vt 0.000000 0.000000
vt 0.166667 1.000000
vt 0.166667 0.000000
vt 0.333333 1.000000
vt 0.333333 0.000000
vt 0.500000 1.000000
vt 0.500000 0.000000
vt 0.666667 1.000000
vt 0.666667 0.000000
vt 0.833333 1.000000
vt 0.833333 0.000000
vt 0.500000 0.500000
vt 0.500000 0.500000
vt 1.000000 0.500000
vt 1.000000 0.500000
vt 0.750000 0.933013
vt 0.750000 0.933013
vt 0.250000 0.933013
vt 0.250000 0.933013
vt 0.000000 0.500000
vt 0.000000 0.500000
vt 0.250000 0.066987
vt 0.250000 0.066987
vt 0.750000 0.066987
vt 0.750000 0.066987
vt 0.000000 1.000000
vt 0.000000 0.000000
vt 0.166667 1.000000
vt 0.166667 0.000000
vt 0.333333 1.000000
vt 0.333333 0.000000
vt 0.500000 1.000000
vt 0.500000 0.000000
vt 0.666667 1.000000
vt 0.666667 0.000000
vt 0.833333 1.000000
vt 0.833333 0.000000
vt 0.500000 0.500000
vt 0.500000 0.500000
vt 1.000000 0.500000
vt 1.000000 0.500000
vt 0.750000 0.933013
vt 0.750000 0.933013
vt 0.250000 0.933013
vt 0.250000 0.933013
vt 0.000000 0.500000
vt 0.000000 0.500000
vt 0.250000 0.066987
vt 0.250000 0.066987
vt 0.750000 0.066987
vt 0.750000 0.066987
vt 0.000000 1.000000
vt 0.000000 0.000000
vt 0.166667 1.000000
vt 0.166667 0.000000
vt 0.333333 1.000000
vt 0.333333 0.000000
vt 0.500000 1.000000
vt 0.500000 0.000000
vt 0.666667 1.000000
vt 0.666667 0.000000
vt 0.833333 1.000000
vt 0.833333 0.000000
vt 0.500000 0.500000
vt 0.500000 0.500000
vt 1.000000 0.500000
vt 1.000000 0.500000
vt 0.750000 0.933013
vt 0.750000 0.933013
vt 0.250000 0.933013
vt 0.250000 0.933013
vt 0.000000 0.500000
vt 0.000000 0.500000
vt 0.250000 0.066987
vt 0.250000 0.066987
vt 0.750000 0.066987
vt 0.750000 0.066987
vt 0.000000 1.000000
vt 0.000000 0.000000
vt 0.062500 1.000000
vt 0.062500 0.000000
vt 0.125000 1.000000
vt 0.125000 0.000000
vt 0.187500 1.000000
vt 0.187500 0.000000
vt 0.250000 1.000000
vt 0.250000 0.000000
vt 0.312500 1.000000
vt 0.312500 0.000000
vt 0.375000 1.000000
vt 0.375000 0.000000
vt 0.437500 1.000000
vt 0.437500 0.000000
vt 0.500000 1.000000
vt 0.500000 0.000000
vt 0.562500 1.000000
vt 0.562500 0.000000
vt 0.625000 1.000000
vt 0.625000 0.000000
vt 0.687500 1.000000
vt 0.687500 0.000000
vt 0.750000 1.000000
vt 0.750000 0.000000
vt 0.812500 1.000000
vt 0.812500 0.000000
vt 0.875000 1.000000
vt 0.875000 0.000000
vt 0.937500 1.000000
vt 0.937500 0.000000
vt 0.500000 0.500000
vt 0.500000 0.500000
vt 1.000000 0.500000
vt 1.000000 0.500000
vt 0.961940 0.691342
vt 0.961940 0.691342
vt 0.853553 0.853553
vt 0.853553 0.853553
vt 0.691342 0.961940
vt 0.691342 0.961940
vt 0.500000 1.000000
vt 0.500000 1.000000
vt 0.308658 0.961940
vt 0.308658 0.961940
vt 0.146447 0.853553
vt 0.146447 0.853553
vt 0.038060 0.691342
vt 0.038060 0.691342
vt 0.000000 0.500000
vt 0.000000 0.500000
vt 0.038060 0.308658
vt 0.038060 0.308658
vt 0.146447 0.146447
vt 0.146447 0.146447
vt 0.308658 0.038060
vt 0.308658 0.038060
vt 0.500000 0.000000
vt 0.500000 0.000000
vt 0.691342 0.038060
vt 0.691342 0.038060
vt 0.853553 0.146447
vt 0.853553 0.146447
vt 0.961940 0.308658
vt 0.961940 0.308658
vt 0.000000 1.000000
vt 0.000000 0.000000
vt 0.166667 1.000000
vt 0.166667 0.000000
vt 0.333333 1.000000
vt 0.333333 0.000000
vt 0.500000 1.000000
vt 0.500000 0.000000
vt 0.666667 1.000000
vt 0.666667 0.000000
vt 0.833333 1.000000
vt 0.833333 0.000000
vt 0.500000 0.500000
vt 0.500000 0.500000
vt 1.000000 0.500000
vt 1.000000 0.500000
vt 0.750000 0.933013
vt 0.750000 0.933013
vt 0.250000 0.933013
vt 0.250000 0.933013
vt 0.000000 0.500000
vt 0.000000 0.500000
vt 0.250000 0.066987
vt 0.250000 0.066987
vt 0.750000 0.066987
vt 0.750000 0.066987
vt 0.000000 0.000000
vt 0.000000 0.083333
vt 0.000000 0.166667
vt 0.000000 0.250000
vt 0.000000 0.333333
vt 0.000000 0.416667
vt 0.000000 0.500000
vt 0.000000 0.583333
vt 0.000000 0.666667
vt 0.000000 0.750000
vt 0.000000 0.833333
vt 0.000000 0.916667
vt 0.041667 0.000000
vt 0.041667 0.083333
vt 0.041667 0.166667
vt 0.041667 0.250000
vt 0.041667 0.333333
vt 0.041667 0.416667
vt 0.041667 0.500000
vt 0.041667 0.583333
vt 0.041667 0.666667
vt 0.041667 0.750000
vt 0.041667 0.833333
vt 0.041667 0.916667
vt 0.083333 0.000000
vt 0.083333 0.083333
vt 0.083333 0.166667
vt 0.083333 0.250000
vt 0.083333 0.333333
vt 0.083333 0.416667
vt 0.083333 0.500000
vt 0.083333 0.583333
vt 0.083333 0.666667
vt 0.083333 0.750000
vt 0.083333 0.833333
vt 0.083333 0.916667
vt 0.125000 0.000000
vt 0.125000 0.083333
vt 0.125000 0.166667
vt 0.125000 0.250000
vt 0.125000 0.333333
vt 0.125000 0.416667
vt 0.125000 0.500000
vt 0.125000 0.583333
vt 0.125000 0.666667
vt 0.125000 0.750000
vt 0.125000 0.833333
vt 0.125000 0.916667
vt 0.166667 0.000000
vt 0.166667 0.083333
vt 0.166667 0.166667
vt 0.166667 0.250000
vt 0.166667 0.333333
vt 0.166667 0.416667
vt 0.166667 0.500000
vt 0.166667 0.583333
vt 0.166667 0.666667
vt 0.166667 0.750000
vt 0.166667 0.833333
vt 0.166667 0.916667
vt 0.208333 0.000000
vt 0.208333 0.083333
vt 0.208333 0.166667
vt 0.208333 0.250000
vt 0.208333 0.333333
vt 0.208333 0.416667
vt 0.208333 0.500000
vt 0.208333 0.583333
vt 0.208333 0.666667
vt 0.208333 0.750000
vt 0.208333 0.833333
vt 0.208333 0.916667
vt 0.250000 0.000000
vt 0.250000 0.083333
vt 0.250000 0.166667
vt 0.250000 0.250000
vt 0.250000 0.333333
vt 0.250000 0.416667
vt 0.250000 0.500000
vt 0.250000 0.583333
vt 0.250000 0.666667
vt 0.250000 0.750000
vt 0.250000 0.833333
vt 0.250000 0.916667
vt 0.291667 0.000000
vt 0.291667 0.083333
vt 0.291667 0.166667
vt 0.291667 0.250000
vt 0.291667 0.333333
vt 0.291667 0.416667
vt 0.291667 0.500000
vt 0.291667 0.583333
vt 0.291667 0.666667
vt 0.291667 0.750000
vt 0.291667 0.833333
vt 0.291667 0.916667
vt 0.333333 0.000000
vt 0.333333 0.083333
vt 0.333333 0.166667
vt 0.333333 0.250000
vt 0.333333 0.333333
vt 0.333333 0.416667
vt 0.333333 0.500000
vt 0.333333 0.583333
vt 0.333333 0.666667
vt 0.333333 0.750000
vt 0.333333 0.833333
vt 0.333333 0.916667
vt 0.375000 0.000000
vt 0.375000 0.083333
vt 0.375000 0.166667
vt 0.375000 0.250000
vt 0.375000 0.333333
vt 0.375000 0.416667
vt 0.375000 0.500000
vt 0.375000 0.583333
vt 0.375000 0.666667
vt 0.375000 0.750000
vt 0.375000 0.833333
vt 0.375000 0.916667
vt 0.416667 0.000000
vt 0.416667 0.083333
vt 0.416667 0.166667
vt 0.416667 0.250000
vt 0.416667 0.333333
vt 0.416667 0.416667
vt 0.416667 0.500000
vt 0.416667 0.583333
vt 0.416667 0.666667
vt 0.416667 0.750000
vt 0.416667 0.833333
vt 0.416667 0.916667
vt 0.458333 0.000000
vt 0.458333 0.083333
vt 0.458333 0.166667
vt 0.458333 0.250000
vt 0.458333 0.333333
vt 0.458333 0.416667
vt 0.458333 0.500000
vt 0.458333 0.583333
vt 0.458333 0.666667
vt 0.458333 0.750000
vt 0.458333 0.833333
vt 0.458333 0.916667
vt 0.500000 0.000000
vt 0.500000 0.083333
vt 0.500000 0.166667
vt 0.500000 0.250000
vt 0.500000 0.333333
vt 0.500000 0.416667
vt 0.500000 0.500000
vt 0.500000 0.583333
vt 0.500000 0.666667
vt 0.500000 0.750000
vt 0.500000 0.833333
vt 0.500000 0.916667
vt 0.541667 0.000000
vt 0.541667 0.083333
vt 0.541667 0.166667
vt 0.541667 0.250000
vt 0.541667 0.333333
vt 0.541667 0.416667
vt 0.541667 0.500000
vt 0.541667 0.583333
vt 0.541667 0.666667
vt 0.541667 0.750000
vt 0.541667 0.833333
vt 0.541667 0.916667
vt 0.583333 0.000000
vt 0.583333 0.083333
vt 0.583333 0.166667
vt 0.583333 0.250000
vt 0.583333 0.333333
vt 0.583333 0.416667
vt 0.583333 0.500000
vt 0.583333 0.583333
vt 0.583333 0.666667
vt 0.583333 0.750000
vt 0.583333 0.833333
vt 0.583333 0.916667
vt 0.625000 0.000000
vt 0.625000 0.083333
vt 0.625000 0.166667
vt 0.625000 0.250000
vt 0.625000 0.333333
vt 0.625000 0.416667
vt 0.625000 0.500000
vt 0.625000 0.583333
vt 0.625000 0.666667
vt 0.625000 0.750000
vt 0.625000 0.833333
vt 0.625000 0.916667
vt 0.666667 0.000000
vt 0.666667 0.083333
vt 0.666667 0.166667
vt 0.666667 0.250000
vt 0.666667 0.333333
vt 0.666667 0.416667
vt 0.666667 0.500000
vt 0.666667 0.583333
vt 0.666667 0.666667
vt 0.666667 0.750000
vt 0.666667 0.833333
vt 0.666667 0.916667
vt 0.708333 0.000000
vt 0.708333 0.083333
vt 0.708333 0.166667
vt 0.708333 0.250000
vt 0.708333 0.333333
vt 0.708333 0.416667
vt 0.708333 0.500000
vt 0.708333 0.583333
vt 0.708333 0.666667
vt 0.708333 0.750000
vt 0.708333 0.833333
vt 0.708333 0.916667
vt 0.750000 0.000000
vt 0.750000 0.083333
vt 0.750000 0.166667
vt 0.750000 0.250000
vt 0.750000 0.333333
vt 0.750000 0.416667
vt 0.750000 0.500000
vt 0.750000 0.583333
vt 0.750000 0.666667
vt 0.750000 0.750000
vt 0.750000 0.833333
vt 0.750000 0.916667
vt 0.791667 0.000000
vt 0.791667 0.083333
vt 0.791667 0.166667
vt 0.791667 0.250000
vt 0.791667 0.333333
vt 0.791667 0.416667
vt 0.791667 0.500000
vt 0.791667 0.583333
vt 0.791667 0.666667
vt 0.791667 0.750000
vt 0.791667 0.833333
vt 0.791667 0.916667
vt 0.833333 0.000000
vt 0.833333 0.083333
vt 0.833333 0.166667
vt 0.833333 0.250000
vt 0.833333 0.333333
vt 0.833333 0.416667
vt 0.833333 0.500000
vt 0.833333 0.583333
vt 0.833333 0.666667
vt 0.833333 0.750000
vt 0.833333 0.833333
vt 0.833333 0.916667
vt 0.875000 0.000000
vt 0.875000 0.083333
vt 0.875000 0.166667
vt 0.875000 0.250000
vt 0.875000 0.333333
vt 0.875000 0.416667
vt 0.875000 0.500000
vt 0.875000 0.583333
vt 0.875000 0.666667
vt 0.875000 0.750000
vt 0.875000 0.833333
vt 0.875000 0.916667
vt 0.916667 0.000000
vt 0.916667 0.083333
vt 0.916667 0.166667
vt 0.916667 0.250000
vt 0.916667 0.333333
vt 0.916667 0.416667
vt 0.916667 0.500000
vt 0.916667 0.583333
vt 0.916667 0.666667
vt 0.916667 0.750000
vt 0.916667 0.833333
vt 0.916667 0.916667
vt 0.958333 0.000000
vt 0.958333 0.083333
vt 0.958333 0.166667
vt 0.958333 0.250000
vt 0.958333 0.333333
vt 0.958333 0.416667
vt 0.958333 0.500000
vt 0.958333 0.583333
vt 0.958333 0.666667
vt 0.958333 0.750000
vt 0.958333 0.833333
vt 0.958333 0.916667
vt 0.000000 1.000000
vt 0.000000 0.000000
vt 0.083333 1.000000
vt 0.083333 0.000000
vt 0.166667 1.000000
vt 0.166667 0.000000
vt 0.250000 1.000000
vt 0.250000 0.000000
vt 0.333333 1.000000
vt 0.333333 0.000000
vt 0.416667 1.000000
vt 0.416667 0.000000
vt 0.500000 1.000000
vt 0.500000 0.000000
vt 0.583333 1.000000
vt 0.583333 0.000000
vt 0.666667 1.000000
vt 0.666667 0.000000
vt 0.750000 1.000000
vt 0.750000 0.000000
vt 0.833333 1.000000
vt 0.833333 0.000000
vt 0.916667 1.000000
vt 0.916667 0.000000
vt 0.500000 0.500000
vt 0.500000 0.500000
vt 1.000000 0.500000
vt 1.000000 0.500000
vt 0.933013 0.750000
vt 0.933013 0.750000
vt 0.750000 0.933013
vt 0.750000 0.933013
vt 0.500000 1.000000
vt 0.500000 1.000000
vt 0.250000 0.933013
vt 0.250000 0.933013
vt 0.066987 0.750000
vt 0.066987 0.750000
vt 0.000000 0.500000
vt 0.000000 0.500000
vt 0.066987 0.250000
vt 0.066987 0.250000
vt 0.250000 0.066987
vt 0.250000 0.066987
vt 0.500000 0.000000
vt 0.500000 0.000000
vt 0.750000 0.066987
vt 0.750000 0.066987
vt 0.933013 0.250000
vt 0.933013 0.250000
vt 0.000000 1.000000
vt 0.000000 0.000000
vt 0.125000 1.000000
vt 0.125000 0.000000
vt 0.250000 1.000000
vt 0.250000 0.000000
vt 0.375000 1.000000
vt 0.375000 0.000000
vt 0.500000 1.000000
vt 0.500000 0.000000
vt 0.625000 1.000000
vt 0.625000 0.000000
vt 0.750000 1.000000
vt 0.750000 0.000000
vt 0.875000 1.000000
vt 0.875000 0.000000
vt 0.500000 0.500000
vt 0.500000 0.500000
vt 1.000000 0.500000
vt 1.000000 0.500000
vt 0.853553 0.853553
vt 0.853553 0.853553
vt 0.500000 1.000000
vt 0.500000 1.000000
vt 0.146447 0.853553
vt 0.146447 0.853553
vt 0.000000 0.500000
vt 0.000000 0.500000
vt 0.146447 0.146447
vt 0.146447 0.146447
vt 0.500000 0.000000
vt 0.500000 0.000000
vt 0.853553 0.146447
vt 0.853553 0.146447
vt 0.000000 1.000000
vt 0.000000 0.000000
vt 0.125000 1.000000
vt 0.125000 0.000000
vt 0.250000 1.000000
vt 0.250000 0.000000
vt 0.375000 1.000000
vt 0.375000 0.000000
vt 0.500000 1.000000
vt 0.500000 0.000000
vt 0.625000 1.000000
vt 0.625000 0.000000
vt 0.750000 1.000000
vt 0.750000 0.000000
vt 0.875000 1.000000
vt 0.875000 0.000000
vt 0.500000 0.500000
vt 0.500000 0.500000
vt 1.000000 0.500000
vt 1.000000 0.500000
vt 0.853553 0.853553
vt 0.853553 0.853553
vt 0.500000 1.000000
vt 0.500000 1.000000
vt 0.146447 0.853553
vt 0.146447 0.853553
vt 0.000000 0.500000
vt 0.000000 0.500000
vt 0.146447 0.146447
vt 0.146447 0.146447
vt 0.500000 0.000000
vt 0.500000 0.000000
vt 0.853553 0.146447
vt 0.853553 0.146447
vt 0.000000 1.000000
vt 0.000000 0.000000
vt 0.125000 1.000000
vt 0.125000 0.000000
vt 0.250000 1.000000
vt 0.250000 0.000000
vt 0.375000 1.000000
vt 0.375000 0.000000
vt 0.500000 1.000000
vt 0.500000 0.000000
vt 0.625000 1.000000
vt 0.625000 0.000000
vt 0.750000 1.000000
vt 0.750000 0.000000
vt 0.875000 1.000000
vt 0.875000 0.000000
vt 0.500000 0.500000
vt 0.500000 0.500000
vt 1.000000 0.500000
vt 1.000000 0.500000
vt 0.853553 0.853553
vt 0.853553 0.853553
vt 0.500000 1.000000
vt 0.500000 1.000000
vt 0.146447 0.853553
vt 0.146447 0.853553
vt 0.000000 0.500000
vt 0.000000 0.500000
vt 0.146447 0.146447
vt 0.146447 0.146447
vt 0.500000 0.000000
vt 0.500000 0.000000
vt 0.853553 0.146447
vt 0.853553 0.146447
vt 0.000000 1.000000
vt 0.000000 0.000000
vt 0.125000 1.000000
vt 0.125000 0.000000
vt 0.250000 1.000000
vt 0.250000 0.000000
vt 0.375000 1.000000
vt 0.375000 0.000000
vt 0.500000 1.000000
vt 0.500000 0.000000
vt 0.625000 1.000000
vt 0.625000 0.000000
vt 0.750000 1.000000
vt 0.750000 0.000000
vt 0.875000 1.000000
vt 0.875000 0.000000
vt 0.500000 0.500000
vt 0.500000 0.500000
vt 1.000000 0.500000
vt 1.000000 0.500000
vt 0.853553 0.853553
vt 0.853553 0.853553
vt 0.500000 1.000000
vt 0.500000 1.000000
vt 0.146447 0.853553
vt 0.146447 0.853553
vt 0.000000 0.500000
vt 0.000000 0.500000
vt 0.146447 0.146447
vt 0.146447 0.146447
vt 0.500000 0.000000
vt 0.500000 0.000000
vt 0.853553 0.146447
vt 0.853553 0.146447
vt 0.000000 1.000000
vt 0.000000 0.000000
vt 0.125000 1.000000
vt 0.125000 0.000000
vt 0.250000 1.000000
vt 0.250000 0.000000
vt 0.375000 1.000000
vt 0.375000 0.000000
vt 0.500000 1.000000
vt 0.500000 0.000000
vt 0.625000 1.000000
vt 0.625000 0.000000
vt 0.750000 1.000000
vt 0.750000 0.000000
vt 0.875000 1.000000
vt 0.875000 0.000000
vt 0.500000 0.500000
vt 0.500000 0.500000
vt 1.000000 0.500000
vt 1.000000 0.500000
vt 0.853553 0.853553
vt 0.853553 0.853553
vt 0.500000 1.000000
vt 0.500000 1.000000
vt 0.146447 0.853553
vt 0.146447 0.853553
vt 0.000000 0.500000
vt 0.000000 0.500000
vt 0.146447 0.146447
vt 0.146447 0.146447
vt 0.500000 0.000000
vt 0.500000 0.000000
vt 0.853553 0.146447
vt 0.853553 0.146447
vn 1.000000 0.000000 0.000000
vn 1.000000 0.000000 0.000000
vn 0.965926 0.258819 0.000000
vn 0.965926 0.258819 0.000000
vn 0.866025 0.500000 0.000000
vn 0.866025 0.500000 0.000000
vn 0.707107 0.707107 0.000000
vn 0.707107 0.707107 0.000000
vn 0.500000 0.866025 0.000000
vn 0.500000 0.866025 0.000000
vn 0.258819 0.965926 0.000000
vn 0.258819 0.965926 0.000000
vn 0.000000 1.000000 0.000000
vn 0.000000 1.000000 0.000000
vn -0.258819 0.965926 0.000000
vn -0.258819 0.965926 0.000000
vn -0.500000 0.866025 0.000000
vn -0.500000 0.866025 0.000000
vn -0.707107 0.707107 0.000000
vn -0.707107 0.707107 0.000000
vn -0.866025 0.500000 0.000000
vn -0.866025 0.500000 0.000000
vn -0.965926 0.258819 0.000000
vn -0.965926 0.258819 0.000000
vn -1.000000 0.000000 0.000000
vn -1.000000 0.000000 0.000000
vn -0.965926 -0.258819 0.000000
vn -0.965926 -0.258819 0.000000
vn -0.866025 -0.500000 0.000000
vn -0.866025 -0.500000 0.000000
vn -0.707107 -0.707107 0.000000
vn -0.707107 -0.707107 0.000000
vn -0.500000 -0.866025 0.000000
vn -0.500000 -0.866025 0.000000
vn -0.258819 -0.965926 0.000000
vn -0.258819 -0.965926 0.000000
vn -0.000000 -1.000000 0.000000
vn -0.000000 -1.000000 0.000000
vn 0.258819 -0.965926 0.000000
vn 0.258819 -0.965926 0.000000
vn 0.500000 -0.866025 0.000000
vn 0.500000 -0.866025 0.000000
vn 0.707107 -0.707107 0.000000
vn 0.707107 -0.707107 0.000000
vn 0.866025 -0.500000 0.000000
vn 0.866025 -0.500000 0.000000
vn 0.965926 -0.258819 0.000000
vn 0.965926 -0.258819 0.000000
vn 0.000000 0.000000 1.000000
vn 0.000000 0.000000 -1.000000
vn 0.000000 0.000000 1.000000
vn 0.000000 0.000000 -1.000000
vn 0.000000 0.000000 1.000000
vn 0.000000 0.000000 -1.000000
vn 0.000000 0.000000 1.000000
vn 0.000000 0.000000 -1.000000
vn 0.000000 0.000000 1.000000
vn 0.000000 0.000000 -1.000000
vn 0.000000 0.000000 1.000000
vn 0.000000 0.000000 -1.000000
vn 0.000000 0.000000 1.000000
vn 0.000000 0.000000 -1.000000
vn 0.000000 0.000000 1.000000
vn 0.000000 0.000000 -1.000000
vn 0.000000 0.000000 1.000000
vn 0.000000 0.000000 -1.000000
vn 0.000000 0.000000 1.000000
vn 0.000000 0.000000 -1.000000
vn 0.000000 0.000000 1.000000
vn 0.000000 0.000000 -1.000000
vn 0.000000 0.000000 1.000000
vn 0.000000 0.000000 -1.000000
vn 0.000000 0.000000 1.000000
vn 0.000000 0.000000 -1.000000
vn 0.000000 0.000000 1.000000
vn 0.000000 0.000000 -1.000000
vn 0.000000 0.000000 1.000000
vn 0.000000 0.000000 -1.000000
vn 0.000000 0.000000 1.000000
vn 0.000000 0.000000 -1.000000
vn 0.000000 0.000000 1.000000
vn 0.000000 0.000000 -1.000000
vn 0.000000 0.000000 1.000000
vn 0.000000 0.000000 -1.000000
vn 0.000000 0.000000 1.000000
vn 0.000000 0.000000 -1.000000
vn 0.000000 0.000000 1.000000
vn 0.000000 0.000000 -1.000000
vn 0.000000 0.000000 1.000000
vn 0.000000 0.000000 -1.000000
vn 0.000000 0.000000 1.000000
vn 0.000000 0.000000 -1.000000
vn 0.000000 0.000000 1.000000
vn 0.000000 0.000000 -1.000000
vn 0.000000 0.000000 1.000000
vn 0.000000 0.000000 -1.000000
vn 0.000000 0.000000 1.000000
vn 0.000000 0.000000 -1.000000
vn 1.000000 0.000000 0.000000
vn 1.000000 0.000000 0.000000
vn 0.965926 0.000000 0.258819
vn 0.965926 0.000000 0.258819
vn 0.866025 0.000000 0.500000
vn 0.866025 0.000000 0.500000
vn 0.707107 0.000000 0.707107
vn 0.707107 0.000000 0.707107
vn 0.500000 0.000000 0.866025
vn 0.500000 0.000000 0.866025
vn 0.258819 0.000000 0.965926
vn 0.258819 0.000000 0.965926
vn 0.000000 0.000000 1.000000
vn 0.000000 0.000000 1.000000
vn -0.258819 0.000000 0.965926
vn -0.258819 0.000000 0.965926
vn -0.500000 0.000000 0.866025
vn -0.500000 0.000000 0.866025
vn -0.707107 0.000000 0.707107
vn -0.707107 0.000000 0.707107
vn -0.866025 0.000000 0.500000
vn -0.866025 0.000000 0.500000
vn -0.965926 0.000000 0.258819
vn -0.965926 0.000000 0.258819
vn -1.000000 0.000000 0.000000
vn -1.000000 0.000000 0.000000
vn -0.965926 0.000000 -0.258819
vn -0.965926 0.000000 -0.258819
vn -0.866025 0.000000 -0.500000
vn -0.866025 0.000000 -0.500000
vn -0.707107 0.000000 -0.707107
vn -0.707107 0.000000 -0.707107
vn -0.500000 0.000000 -0.866025
vn -0.500000 0.000000 -0.866025
vn -0.258819 0.000000 -0.965926
vn -0.258819 0.000000 -0.965926
vn -0.000000 0.000000 -1.000000
vn -0.000000 0.000000 -1.000000
vn 0.258819 0.000000 -0.965926
vn 0.258819 0.000000 -0.965926
vn 0.500000 0.000000 -0.866025
vn 0.500000 0.000000 -0.866025
vn 0.707107 0.000000 -0.707107
vn 0.707107 0.000000 -0.707107
vn 0.866025 0.000000 -0.500000
vn 0.866025 0.000000 -0.500000
vn 0.965926 0.000000 -0.258819
vn 0.965926 0.000000 -0.258819
vn 0.000000 1.000000 0.000000
vn 0.000000 -1.000000 0.000000
vn 0.000000 1.000000 0.000000
vn 0.000000 -1.000000 0.000000
vn 0.000000 1.000000 0.000000
vn 0.000000 -1.000000 0.000000
vn 0.000000 1.000000 0.000000
vn 0.000000 -1.000000 0.000000
vn 0.000000 1.000000 0.000000
vn 0.000000 -1.000000 0.000000
vn 0.000000 1.000000 0.000000
vn 0.000000 -1.000000 0.000000
vn 0.000000 1.000000 0.000000
vn 0.000000 -1.000000 0.000000
vn 0.000000 1.000000 0.000000
vn 0.000000 -1.000000 0.000000
vn 0.000000 1.000000 0.000000
vn 0.000000 -1.000000 0.000000
vn 0.000000 1.000000 0.000000
vn 0.000000 -1.000000 0.000000
vn 0.000000 1.000000 0.000000
vn 0.000000 -1.000000 0.000000
vn 0.000000 1.000000 0.000000
vn 0.000000 -1.000000 0.000000
vn 0.000000 1.000000 0.000000
vn 0.000000 -1.000000 0.000000
vn 0.000000 1.000000 0.000000
vn 0.000000 -1.000000 0.000000
vn 0.000000 1.000000 0.000000
vn 0.000000 -1.000000 0.000000
vn 0.000000 1.000000 0.000000
vn 0.000000 -1.000000 0.000000
vn 0.000000 1.000000 0.000000
vn 0.000000 -1.000000 0.000000
vn 0.000000 1.000000 0.000000
vn 0.000000 -1.000000 0.000000
vn 0.000000 1.000000 0.000000
vn 0.000000 -1.000000 0.000000
vn 0.000000 1.000000 0.000000
vn 0.000000 -1.000000 0.000000
vn 0.000000 1.000000 0.000000
vn 0.000000 -1.000000 0.000000
vn 0.000000 1.000000 0.000000
vn 0.000000 -1.000000 0.000000
vn 0.000000 1.000000 0.000000
vn 0.000000 -1.000000 0.000000
vn 0.000000 1.000000 0.000000
vn 0.000000 -1.000000 0.000000
vn 0.000000 1.000000 0.000000
vn 0.000000 -1.000000 0.000000
vn 1.000000 0.000000 0.000000
vn 1.000000 0.000000 0.000000
vn 0.965926 0.258819 0.000000
vn 0.965926 0.258819 0.000000
vn 0.866025 0.500000 0.000000
vn 0.866025 0.500000 0.000000
vn 0.707107 0.707107 0.000000
vn 0.707107 0.707107 0.000000
vn 0.500000 0.866025 0.000000
vn 0.500000 0.866025 0.000000
vn 0.258819 0.965926 0.000000
vn 0.258819 0.965926 0.000000
vn 0.000000 1.000000 0.000000
vn 0.000000 1.000000 0.000000
vn -0.258819 0.965926 0.000000
vn -0.258819 0.965926 0.000000
vn -0.500000 0.866025 0.000000
vn -0.500000 0.866025 0.000000
vn -0.707107 0.707107 0.000000
vn -0.707107 0.707107 0.000000
vn -0.866025 0.500000 0.000000
vn -0.866025 0.500000 0.000000
vn -0.965926 0.258819 0.000000
vn -0.965926 0.258819 0.000000
vn -1.000000 0.000000 0.000000
vn -1.000000 0.000000 0.000000
vn -0.965926 -0.258819 0.000000
vn -0.965926 -0.258819 0.000000
vn -0.866025 -0.500000 0.000000
vn -0.866025 -0.500000 0.000000
vn -0.707107 -0.707107 0.000000
vn -0.707107 -0.707107 0.000000
vn -0.500000 -0.866025 0.000000
vn -0.500000 -0.866025 0.000000
vn -0.258819 -0.965926 0.000000
vn -0.258819 -0.965926 0.000000
vn -0.000000 -1.000000 0.000000
vn -0.000000 -1.000000 0.000000
vn 0.258819 -0.965926 0.000000
vn 0.258819 -0.965926 0.000000
vn 0.500000 -0.866025 0.000000
vn 0.500000 -0.866025 0.000000
vn 0.707107 -0.707107 0.000000
vn 0.707107 -0.707107 0.000000
vn 0.866025 -0.500000 0.000000
vn 0.866025 -0.500000 0.000000
vn 0.965926 -0.258819 0.000000
vn 0.965926 -0.258819 0.000000
vn 0.000000 0.000000 1.000000
vn 0.000000 0.000000 -1.000000
vn 0.000000 0.000000 1.000000
vn 0.000000 0.000000 -1.000000
vn 0.000000 0.000000 1.000000
vn 0.000000 0.000000 -1.000000
vn 0.000000 0.000000 1.000000
vn 0.000000 0.000000 -1.000000
vn 0.000000 0.000000 1.000000
vn 0.000000 0.000000 -1.000000
vn 0.000000 0.000000 1.000000
vn 0.000000 0.000000 -1.000000
vn 0.000000 0.000000 1.000000
vn 0.000000 0.000000 -1.000000
vn 0.000000 0.000000 1.000000
vn 0.000000 0.000000 -1.000000
vn 0.000000 0.000000 1.000000
vn 0.000000 0.000000 -1.000000
vn 0.000000 0.000000 1.000000
vn 0.000000 0.000000 -1.000000
vn 0.000000 0.000000 1.000000
vn 0.000000 0.000000 -1.000000
vn 0.000000 0.000000 1.000000
vn 0.000000 0.000000 -1.000000
vn 0.000000 0.000000 1.000000
vn 0.000000 0.000000 -1.000000
vn 0.000000 0.000000 1.000000
vn 0.000000 0.000000 -1.000000
vn 0.000000 0.000000 1.000000
vn 0.000000 0.000000 -1.000000
vn 0.000000 0.000000 1.000000
vn 0.000000 0.000000 -1.000000
vn 0.000000 0.000000 1.000000
vn 0.000000 0.000000 -1.000000
vn 0.000000 0.000000 1.000000
vn 0.000000 0.000000 -1.000000
vn 0.000000 0.000000 1.000000
vn 0.000000 0.000000 -1.000000
vn 0.000000 0.000000 1.000000
vn 0.000000 0.000000 -1.000000
vn 0.000000 0.000000 1.000000
vn 0.000000 0.000000 -1.000000
vn 0.000000 0.000000 1.000000
vn 0.000000 0.000000 -1.000000
vn 0.000000 0.000000 1.000000
vn 0.000000 0.000000 -1.000000
vn 0.000000 0.000000 1.000000
vn 0.000000 0.000000 -1.000000
vn 0.000000 0.000000 1.000000
vn 0.000000 0.000000 -1.000000
vn 1.000000 0.000000 0.000000
vn 1.000000 0.000000 0.000000
vn 0.965926 0.258819 0.000000
vn 0.965926 0.258819 0.000000
vn 0.866025 0.500000 0.000000
vn 0.866025 0.500000 0.000000
vn 0.707107 0.707107 0.000000
vn 0.707107 0.707107 0.000000
vn 0.500000 0.866025 0.000000
vn 0.500000 0.866025 0.000000
vn 0.258819 0.965926 0.000000
vn 0.258819 0.965926 0.000000
vn 0.000000 1.000000 0.000000
vn 0.000000 1.000000 0.000000
vn -0.258819 0.965926 0.000000
vn -0.258819 0.965926 0.000000
vn -0.500000 0.866025 0.000000
vn -0.500000 0.866025 0.000000
vn -0.707107 0.707107 0.000000
vn -0.707107 0.707107 0.000000
vn -0.866025 0.500000 0.000000
vn -0.866025 0.500000 0.000000
vn -0.965926 0.258819 0.000000
vn -0.965926 0.258819 0.000000
vn -1.000000 0.000000 0.000000
vn -1.000000 0.000000 0.000000
vn -0.965926 -0.258819 0.000000
vn -0.965926 -0.258819 0.000000
vn -0.866025 -0.500000 0.000000
vn -0.866025 -0.500000 0.000000
vn -0.707107 -0.707107 0.000000
vn -0.707107 -0.707107 0.000000
vn -0.500000 -0.866025 0.000000
vn -0.500000 -0.866025 0.000000
vn -0.258819 -0.965926 0.000000
vn -0.258819 -0.965926 0.000000
vn -0.000000 -1.000000 0.000000
vn -0.000000 -1.000000 0.000000
vn 0.258819 -0.965926 0.000000
vn 0.258819 -0.965926 0.000000
vn 0.500000 -0.866025 0.000000
vn 0.500000 -0.866025 0.000000
vn 0.707107 -0.707107 0.000000
vn 0.707107 -0.707107 0.000000
vn 0.866025 -0.500000 0.000000
vn 0.866025 -0.500000 0.000000
vn 0.965926 -0.258819 0.000000
vn 0.965926 -0.258819 0.000000
vn 0.000000 0.000000 1.000000
vn 0.000000 0.000000 -1.000000
vn 0.000000 0.000000 1.000000
vn 0.000000 0.000000 -1.000000
vn 0.000000 0.000000 1.000000
vn 0.000000 0.000000 -1.000000
vn 0.000000 0.000000 1.000000
vn 0.000000 0.000000 -1.000000
vn 0.000000 0.000000 1.000000
vn 0.000000 0.000000 -1.000000
vn 0.000000 0.000000 1.000000
vn 0.000000 0.000000 -1.000000
vn 0.000000 0.000000 1.000000
vn 0.000000 0.000000 -1.000000
vn 0.000000 0.000000 1.000000
vn 0.000000 0.000000 -1.000000
vn 0.000000 0.000000 1.000000
vn 0.000000 0.000000 -1.000000
vn 0.000000 0.000000 1.000000
vn 0.000000 0.000000 -1.000000
vn 0.000000 0.000000 1.000000
vn 0.000000 0.000000 -1.000000
vn 0.000000 0.000000 1.000000
vn 0.000000 0.000000 -1.000000
vn 0.000000 0.000000 1.000000
vn 0.000000 0.000000 -1.000000
vn 0.000000 0.000000 1.000000
vn 0.000000 0.000000 -1.000000
vn 0.000000 0.000000 1.000000
vn 0.000000 0.000000 -1.000000
vn 0.000000 0.000000 1.000000
vn 0.000000 0.000000 -1.000000
vn 0.000000 0.000000 1.000000
vn 0.000000 0.000000 -1.000000
vn 0.000000 0.000000 1.000000
vn 0.000000 0.000000 -1.000000
vn 0.000000 0.000000 1.000000
vn 0.000000 0.000000 -1.000000
vn 0.000000 0.000000 1.000000
vn 0.000000 0.000000 -1.000000
vn 0.000000 0.000000 1.000000
vn 0.000000 0.000000 -1.000000
vn 0.000000 0.000000 1.000000
vn 0.000000 0.000000 -1.000000
vn 0.000000 0.000000 1.000000
vn 0.000000 0.000000 -1.000000
vn 0.000000 0.000000 1.000000
vn 0.000000 0.000000 -1.000000
vn 0.000000 0.000000 1.000000
vn 0.000000 0.000000 -1.000000
vn 1.000000 0.000000 0.000000
vn 1.000000 0.000000 0.000000
vn 0.965926 0.000000 0.258819
vn 0.965926 0.000000 0.258819
vn 0.866025 0.000000 0.500000
vn 0.866025 0.000000 0.500000
vn 0.707107 0.000000 0.707107
vn 0.707107 0.000000 0.707107
vn 0.500000 0.000000 0.866025
vn 0.500000 0.000000 0.866025
vn 0.258819 0.000000 0.965926
vn 0.258819 0.000000 0.965926
vn 0.000000 0.000000 1.000000
vn 0.000000 0.000000 1.000000
vn -0.258819 0.000000 0.965926
vn -0.258819 0.000000 0.965926
vn -0.500000 0.000000 0.866025
vn -0.500000 0.000000 0.866025
vn -0.707107 0.000000 0.707107
vn -0.707107 0.000000 0.707107
vn -0.866025 0.000000 0.500000
vn -0.866025 0.000000 0.500000
vn -0.965926 0.000000 0.258819
vn -0.965926 0.000000 0.258819
vn -1.000000 0.000000 0.000000
vn -1.000000 0.000000 0.000000
vn -0.965926 0.000000 -0.258819
vn -0.965926 0.000000 -0.258819
vn -0.866025 0.000000 -0.500000
vn -0.866025 0.000000 -0.500000
vn -0.707107 0.000000 -0.707107
vn -0.707107 0.000000 -0.707107
vn -0.500000 0.000000 -0.866025
vn -0.500000 0.000000 -0.866025
vn -0.258819 0.000000 -0.965926
vn -0.258819 0.000000 -0.965926
vn -0.000000 0.000000 -1.000000
vn -0.000000 0.000000 -1.000000
vn 0.258819 0.000000 -0.965926
vn 0.258819 0.000000 -0.965926
vn 0.500000 0.000000 -0.866025
vn 0.500000 0.000000 -0.866025
vn 0.707107 0.000000 -0.707107
vn 0.707107 0.000000 -0.707107
vn 0.866025 0.000000 -0.500000
vn 0.866025 0.000000 -0.500000
vn 0.965926 0.000000 -0.258819
vn 0.965926 0.000000 -0.258819
vn 0.000000 1.000000 0.000000
vn 0.000000 -1.000000 0.000000
vn 0.000000 1.000000 0.000000
vn 0.000000 -1.000000 0.000000
vn 0.000000 1.000000 0.000000
vn 0.000000 -1.000000 0.000000
vn 0.000000 1.000000 0.000000
vn 0.000000 -1.000000 0.000000
vn 0.000000 1.000000 0.000000
vn 0.000000 -1.000000 0.000000
vn 0.000000 1.000000 0.000000
vn 0.000000 -1.000000 0.000000
vn 0.000000 1.000000 0.000000
vn 0.000000 -1.000000 0.000000
vn 0.000000 1.000000 0.000000
vn 0.000000 -1.000000 0.000000
vn 0.000000 1.000000 0.000000
vn 0.000000 -1.000000 0.000000
vn 0.000000 1.000000 0.000000
vn 0.000000 -1.000000 0.000000
vn 0.000000 1.000000 0.000000
vn 0.000000 -1.000000 0.000000
vn 0.000000 1.000000 0.000000
vn 0.000000 -1.000000 0.000000
vn 0.000000 1.000000 0.000000
vn 0.000000 -1.000000 0.000000
vn 0.000000 1.000000 0.000000
vn 0.000000 -1.000000 0.000000
vn 0.000000 1.000000 0.000000
vn 0.000000 -1.000000 0.000000
vn 0.000000 1.000000 0.000000
vn 0.000000 -1.000000 0.000000
vn 0.000000 1.000000 0.000000
vn 0.000000 -1.000000 0.000000
vn 0.000000 1.000000 0.000000
vn 0.000000 -1.000000 0.000000
vn 0.000000 1.000000 0.000000
vn 0.000000 -1.000000 0.000000
vn 0.000000 1.000000 0.000000
vn 0.000000 -1.000000 0.000000
vn 0.000000 1.000000 0.000000
vn 0.000000 -1.000000 0.000000
vn 0.000000 1.000000 0.000000
vn 0.000000 -1.000000 0.000000
vn 0.000000 1.000000 0.000000
vn 0.000000 -1.000000 0.000000
vn 0.000000 1.000000 0.000000
vn 0.000000 -1.000000 0.000000
vn 0.000000 1.000000 0.000000
vn 0.000000 -1.000000 0.000000
vn 1.000000 0.000000 0.000000
vn 1.000000 0.000000 0.000000
vn 0.500000 0.000000 0.866025
vn 0.500000 0.000000 0.866025
vn -0.500000 0.000000 0.866025
vn -0.500000 0.000000 0.866025
vn -1.000000 0.000000 0.000000
vn -1.000000 0.000000 0.000000
vn -0.500000 0.000000 -0.866025
vn -0.500000 0.000000 -0.866025
vn 0.500000 0.000000 -0.866025
vn 0.500000 0.000000 -0.866025
vn 0.000000 1.000000 0.000000
vn 0.000000 -1.000000 0.000000
vn 0.000000 1.000000 0.000000
vn 0.000000 -1.000000 0.000000
vn 0.000000 1.000000 0.000000
vn 0.000000 -1.000000 0.000000
vn 0.000000 1.000000 0.000000
vn 0.000000 -1.000000 0.000000
vn 0.000000 1.000000 0.000000
vn 0.000000 -1.000000 0.000000
vn 0.000000 1.000000 0.000000
vn 0.000000 -1.000000 0.000000
vn 0.000000 1.000000 0.000000
vn 0.000000 -1.000000 0.000000
vn 1.000000 0.000000 0.000000
vn 1.000000 0.000000 0.000000
vn 0.500000 0.000000 0.866025
vn 0.500000 0.000000 0.866025
vn -0.500000 0.000000 0.866025
vn -0.500000 0.000000 0.866025
vn -1.000000 0.000000 0.000000
vn -1.000000 0.000000 0.000000
vn -0.500000 0.000000 -0.866025
vn -0.500000 0.000000 -0.866025
vn 0.500000 0.000000 -0.866025
vn 0.500000 0.000000 -0.866025
vn 0.000000 1.000000 0.000000
vn 0.000000 -1.000000 0.000000
vn 0.000000 1.000000 0.000000
vn 0.000000 -1.000000 0.000000
vn 0.000000 1.000000 0.000000
vn 0.000000 -1.000000 0.000000
vn 0.000000 1.000000 0.000000
vn 0.000000 -1.000000 0.000000
vn 0.000000 1.000000 0.000000
vn 0.000000 -1.000000 0.000000
vn 0.000000 1.000000 0.000000
vn 0.000000 -1.000000 0.000000
vn 0.000000 1.000000 0.000000
vn 0.000000 -1.000000 0.000000
vn 1.000000 0.000000 0.000000
vn 1.000000 0.000000 0.000000
vn 0.500000 0.000000 0.866025
vn 0.500000 0.000000 0.866025
vn -0.500000 0.000000 0.866025
vn -0.500000 0.000000 0.866025
vn -1.000000 0.000000 0.000000
vn -1.000000 0.000000 0.000000
vn -0.500000 0.000000 -0.866025
vn -0.500000 0.000000 -0.866025
vn 0.500000 0.000000 -0.866025
vn 0.500000 0.000000 -0.866025
vn 0.000000 1.000000 0.000000
vn 0.000000 -1.000000 0.000000
vn 0.000000 1.000000 0.000000
vn 0.000000 -1.000000 0.000000
vn 0.000000 1.000000 0.000000
vn 0.000000 -1.000000 0.000000
vn 0.000000 1.000000 0.000000
vn 0.000000 -1.000000 0.000000
vn 0.000000 1.000000 0.000000
vn 0.000000 -1.000000 0.000000
vn 0.000000 1.000000 0.000000
vn 0.000000 -1.000000 0.000000
vn 0.000000 1.000000 0.000000
vn 0.000000 -1.000000 0.000000
vn 1.000000 0.000000 0.000000
vn 1.000000 0.000000 0.000000
vn 0.500000 0.000000 0.866025
vn 0.500000 0.000000 0.866025
vn -0.500000 0.000000 0.866025
vn -0.500000 0.000000 0.866025
vn -1.000000 0.000000 0.000000
vn -1.000000 0.000000 0.000000
vn -0.500000 0.000000 -0.866025
vn -0.500000 0.000000 -0.866025
vn 0.500000 0.000000 -0.866025
vn 0.500000 0.000000 -0.866025
vn 0.000000 1.000000 0.000000
vn 0.000000 -1.000000 0.000000
vn 0.000000 1.000000 0.000000
vn 0.000000 -1.000000 0.000000
vn 0.000000 1.000000 0.000000
vn 0.000000 -1.000000 0.000000
vn 0.000000 1.000000 0.000000
vn 0.000000 -1.000000 0.000000
vn 0.000000 1.000000 0.000000
vn 0.000000 -1.000000 0.000000
vn 0.000000 1.000000 0.000000
vn 0.000000 -1.000000 0.000000
vn 0.000000 1.000000 0.000000
vn 0.000000 -1.000000 0.000000
vn 1.000000 0.000000 0.000000
vn 1.000000 0.000000 0.000000
vn 0.500000 0.000000 0.866025
vn 0.500000 0.000000 0.866025
vn -0.500000 0.000000 0.866025
vn -0.500000 0.000000 0.866025
vn -1.000000 0.000000 0.000000
vn -1.000000 0.000000 0.000000
vn -0.500000 0.000000 -0.866025
vn -0.500000 0.000000 -0.866025
vn 0.500000 0.000000 -0.866025
vn 0.500000 0.000000 -0.866025
vn 0.000000 1.000000 0.000000
vn 0.000000 -1.000000 0.000000
vn 0.000000 1.000000 0.000000
vn 0.000000 -1.000000 0.000000
vn 0.000000 1.000000 0.000000
vn 0.000000 -1.000000 0.000000
vn 0.000000 1.000000 0.000000
vn 0.000000 -1.000000 0.000000
vn 0.000000 1.000000 0.000000
vn 0.000000 -1.000000 0.000000
vn 0.000000 1.000000 0.000000
vn 0.000000 -1.000000 0.000000
vn 0.000000 1.000000 0.000000
vn 0.000000 -1.000000 0.000000
vn 1.000000 0.000000 0.000000
vn 1.000000 0.000000 0.000000
vn 0.500000 0.000000 0.866025
vn 0.500000 0.000000 0.866025
vn -0.500000 0.000000 0.866025
vn -0.500000 0.000000 0.866025
vn -1.000000 0.000000 0.000000
vn -1.000000 0.000000 0.000000
vn -0.500000 0.000000 -0.866025
vn -0.500000 0.000000 -0.866025
vn 0.500000 0.000000 -0.866025
vn 0.500000 0.000000 -0.866025
vn 0.000000 1.000000 0.000000
vn 0.000000 -1.000000 0.000000
vn 0.000000 1.000000 0.000000
vn 0.000000 -1.000000 0.000000
vn 0.000000 1.000000 0.000000
vn 0.000000 -1.000000 0.000000
vn 0.000000 1.000000 0.000000
vn 0.000000 -1.000000 0.000000
vn 0.000000 1.000000 0.000000
vn 0.000000 -1.000000 0.000000
vn 0.000000 1.000000 0.000000
vn 0.000000 -1.000000 0.000000
vn 0.000000 1.000000 0.000000
vn 0.000000 -1.000000 0.000000
vn 1.000000 0.000000 0.000000
vn 1.000000 0.000000 0.000000
vn 0.923880 0.000000 0.382683
vn 0.923880 0.000000 0.382683
vn 0.707107 0.000000 0.707107
vn 0.707107 0.000000 0.707107
vn 0.382683 0.000000 0.923880
vn 0.382683 0.000000 0.923880
vn 0.000000 0.000000 1.000000
vn 0.000000 0.000000 1.000000
vn -0.382683 0.000000 0.923880
vn -0.382683 0.000000 0.923880
vn -0.707107 0.000000 0.707107
vn -0.707107 0.000000 0.707107
vn -0.923880 0.000000 0.382683
vn -0.923880 0.000000 0.382683
vn -1.000000 0.000000 0.000000
vn -1.000000 0.000000 0.000000
vn -0.923880 0.000000 -0.382683
vn -0.923880 0.000000 -0.382683
vn -0.707107 0.000000 -0.707107
vn -0.707107 0.000000 -0.707107
vn -0.382683 0.000000 -0.923880
vn -0.382683 0.000000 -0.923880
vn -0.000000 0.000000 -1.000000
vn -0.000000 0.000000 -1.000000
vn 0.382683 0.000000 -0.923880
vn 0.382683 0.000000 -0.923880
vn 0.707107 0.000000 -0.707107
vn 0.707107 0.000000 -0.707107
vn 0.923880 0.000000 -0.382683
vn 0.923880 0.000000 -0.382683
vn 0.000000 1.000000 0.000000
vn 0.000000 -1.000000 0.000000
vn 0.000000 1.000000 0.000000
vn 0.000000 -1.000000 0.000000
vn 0.000000 1.000000 0.000000
vn 0.000000 -1.000000 0.000000
vn 0.000000 1.000000 0.000000
vn 0.000000 -1.000000 0.000000
vn 0.000000 1.000000 0.000000
vn 0.000000 -1.000000 0.000000
vn 0.000000 1.000000 0.000000
vn 0.000000 -1.000000 0.000000
vn 0.000000 1.000000 0.000000
vn 0.000000 -1.000000 0.000000
vn 0.000000 1.000000 0.000000
vn 0.000000 -1.000000 0.000000
vn 0.000000 1.000000 0.000000
vn 0.000000 -1.000000 0.000000
vn 0.000000 1.000000 0.000000
vn 0.000000 -1.000000 0.000000
vn 0.000000 1.000000 0.000000
vn 0.000000 -1.000000 0.000000
vn 0.000000 1.000000 0.000000
vn 0.000000 -1.000000 0.000000
vn 0.000000 1.000000 0.000000
vn 0.000000 -1.000000 0.000000
vn 0.000000 1.000000 0.000000
vn 0.000000 -1.000000 0.000000
vn 0.000000 1.000000 0.000000
vn 0.000000 -1.000000 0.000000
vn 0.000000 1.000000 0.000000
vn 0.000000 -1.000000 0.000000
vn 0.000000 1.000000 0.000000
vn 0.000000 -1.000000 0.000000
vn 1.000000 0.000000 0.000000
vn 1.000000 0.000000 0.000000
vn 0.500000 0.000000 0.866025
vn 0.500000 0.000000 0.866025
vn -0.500000 0.000000 0.866025
vn -0.500000 0.000000 0.866025
vn -1.000000 0.000000 0.000000
vn -1.000000 0.000000 0.000000
vn -0.500000 0.000000 -0.866025
vn -0.500000 0.000000 -0.866025
vn 0.500000 0.000000 -0.866025
vn 0.500000 0.000000 -0.866025
vn 0.000000 1.000000 0.000000
vn 0.000000 -1.000000 0.000000
vn 0.000000 1.000000 0.000000
vn 0.000000 -1.000000 0.000000
vn 0.000000 1.000000 0.000000
vn 0.000000 -1.000000 0.000000
vn 0.000000 1.000000 0.000000
vn 0.000000 -1.000000 0.000000
vn 0.000000 1.000000 0.000000
vn 0.000000 -1.000000 0.000000
vn 0.000000 1.000000 0.000000
vn 0.000000 -1.000000 0.000000
vn 0.000000 1.000000 0.000000
vn 0.000000 -1.000000 0.000000
vn 1.000000 0.000000 0.000000
vn 0.866025 0.500000 0.000000
vn 0.500000 0.866025 0.000000
vn 0.000000 1.000000 0.000000
vn -0.500000 0.866025 -0.000000
vn -0.866025 0.500000 -0.000000
vn -1.000000 0.000000 -0.000000
vn -0.866025 -0.500000 -0.000000
vn -0.500000 -0.866025 -0.000000
vn -0.000000 -1.000000 -0.000000
vn 0.500000 -0.866025 0.000000
vn 0.866025 -0.500000 0.000000
vn 0.965926 0.000000 0.258819
vn 0.836516 0.500000 0.224144
vn 0.482963 0.866025 0.129410
vn 0.000000 1.000000 0.000000
vn -0.482963 0.866025 -0.129410
vn -0.836516 0.500000 -0.224144
vn -0.965926 0.000000 -0.258819
vn -0.836516 -0.500000 -0.224144
vn -0.482963 -0.866025 -0.129410
vn -0.000000 -1.000000 -0.000000
vn 0.482963 -0.866025 0.129410
vn 0.836516 -0.500000 0.224144
vn 0.866025 0.000000 0.500000
vn 0.750000 0.500000 0.433013
vn 0.433013 0.866025 0.250000
vn 0.000000 1.000000 0.000000
vn -0.433013 0.866025 -0.250000
vn -0.750000 0.500000 -0.433013
vn -0.866025 0.000000 -0.500000
vn -0.750000 -0.500000 -0.433013
vn -0.433013 -0.866025 -0.250000
vn -0.000000 -1.000000 -0.000000
vn 0.433013 -0.866025 0.250000
vn 0.750000 -0.500000 0.433013
vn 0.707107 0.000000 0.707107
vn 0.612372 0.500000 0.612372
vn 0.353553 0.866025 0.353553
vn 0.000000 1.000000 0.000000
vn -0.353553 0.866025 -0.353553
vn -0.612372 0.500000 -0.612372
vn -0.707107 0.000000 -0.707107
vn -0.612372 -0.500000 -0.612372
vn -0.353553 -0.866025 -0.353553
vn -0.000000 -1.000000 -0.000000
vn 0.353553 -0.866025 0.353553
vn 0.612372 -0.500000 0.612372
vn 0.500000 0.000000 0.866025
vn 0.433013 0.500000 0.750000
vn 0.250000 0.866025 0.433013
vn 0.000000 1.000000 0.000000
vn -0.250000 0.866025 -0.433013
vn -0.433013 0.500000 -0.750000
vn -0.500000 0.000000 -0.866025
vn -0.433013 -0.500000 -0.750000
vn -0.250000 -0.866025 -0.433013
vn -0.000000 -1.000000 -0.000000
vn 0.250000 -0.866025 0.433013
vn 0.433013 -0.500000 0.750000
vn 0.258819 0.000000 0.965926
vn 0.224144 0.500000 0.836516
vn 0.129410 0.866025 0.482963
vn 0.000000 1.000000 0.000000
vn -0.129410 0.866025 -0.482963
vn -0.224144 0.500000 -0.836516
vn -0.258819 0.000000 -0.965926
vn -0.224144 -0.500000 -0.836516
vn -0.129410 -0.866025 -0.482963
vn -0.000000 -1.000000 -0.000000
vn 0.129410 -0.866025 0.482963
vn 0.224144 -0.500000 0.836516
vn 0.000000 0.000000 1.000000
vn 0.000000 0.500000 0.866025
vn 0.000000 0.866025 0.500000
vn 0.000000 1.000000 0.000000
vn -0.000000 0.866025 -0.500000
vn -0.000000 0.500000 -0.866025
vn -0.000000 0.000000 -1.000000
vn -0.000000 -0.500000 -0.866025
vn -0.000000 -0.866025 -0.500000
vn -0.000000 -1.000000 -0.000000
vn 0.000000 -0.866025 0.500000
vn 0.000000 -0.500000 0.866025
vn -0.258819 0.000000 0.965926
vn -0.224144 0.500000 0.836516
vn -0.129410 0.866025 0.482963
vn -0.000000 1.000000 0.000000
vn 0.129410 0.866025 -0.482963
vn 0.224144 0.500000 -0.836516
vn 0.258819 0.000000 -0.965926
vn 0.224144 -0.500000 -0.836516
vn 0.129410 -0.866025 -0.482963
vn 0.000000 -1.000000 -0.000000
vn -0.129410 -0.866025 0.482963
vn -0.224144 -0.500000 0.836516
vn -0.500000 0.000000 0.866025
vn -0.433013 0.500000 0.750000
vn -0.250000 0.866025 0.433013
vn -0.000000 1.000000 0.000000
vn 0.250000 0.866025 -0.433013
vn 0.433013 0.500000 -0.750000
vn 0.500000 0.000000 -0.866025
vn 0.433013 -0.500000 -0.750000
vn 0.250000 -0.866025 -0.433013
vn 0.000000 -1.000000 -0.000000
vn -0.250000 -0.866025 0.433013
vn -0.433013 -0.500000 0.750000
vn -0.707107 0.000000 0.707107
vn -0.612372 0.500000 0.612372
vn -0.353553 0.866025 0.353553
vn -0.000000 1.000000 0.000000
vn 0.353553 0.866025 -0.353553
vn 0.612372 0.500000 -0.612372
vn 0.707107 0.000000 -0.707107
vn 0.612372 -0.500000 -0.612372
vn 0.353553 -0.866025 -0.353553
vn 0.000000 -1.000000 -0.000000
vn -0.353553 -0.866025 0.353553
vn -0.612372 -0.500000 0.612372
vn -0.866025 0.000000 0.500000
vn -0.750000 0.500000 0.433013
vn -0.433013 0.866025 0.250000
vn -0.000000 1.000000 0.000000
vn 0.433013 0.866025 -0.250000
vn 0.750000 0.500000 -0.433013
vn 0.866025 0.000000 -0.500000
vn 0.750000 -0.500000 -0.433013
vn 0.433013 -0.866025 -0.250000
vn 0.000000 -1.000000 -0.000000
vn -0.433013 -0.866025 0.250000
vn -0.750000 -0.500000 0.433013
vn -0.965926 0.000000 0.258819
vn -0.836516 0.500000 0.224144
vn -0.482963 0.866025 0.129410
vn -0.000000 1.000000 0.000000
vn 0.482963 0.866025 -0.129410
vn 0.836516 0.500000 -0.224144
vn 0.965926 0.000000 -0.258819
vn 0.836516 -0.500000 -0.224144
vn 0.482963 -0.866025 -0.129410
vn 0.000000 -1.000000 -0.000000
vn -0.482963 -0.866025 0.129410
vn -0.836516 -0.500000 0.224144
vn -1.000000 0.000000 0.000000
vn -0.866025 0.500000 0.000000
vn -0.500000 0.866025 0.000000
vn -0.000000 1.000000 0.000000
vn 0.500000 0.866025 -0.000000
vn 0.866025 0.500000 -0.000000
vn 1.000000 0.000000 -0.000000
vn 0.866025 -0.500000 -0.000000
vn 0.500000 -0.866025 -0.000000
vn 0.000000 -1.000000 -0.000000
vn -0.500000 -0.866025 0.000000
vn -0.866025 -0.500000 0.000000
vn -0.965926 0.000000 -0.258819
vn -0.836516 0.500000 -0.224144
vn -0.482963 0.866025 -0.129410
vn -0.000000 1.000000 -0.000000
vn 0.482963 0.866025 0.129410
vn 0.836516 0.500000 0.224144
vn 0.965926 0.000000 0.258819
vn 0.836516 -0.500000 0.224144
vn 0.482963 -0.866025 0.129410
vn 0.000000 -1.000000 0.000000
vn -0.482963 -0.866025 -0.129410
vn -0.836516 -0.500000 -0.224144
vn -0.866025 0.000000 -0.500000
vn -0.750000 0.500000 -0.433013
vn -0.433013 0.866025 -0.250000
vn -0.000000 1.000000 -0.000000
vn 0.433013 0.866025 0.250000
vn 0.750000 0.500000 0.433013
vn 0.866025 0.000000 0.500000
vn 0.750000 -0.500000 0.433013
vn 0.433013 -0.866025 0.250000
vn 0.000000 -1.000000 0.000000
vn -0.433013 -0.866025 -0.250000
vn -0.750000 -0.500000 -0.433013
vn -0.707107 0.000000 -0.707107
vn -0.612372 0.500000 -0.612372
vn -0.353553 0.866025 -0.353553
vn -0.000000 1.000000 -0.000000
vn 0.353553 0.866025 0.353553
vn 0.612372 0.500000 0.612372
vn 0.707107 0.000000 0.707107
vn 0.612372 -0.500000 0.612372
vn 0.353553 -0.866025 0.353553
vn 0.000000 -1.000000 0.000000
vn -0.353553 -0.866025 -0.353553
vn -0.612372 -0.500000 -0.612372
vn -0.500000 0.000000 -0.866025
vn -0.433013 0.500000 -0.750000
vn -0.250000 0.866025 -0.433013
vn -0.000000 1.000000 -0.000000
vn 0.250000 0.866025 0.433013
vn 0.433013 0.500000 0.750000
vn 0.500000 0.000000 0.866025
vn 0.433013 -0.500000 0.750000
vn 0.250000 -0.866025 0.433013
vn 0.000000 -1.000000 0.000000
vn -0.250000 -0.866025 -0.433013
vn -0.433013 -0.500000 -0.750000
vn -0.258819 0.000000 -0.965926
vn -0.224144 0.500000 -0.836516
vn -0.129410 0.866025 -0.482963
vn -0.000000 1.000000 -0.000000
vn 0.129410 0.866025 0.482963
vn 0.224144 0.500000 0.836516
vn 0.258819 0.000000 0.965926
vn 0.224144 -0.500000 0.836516
vn 0.129410 -0.866025 0.482963
vn 0.000000 -1.000000 0.000000
vn -0.129410 -0.866025 -0.482963
vn -0.224144 -0.500000 -0.836516
vn -0.000000 0.000000 -1.000000
vn -0.000000 0.500000 -0.866025
vn -0.000000 0.866025 -0.500000
vn -0.000000 1.000000 -0.000000
vn 0.000000 0.866025 0.500000
vn 0.000000 0.500000 0.866025
vn 0.000000 0.000000 1.000000
vn 0.000000 -0.500000 0.866025
vn 0.000000 -0.866025 0.500000
vn 0.000000 -1.000000 0.000000
vn -0.000000 -0.866025 -0.500000
vn -0.000000 -0.500000 -0.866025
vn 0.258819 0.000000 -0.965926
vn 0.224144 0.500000 -0.836516
vn 0.129410 0.866025 -0.482963
vn 0.000000 1.000000 -0.000000
vn -0.129410 0.866025 0.482963
vn -0.224144 0.500000 0.836516
vn -0.258819 0.000000 0.965926
vn -0.224144 -0.500000 0.836516
vn -0.129410 -0.866025 0.482963
vn -0.000000 -1.000000 0.000000
vn 0.129410 -0.866025 -0.482963
vn 0.224144 -0.500000 -0.836516
vn 0.500000 0.000000 -0.866025
vn 0.433013 0.500000 -0.750000
vn 0.250000 0.866025 -0.433013
vn 0.000000 1.000000 -0.000000
vn -0.250000 0.866025 0.433013
vn -0.433013 0.500000 0.750000
vn -0.500000 0.000000 0.866025
vn -0.433013 -0.500000 0.750000
vn -0.250000 -0.866025 0.433013
vn -0.000000 -1.000000 0.000000
vn 0.250000 -0.866025 -0.433013
vn 0.433013 -0.500000 -0.750000
vn 0.707107 0.000000 -0.707107
vn 0.612372 0.500000 -0.612372
vn 0.353553 0.866025 -0.353553
vn 0.000000 1.000000 -0.000000
vn -0.353553 0.866025 0.353553
vn -0.612372 0.500000 0.612372
vn -0.707107 0.000000 0.707107
vn -0.612372 -0.500000 0.612372
vn -0.353553 -0.866025 0.353553
vn -0.000000 -1.000000 0.000000
vn 0.353553 -0.866025 -0.353553
vn 0.612372 -0.500000 -0.612372
vn 0.866025 0.000000 -0.500000
vn 0.750000 0.500000 -0.433013
vn 0.433013 0.866025 -0.250000
vn 0.000000 1.000000 -0.000000
vn -0.433013 0.866025 0.250000
vn -0.750000 0.500000 0.433013
vn -0.866025 0.000000 0.500000
vn -0.750000 -0.500000 0.433013
vn -0.433013 -0.866025 0.250000
vn -0.000000 -1.000000 0.000000
vn 0.433013 -0.866025 -0.250000
vn 0.750000 -0.500000 -0.433013
vn 0.965926 0.000000 -0.258819
vn 0.836516 0.500000 -0.224144
vn 0.482963 0.866025 -0.129410
vn 0.000000 1.000000 -0.000000
vn -0.482963 0.866025 0.129410
vn -0.836516 0.500000 0.224144
vn -0.965926 0.000000 0.258819
vn -0.836516 -0.500000 0.224144
vn -0.482963 -0.866025 0.129410
vn -0.000000 -1.000000 0.000000
vn 0.482963 -0.866025 -0.129410
vn 0.836516 -0.500000 -0.224144
vn 1.000000 0.000000 0.000000
vn 1.000000 0.000000 0.000000
vn 0.866025 0.000000 0.500000
vn 0.866025 0.000000 0.500000
vn 0.500000 0.000000 0.866025
vn 0.500000 0.000000 0.866025
vn 0.000000 0.000000 1.000000
vn 0.000000 0.000000 1.000000
vn -0.500000 0.000000 0.866025
vn -0.500000 0.000000 0.866025
vn -0.866025 0.000000 0.500000
vn -0.866025 0.000000 0.500000
vn -1.000000 0.000000 0.000000
vn -1.000000 0.000000 0.000000
vn -0.866025 0.000000 -0.500000
vn -0.866025 0.000000 -0.500000
vn -0.500000 0.000000 -0.866025
vn -0.500000 0.000000 -0.866025
vn -0.000000 0.000000 -1.000000
vn -0.000000 0.000000 -1.000000
vn 0.500000 0.000000 -0.866025
vn 0.500000 0.000000 -0.866025
vn 0.866025 0.000000 -0.500000
vn 0.866025 0.000000 -0.500000
vn 0.000000 1.000000 0.000000
vn 0.000000 -1.000000 0.000000
vn 0.000000 1.000000 0.000000
vn 0.000000 -1.000000 0.000000
vn 0.000000 1.000000 0.000000
vn 0.000000 -1.000000 0.000000
vn 0.000000 1.000000 0.000000
vn 0.000000 -1.000000 0.000000
vn 0.000000 1.000000 0.000000
vn 0.000000 -1.000000 0.000000
vn 0.000000 1.000000 0.000000
vn 0.000000 -1.000000 0.000000
vn 0.000000 1.000000 0.000000
vn 0.000000 -1.000000 0.000000
vn 0.000000 1.000000 0.000000
vn 0.000000 -1.000000 0.000000
vn 0.000000 1.000000 0.000000
vn 0.000000 -1.000000 0.000000
vn 0.000000 1.000000 0.000000
vn 0.000000 -1.000000 0.000000
vn 0.000000 1.000000 0.000000
vn 0.000000 -1.000000 0.000000
vn 0.000000 1.000000 0.000000
vn 0.000000 -1.000000 0.000000
vn 0.000000 1.000000 0.000000
vn 0.000000 -1.000000 0.000000
vn 1.000000 0.000000 0.000000
vn 1.000000 0.000000 0.000000
vn 0.707107 0.000000 0.707107
vn 0.707107 0.000000 0.707107
vn 0.000000 0.000000 1.000000
vn 0.000000 0.000000 1.000000
vn -0.707107 0.000000 0.707107
vn -0.707107 0.000000 0.707107
vn -1.000000 0.000000 0.000000
vn -1.000000 0.000000 0.000000
vn -0.707107 0.000000 -0.707107
vn -0.707107 0.000000 -0.707107
vn -0.000000 0.000000 -1.000000
vn -0.000000 0.000000 -1.000000
vn 0.707107 0.000000 -0.707107
vn 0.707107 0.000000 -0.707107
vn 0.000000 1.000000 0.000000
vn 0.000000 -1.000000 0.000000
vn 0.000000 1.000000 0.000000
vn 0.000000 -1.000000 0.000000
vn 0.000000 1.000000 0.000000
vn 0.000000 -1.000000 0.000000
vn 0.000000 1.000000 0.000000
vn 0.000000 -1.000000 0.000000
vn 0.000000 1.000000 0.000000
vn 0.000000 -1.000000 0.000000
vn 0.000000 1.000000 0.000000
vn 0.000000 -1.000000 0.000000
vn 0.000000 1.000000 0.000000
vn 0.000000 -1.000000 0.000000
vn 0.000000 1.000000 0.000000
vn 0.000000 -1.000000 0.000000
vn 0.000000 1.000000 0.000000
vn 0.000000 -1.000000 0.000000
vn 1.000000 0.000000 0.000000
vn 1.000000 0.000000 0.000000
vn 0.707107 0.000000 0.707107
vn 0.707107 0.000000 0.707107
vn 0.000000 0.000000 1.000000
vn 0.000000 0.000000 1.000000
vn -0.707107 0.000000 0.707107
vn -0.707107 0.000000 0.707107
vn -1.000000 0.000000 0.000000
vn -1.000000 0.000000 0.000000
vn -0.707107 0.000000 -0.707107
vn -0.707107 0.000000 -0.707107
vn -0.000000 0.000000 -1.000000
vn -0.000000 0.000000 -1.000000
vn 0.707107 0.000000 -0.707107
vn 0.707107 0.000000 -0.707107
vn 0.000000 1.000000 0.000000
vn 0.000000 -1.000000 0.000000
vn 0.000000 1.000000 0.000000
vn 0.000000 -1.000000 0.000000
vn 0.000000 1.000000 0.000000
vn 0.000000 -1.000000 0.000000
vn 0.000000 1.000000 0.000000
vn 0.000000 -1.000000 0.000000
vn 0.000000 1.000000 0.000000
vn 0.000000 -1.000000 0.000000
vn 0.000000 1.000000 0.000000
vn 0.000000 -1.000000 0.000000
vn 0.000000 1.000000 0.000000
vn 0.000000 -1.000000 0.000000
vn 0.000000 1.000000 0.000000
vn 0.000000 -1.000000 0.000000
vn 0.000000 1.000000 0.000000
vn 0.000000 -1.000000 0.000000
vn 1.000000 0.000000 0.000000
vn 1.000000 0.000000 0.000000
vn 0.707107 0.000000 0.707107
vn 0.707107 0.000000 0.707107
vn 0.000000 0.000000 1.000000
vn 0.000000 0.000000 1.000000
vn -0.707107 0.000000 0.707107
vn -0.707107 0.000000 0.707107
vn -1.000000 0.000000 0.000000
vn -1.000000 0.000000 0.000000
vn -0.707107 0.000000 -0.707107
vn -0.707107 0.000000 -0.707107
vn -0.000000 0.000000 -1.000000
vn -0.000000 0.000000 -1.000000
vn 0.707107 0.000000 -0.707107
vn 0.707107 0.000000 -0.707107
vn 0.000000 1.000000 0.000000
vn 0.000000 -1.000000 0.000000
vn 0.000000 1.000000 0.000000
vn 0.000000 -1.000000 0.000000
vn 0.000000 1.000000 0.000000
vn 0.000000 -1.000000 0.000000
vn 0.000000 1.000000 0.000000
vn 0.000000 -1.000000 0.000000
vn 0.000000 1.000000 0.000000
vn 0.000000 -1.000000 0.000000
vn 0.000000 1.000000 0.000000
vn 0.000000 -1.000000 0.000000
vn 0.000000 1.000000 0.000000
vn 0.000000 -1.000000 0.000000
vn 0.000000 1.000000 0.000000
vn 0.000000 -1.000000 0.000000
vn 0.000000 1.000000 0.000000
vn 0.000000 -1.000000 0.000000
vn 1.000000 0.000000 0.000000
vn 1.000000 0.000000 0.000000
vn 0.707107 0.000000 0.707107
vn 0.707107 0.000000 0.707107
vn 0.000000 0.000000 1.000000
vn 0.000000 0.000000 1.000000
vn -0.707107 0.000000 0.707107
vn -0.707107 0.000000 0.707107
vn -1.000000 0.000000 0.000000
vn -1.000000 0.000000 0.000000
vn -0.707107 0.000000 -0.707107
vn -0.707107 0.000000 -0.707107
vn -0.000000 0.000000 -1.000000
vn -0.000000 0.000000 -1.000000
vn 0.707107 0.000000 -0.707107
vn 0.707107 0.000000 -0.707107
vn 0.000000 1.000000 0.000000
vn 0.000000 -1.000000 0.000000
vn 0.000000 1.000000 0.000000
vn 0.000000 -1.000000 0.000000
vn 0.000000 1.000000 0.000000
vn 0.000000 -1.000000 0.000000
vn 0.000000 1.000000 0.000000
vn 0.000000 -1.000000 0.000000
vn 0.000000 1.000000 0.000000
vn 0.000000 -1.000000 0.000000
vn 0.000000 1.000000 0.000000
vn 0.000000 -1.000000 0.000000
vn 0.000000 1.000000 0.000000
vn 0.000000 -1.000000 0.000000
vn 0.000000 1.000000 0.000000
vn 0.000000 -1.000000 0.000000
vn 0.000000 1.000000 0.000000
vn 0.000000 -1.000000 0.000000
vn 1.000000 0.000000 0.000000
vn 1.000000 0.000000 0.000000
vn 0.707107 0.000000 0.707107
vn 0.707107 0.000000 0.707107
vn 0.000000 0.000000 1.000000
vn 0.000000 0.000000 1.000000
vn -0.707107 0.000000 0.707107
vn -0.707107 0.000000 0.707107
vn -1.000000 0.000000 0.000000
vn -1.000000 0.000000 0.000000
vn -0.707107 0.000000 -0.707107
vn -0.707107 0.000000 -0.707107
vn -0.000000 0.000000 -1.000000
vn -0.000000 0.000000 -1.000000
vn 0.707107 0.000000 -0.707107
vn 0.707107 0.000000 -0.707107
vn 0.000000 1.000000 0.000000
vn 0.000000 -1.000000 0.000000
vn 0.000000 1.000000 0.000000
vn 0.000000 -1.000000 0.000000
vn 0.000000 1.000000 0.000000
vn 0.000000 -1.000000 0.000000
vn 0.000000 1.000000 0.000000
vn 0.000000 -1.000000 0.000000
vn 0.000000 1.000000 0.000000
vn 0.000000 -1.000000 0.000000
vn 0.000000 1.000000 0.000000
vn 0.000000 -1.000000 0.000000
vn 0.000000 1.000000 0.000000
vn 0.000000 -1.000000 0.000000
vn 0.000000 1.000000 0.000000
vn 0.000000 -1.000000 0.000000
vn 0.000000 1.000000 0.000000
vn 0.000000 -1.000000 0.000000
usemtl 01_Steel
f 1/1/1 2/2/2 4/4/4
f 1/1/1 4/4/4 3/3/3
f 3/3/3 4/4/4 6/6/6
f 3/3/3 6/6/6 5/5/5
f 5/5/5 6/6/6 8/8/8
f 5/5/5 8/8/8 7/7/7
f 7/7/7 8/8/8 10/10/10
f 7/7/7 10/10/10 9/9/9
f 9/9/9 10/10/10 12/12/12
f 9/9/9 12/12/12 11/11/11
f 11/11/11 12/12/12 14/14/14
f 11/11/11 14/14/14 13/13/13
f 13/13/13 14/14/14 16/16/16
f 13/13/13 16/16/16 15/15/15
f 15/15/15 16/16/16 18/18/18
f 15/15/15 18/18/18 17/17/17
f 17/17/17 18/18/18 20/20/20
f 17/17/17 20/20/20 19/19/19
f 19/19/19 20/20/20 22/22/22
f 19/19/19 22/22/22 21/21/21
f 21/21/21 22/22/22 24/24/24
f 21/21/21 24/24/24 23/23/23
f 23/23/23 24/24/24 26/26/26
f 23/23/23 26/26/26 25/25/25
f 25/25/25 26/26/26 28/28/28
f 25/25/25 28/28/28 27/27/27
f 27/27/27 28/28/28 30/30/30
f 27/27/27 30/30/30 29/29/29
f 29/29/29 30/30/30 32/32/32
f 29/29/29 32/32/32 31/31/31
f 31/31/31 32/32/32 34/34/34
f 31/31/31 34/34/34 33/33/33
f 33/33/33 34/34/34 36/36/36
f 33/33/33 36/36/36 35/35/35
f 35/35/35 36/36/36 38/38/38
f 35/35/35 38/38/38 37/37/37
f 37/37/37 38/38/38 40/40/40
f 37/37/37 40/40/40 39/39/39
f 39/39/39 40/40/40 42/42/42
f 39/39/39 42/42/42 41/41/41
f 41/41/41 42/42/42 44/44/44
f 41/41/41 44/44/44 43/43/43
f 43/43/43 44/44/44 46/46/46
f 43/43/43 46/46/46 45/45/45
f 45/45/45 46/46/46 48/48/48
f 45/45/45 48/48/48 47/47/47
f 47/47/47 48/48/48 2/2/2
f 47/47/47 2/2/2 1/1/1
f 49/49/49 51/51/51 53/53/53
f 50/50/50 54/54/54 52/52/52
f 49/49/49 53/53/53 55/55/55
f 50/50/50 56/56/56 54/54/54
f 49/49/49 55/55/55 57/57/57
f 50/50/50 58/58/58 56/56/56
f 49/49/49 57/57/57 59/59/59
f 50/50/50 60/60/60 58/58/58
f 49/49/49 59/59/59 61/61/61
f 50/50/50 62/62/62 60/60/60
f 49/49/49 61/61/61 63/63/63
f 50/50/50 64/64/64 62/62/62
f 49/49/49 63/63/63 65/65/65
f 50/50/50 66/66/66 64/64/64
f 49/49/49 65/65/65 67/67/67
f 50/50/50 68/68/68 66/66/66
f 49/49/49 67/67/67 69/69/69
f 50/50/50 70/70/70 68/68/68
f 49/49/49 69/69/69 71/71/71
f 50/50/50 72/72/72 70/70/70
f 49/49/49 71/71/71 73/73/73
f 50/50/50 74/74/74 72/72/72
f 49/49/49 73/73/73 75/75/75
f 50/50/50 76/76/76 74/74/74
f 49/49/49 75/75/75 77/77/77
f 50/50/50 78/78/78 76/76/76
f 49/49/49 77/77/77 79/79/79
f 50/50/50 80/80/80 78/78/78
f 49/49/49 79/79/79 81/81/81
f 50/50/50 82/82/82 80/80/80
f 49/49/49 81/81/81 83/83/83
f 50/50/50 84/84/84 82/82/82
f 49/49/49 83/83/83 85/85/85
f 50/50/50 86/86/86 84/84/84
f 49/49/49 85/85/85 87/87/87
f 50/50/50 88/88/88 86/86/86
f 49/49/49 87/87/87 89/89/89
f 50/50/50 90/90/90 88/88/88
f 49/49/49 89/89/89 91/91/91
f 50/50/50 92/92/92 90/90/90
f 49/49/49 91/91/91 93/93/93
f 50/50/50 94/94/94 92/92/92
f 49/49/49 93/93/93 95/95/95
f 50/50/50 96/96/96 94/94/94
f 49/49/49 95/95/95 97/97/97
f 50/50/50 98/98/98 96/96/96
f 49/49/49 97/97/97 51/51/51
f 50/50/50 52/52/52 98/98/98
f 99/99/99 100/100/100 102/102/102
f 99/99/99 102/102/102 101/101/101
f 101/101/101 102/102/102 104/104/104
f 101/101/101 104/104/104 103/103/103
f 103/103/103 104/104/104 106/106/106
f 103/103/103 106/106/106 105/105/105
f 105/105/105 106/106/106 108/108/108
f 105/105/105 108/108/108 107/107/107
f 107/107/107 108/108/108 110/110/110
f 107/107/107 110/110/110 109/109/109
f 109/109/109 110/110/110 112/112/112
f 109/109/109 112/112/112 111/111/111
f 111/111/111 112/112/112 114/114/114
f 111/111/111 114/114/114 113/113/113
f 113/113/113 114/114/114 116/116/116
f 113/113/113 116/116/116 115/115/115
f 115/115/115 116/116/116 118/118/118
f 115/115/115 118/118/118 117/117/117
f 117/117/117 118/118/118 120/120/120
f 117/117/117 120/120/120 119/119/119
f 119/119/119 120/120/120 122/122/122
f 119/119/119 122/122/122 121/121/121
f 121/121/121 122/122/122 124/124/124
f 121/121/121 124/124/124 123/123/123
f 123/123/123 124/124/124 126/126/126
f 123/123/123 126/126/126 125/125/125
f 125/125/125 126/126/126 128/128/128
f 125/125/125 128/128/128 127/127/127
f 127/127/127 128/128/128 130/130/130
f 127/127/127 130/130/130 129/129/129
f 129/129/129 130/130/130 132/132/132
f 129/129/129 132/132/132 131/131/131
f 131/131/131 132/132/132 134/134/134
f 131/131/131 134/134/134 133/133/133
f 133/133/133 134/134/134 136/136/136
f 133/133/133 136/136/136 135/135/135
f 135/135/135 136/136/136 138/138/138
f 135/135/135 138/138/138 137/137/137
f 137/137/137 138/138/138 140/140/140
f 137/137/137 140/140/140 139/139/139
f 139/139/139 140/140/140 142/142/142
f 139/139/139 142/142/142 141/141/141
f 141/141/141 142/142/142 144/144/144
f 141/141/141 144/144/144 143/143/143
f 143/143/143 144/144/144 146/146/146
f 143/143/143 146/146/146 145/145/145
f 145/145/145 146/146/146 100/100/100
f 145/145/145 100/100/100 99/99/99
f 147/147/147 149/149/149 151/151/151
f 148/148/148 152/152/152 150/150/150
f 147/147/147 151/151/151 153/153/153
f 148/148/148 154/154/154 152/152/152
f 147/147/147 153/153/153 155/155/155
f 148/148/148 156/156/156 154/154/154
f 147/147/147 155/155/155 157/157/157
f 148/148/148 158/158/158 156/156/156
f 147/147/147 157/157/157 159/159/159
f 148/148/148 160/160/160 158/158/158
f 147/147/147 159/159/159 161/161/161
f 148/148/148 162/162/162 160/160/160
f 147/147/147 161/161/161 163/163/163
f 148/148/148 164/164/164 162/162/162
f 147/147/147 163/163/163 165/165/165
f 148/148/148 166/166/166 164/164/164
f 147/147/147 165/165/165 167/167/167
f 148/148/148 168/168/168 166/166/166
f 147/147/147 167/167/167 169/169/169
f 148/148/148 170/170/170 168/168/168
f 147/147/147 169/169/169 171/171/171
f 148/148/148 172/172/172 170/170/170
f 147/147/147 171/171/171 173/173/173
f 148/148/148 174/174/174 172/172/172
f 147/147/147 173/173/173 175/175/175
f 148/148/148 176/176/176 174/174/174
f 147/147/147 175/175/175 177/177/177
f 148/148/148 178/178/178 176/176/176
f 147/147/147 177/177/177 179/179/179
f 148/148/148 180/180/180 178/178/178
f 147/147/147 179/179/179 181/181/181
f 148/148/148 182/182/182 180/180/180
f 147/147/147 181/181/181 183/183/183
f 148/148/148 184/184/184 182/182/182
f 147/147/147 183/183/183 185/185/185
f 148/148/148 186/186/186 184/184/184
f 147/147/147 185/185/185 187/187/187
f 148/148/148 188/188/188 186/186/186
f 147/147/147 187/187/187 189/189/189
f 148/148/148 190/190/190 188/188/188
f 147/147/147 189/189/189 191/191/191
f 148/148/148 192/192/192 190/190/190
f 147/147/147 191/191/191 193/193/193
f 148/148/148 194/194/194 192/192/192
f 147/147/147 193/193/193 195/195/195
f 148/148/148 196/196/196 194/194/194
f 147/147/147 195/195/195 149/149/149
f 148/148/148 150/150/150 196/196/196
f 197/197/197 198/198/198 200/200/200
f 197/197/197 200/200/200 199/199/199
f 199/199/199 200/200/200 202/202/202
f 199/199/199 202/202/202 201/201/201
f 201/201/201 202/202/202 204/204/204
f 201/201/201 204/204/204 203/203/203
f 203/203/203 204/204/204 206/206/206
f 203/203/203 206/206/206 205/205/205
f 205/205/205 206/206/206 208/208/208
f 205/205/205 208/208/208 207/207/207
f 207/207/207 208/208/208 210/210/210
f 207/207/207 210/210/210 209/209/209
f 209/209/209 210/210/210 212/212/212
f 209/209/209 212/212/212 211/211/211
f 211/211/211 212/212/212 214/214/214
f 211/211/211 214/214/214 213/213/213
f 213/213/213 214/214/214 216/216/216
f 213/213/213 216/216/216 215/215/215
f 215/215/215 216/216/216 218/218/218
f 215/215/215 218/218/218 217/217/217
f 217/217/217 218/218/218 220/220/220
f 217/217/217 220/220/220 219/219/219
f 219/219/219 220/220/220 222/222/222
f 219/219/219 222/222/222 221/221/221
f 221/221/221 222/222/222 224/224/224
f 221/221/221 224/224/224 223/223/223
f 223/223/223 224/224/224 226/226/226
f 223/223/223 226/226/226 225/225/225
f 225/225/225 226/226/226 228/228/228
f 225/225/225 228/228/228 227/227/227
f 227/227/227 228/228/228 230/230/230
f 227/227/227 230/230/230 229/229/229
f 229/229/229 230/230/230 232/232/232
f 229/229/229 232/232/232 231/231/231
f 231/231/231 232/232/232 234/234/234
f 231/231/231 234/234/234 233/233/233
f 233/233/233 234/234/234 236/236/236
f 233/233/233 236/236/236 235/235/235
f 235/235/235 236/236/236 238/238/238
f 235/235/235 238/238/238 237/237/237
f 237/237/237 238/238/238 240/240/240
f 237/237/237 240/240/240 239/239/239
f 239/239/239 240/240/240 242/242/242
f 239/239/239 242/242/242 241/241/241
f 241/241/241 242/242/242 244/244/244
f 241/241/241 244/244/244 243/243/243
f 243/243/243 244/244/244 198/198/198
f 243/243/243 198/198/198 197/197/197
f 245/245/245 247/247/247 249/249/249
f 246/246/246 250/250/250 248/248/248
f 245/245/245 249/249/249 251/251/251
f 246/246/246 252/252/252 250/250/250
f 245/245/245 251/251/251 253/253/253
f 246/246/246 254/254/254 252/252/252
f 245/245/245 253/253/253 255/255/255
f 246/246/246 256/256/256 254/254/254
f 245/245/245 255/255/255 257/257/257
f 246/246/246 258/258/258 256/256/256
f 245/245/245 257/257/257 259/259/259
f 246/246/246 260/260/260 258/258/258
f 245/245/245 259/259/259 261/261/261
f 246/246/246 262/262/262 260/260/260
f 245/245/245 261/261/261 263/263/263
f 246/246/246 264/264/264 262/262/262
f 245/245/245 263/263/263 265/265/265
f 246/246/246 266/266/266 264/264/264
f 245/245/245 265/265/265 267/267/267
f 246/246/246 268/268/268 266/266/266
f 245/245/245 267/267/267 269/269/269
f 246/246/246 270/270/270 268/268/268
f 245/245/245 269/269/269 271/271/271
f 246/246/246 272/272/272 270/270/270
f 245/245/245 271/271/271 273/273/273
f 246/246/246 274/274/274 272/272/272
f 245/245/245 273/273/273 275/275/275
f 246/246/246 276/276/276 274/274/274
f 245/245/245 275/275/275 277/277/277
f 246/246/246 278/278/278 276/276/276
f 245/245/245 277/277/277 279/279/279
f 246/246/246 280/280/280 278/278/278
f 245/245/245 279/279/279 281/281/281
f 246/246/246 282/282/282 280/280/280
f 245/245/245 281/281/281 283/283/283
f 246/246/246 284/284/284 282/282/282
f 245/245/245 283/283/283 285/285/285
f 246/246/246 286/286/286 284/284/284
f 245/245/245 285/285/285 287/287/287
f 246/246/246 288/288/288 286/286/286
f 245/245/245 287/287/287 289/289/289
f 246/246/246 290/290/290 288/288/288
f 245/245/245 289/289/289 291/291/291
f 246/246/246 292/292/292 290/290/290
f 245/245/245 291/291/291 293/293/293
f 246/246/246 294/294/294 292/292/292
f 245/245/245 293/293/293 247/247/247
f 246/246/246 248/248/248 294/294/294
f 295/295/295 296/296/296 298/298/298
f 295/295/295 298/298/298 297/297/297
f 297/297/297 298/298/298 300/300/300
f 297/297/297 300/300/300 299/299/299
f 299/299/299 300/300/300 302/302/302
f 299/299/299 302/302/302 301/301/301
f 301/301/301 302/302/302 304/304/304
f 301/301/301 304/304/304 303/303/303
f 303/303/303 304/304/304 306/306/306
f 303/303/303 306/306/306 305/305/305
f 305/305/305 306/306/306 308/308/308
f 305/305/305 308/308/308 307/307/307
f 307/307/307 308/308/308 310/310/310
f 307/307/307 310/310/310 309/309/309
f 309/309/309 310/310/310 312/312/312
f 309/309/309 312/312/312 311/311/311
f 311/311/311 312/312/312 314/314/314
f 311/311/311 314/314/314 313/313/313
f 313/313/313 314/314/314 316/316/316
f 313/313/313 316/316/316 315/315/315
f 315/315/315 316/316/316 318/318/318
f 315/315/315 318/318/318 317/317/317
f 317/317/317 318/318/318 320/320/320
f 317/317/317 320/320/320 319/319/319
f 319/319/319 320/320/320 322/322/322
f 319/319/319 322/322/322 321/321/321
f 321/321/321 322/322/322 324/324/324
f 321/321/321 324/324/324 323/323/323
f 323/323/323 324/324/324 326/326/326
f 323/323/323 326/326/326 325/325/325
f 325/325/325 326/326/326 328/328/328
f 325/325/325 328/328/328 327/327/327
f 327/327/327 328/328/328 330/330/330
f 327/327/327 330/330/330 329/329/329
f 329/329/329 330/330/330 332/332/332
f 329/329/329 332/332/332 331/331/331
f 331/331/331 332/332/332 334/334/334
f 331/331/331 334/334/334 333/333/333
f 333/333/333 334/334/334 336/336/336
f 333/333/333 336/336/336 335/335/335
f 335/335/335 336/336/336 338/338/338
f 335/335/335 338/338/338 337/337/337
f 337/337/337 338/338/338 340/340/340
f 337/337/337 340/340/340 339/339/339
f 339/339/339 340/340/340 342/342/342
f 339/339/339 342/342/342 341/341/341
f 341/341/341 342/342/342 296/296/296
f 341/341/341 296/296/296 295/295/295
f 343/343/343 345/345/345 347/347/347
f 344/344/344 348/348/348 346/346/346
f 343/343/343 347/347/347 349/349/349
f 344/344/344 350/350/350 348/348/348
f 343/343/343 349/349/349 351/351/351
f 344/344/344 352/352/352 350/350/350
f 343/343/343 351/351/351 353/353/353
f 344/344/344 354/354/354 352/352/352
f 343/343/343 353/353/353 355/355/355
f 344/344/344 356/356/356 354/354/354
f 343/343/343 355/355/355 357/357/357
f 344/344/344 358/358/358 356/356/356
f 343/343/343 357/357/357 359/359/359
f 344/344/344 360/360/360 358/358/358
f 343/343/343 359/359/359 361/361/361
f 344/344/344 362/362/362 360/360/360
f 343/343/343 361/361/361 363/363/363
f 344/344/344 364/364/364 362/362/362
f 343/343/343 363/363/363 365/365/365
f 344/344/344 366/366/366 364/364/364
f 343/343/343 365/365/365 367/367/367
f 344/344/344 368/368/368 366/366/366
f 343/343/343 367/367/367 369/369/369
f 344/344/344 370/370/370 368/368/368
f 343/343/343 369/369/369 371/371/371
f 344/344/344 372/372/372 370/370/370
f 343/343/343 371/371/371 373/373/373
f 344/344/344 374/374/374 372/372/372
f 343/343/343 373/373/373 375/375/375
f 344/344/344 376/376/376 374/374/374
f 343/343/343 375/375/375 377/377/377
f 344/344/344 378/378/378 376/376/376
f 343/343/343 377/377/377 379/379/379
f 344/344/344 380/380/380 378/378/378
f 343/343/343 379/379/379 381/381/381
f 344/344/344 382/382/382 380/380/380
f 343/343/343 381/381/381 383/383/383
f 344/344/344 384/384/384 382/382/382
f 343/343/343 383/383/383 385/385/385
f 344/344/344 386/386/386 384/384/384
f 343/343/343 385/385/385 387/387/387
f 344/344/344 388/388/388 386/386/386
f 343/343/343 387/387/387 389/389/389
f 344/344/344 390/390/390 388/388/388
f 343/343/343 389/389/389 391/391/391
f 344/344/344 392/392/392 390/390/390
f 343/343/343 391/391/391 345/345/345
f 344/344/344 346/346/346 392/392/392
f 393/393/393 394/394/394 396/396/396
f 393/393/393 396/396/396 395/395/395
f 395/395/395 396/396/396 398/398/398
f 395/395/395 398/398/398 397/397/397
f 397/397/397 398/398/398 400/400/400
f 397/397/397 400/400/400 399/399/399
f 399/399/399 400/400/400 402/402/402
f 399/399/399 402/402/402 401/401/401
f 401/401/401 402/402/402 404/404/404
f 401/401/401 404/404/404 403/403/403
f 403/403/403 404/404/404 406/406/406
f 403/403/403 406/406/406 405/405/405
f 405/405/405 406/406/406 408/408/408
f 405/405/405 408/408/408 407/407/407
f 407/407/407 408/408/408 410/410/410
f 407/407/407 410/410/410 409/409/409
f 409/409/409 410/410/410 412/412/412
f 409/409/409 412/412/412 411/411/411
f 411/411/411 412/412/412 414/414/414
f 411/411/411 414/414/414 413/413/413
f 413/413/413 414/414/414 416/416/416
f 413/413/413 416/416/416 415/415/415
f 415/415/415 416/416/416 418/418/418
f 415/415/415 418/418/418 417/417/417
f 417/417/417 418/418/418 420/420/420
f 417/417/417 420/420/420 419/419/419
f 419/419/419 420/420/420 422/422/422
f 419/419/419 422/422/422 421/421/421
f 421/421/421 422/422/422 424/424/424
f 421/421/421 424/424/424 423/423/423
f 423/423/423 424/424/424 426/426/426
f 423/423/423 426/426/426 425/425/425
f 425/425/425 426/426/426 428/428/428
f 425/425/425 428/428/428 427/427/427
f 427/427/427 428/428/428 430/430/430
f 427/427/427 430/430/430 429/429/429
f 429/429/429 430/430/430 432/432/432
f 429/429/429 432/432/432 431/431/431
f 431/431/431 432/432/432 434/434/434
f 431/431/431 434/434/434 433/433/433
f 433/433/433 434/434/434 436/436/436
f 433/433/433 436/436/436 435/435/435
f 435/435/435 436/436/436 438/438/438
f 435/435/435 438/438/438 437/437/437
f 437/437/437 438/438/438 440/440/440
f 437/437/437 440/440/440 439/439/439
f 439/439/439 440/440/440 394/394/394
f 439/439/439 394/394/394 393/393/393
f 441/441/441 443/443/443 445/445/445
f 442/442/442 446/446/446 444/444/444
f 441/441/441 445/445/445 447/447/447
f 442/442/442 448/448/448 446/446/446
f 441/441/441 447/447/447 449/449/449
f 442/442/442 450/450/450 448/448/448
f 441/441/441 449/449/449 451/451/451
f 442/442/442 452/452/452 450/450/450
f 441/441/441 451/451/451 453/453/453
f 442/442/442 454/454/454 452/452/452
f 441/441/441 453/453/453 455/455/455
f 442/442/442 456/456/456 454/454/454
f 441/441/441 455/455/455 457/457/457
f 442/442/442 458/458/458 456/456/456
f 441/441/441 457/457/457 459/459/459
f 442/442/442 460/460/460 458/458/458
f 441/441/441 459/459/459 461/461/461
f 442/442/442 462/462/462 460/460/460
f 441/441/441 461/461/461 463/463/463
f 442/442/442 464/464/464 462/462/462
f 441/441/441 463/463/463 465/465/465
f 442/442/442 466/466/466 464/464/464
f 441/441/441 465/465/465 467/467/467
f 442/442/442 468/468/468 466/466/466
f 441/441/441 467/467/467 469/469/469
f 442/442/442 470/470/470 468/468/468
f 441/441/441 469/469/469 471/471/471
f 442/442/442 472/472/472 470/470/470
f 441/441/441 471/471/471 473/473/473
f 442/442/442 474/474/474 472/472/472
f 441/441/441 473/473/473 475/475/475
f 442/442/442 476/476/476 474/474/474
f 441/441/441 475/475/475 477/477/477
f 442/442/442 478/478/478 476/476/476
f 441/441/441 477/477/477 479/479/479
f 442/442/442 480/480/480 478/478/478
f 441/441/441 479/479/479 481/481/481
f 442/442/442 482/482/482 480/480/480
f 441/441/441 481/481/481 483/483/483
f 442/442/442 484/484/484 482/482/482
f 441/441/441 483/483/483 485/485/485
f 442/442/442 486/486/486 484/484/484
f 441/441/441 485/485/485 487/487/487
f 442/442/442 488/488/488 486/486/486
f 441/441/441 487/487/487 489/489/489
f 442/442/442 490/490/490 488/488/488
f 441/441/441 489/489/489 443/443/443
f 442/442/442 444/444/444 490/490/490
f 491/491/491 492/492/492 494/494/494
f 491/491/491 494/494/494 493/493/493
f 493/493/493 494/494/494 496/496/496
f 493/493/493 496/496/496 495/495/495
f 495/495/495 496/496/496 498/498/498
f 495/495/495 498/498/498 497/497/497
f 497/497/497 498/498/498 500/500/500
f 497/497/497 500/500/500 499/499/499
f 499/499/499 500/500/500 502/502/502
f 499/499/499 502/502/502 501/501/501
f 501/501/501 502/502/502 492/492/492
f 501/501/501 492/492/492 491/491/491
f 503/503/503 505/505/505 507/507/507
f 504/504/504 508/508/508 506/506/506
f 503/503/503 507/507/507 509/509/509
f 504/504/504 510/510/510 508/508/508
f 503/503/503 509/509/509 511/511/511
f 504/504/504 512/512/512 510/510/510
f 503/503/503 511/511/511 513/513/513
f 504/504/504 514/514/514 512/512/512
f 503/503/503 513/513/513 515/515/515
f 504/504/504 516/516/516 514/514/514
f 503/503/503 515/515/515 505/505/505
f 504/504/504 506/506/506 516/516/516
f 517/517/517 518/518/518 520/520/520
f 517/517/517 520/520/520 519/519/519
f 519/519/519 520/520/520 522/522/522
f 519/519/519 522/522/522 521/521/521
f 521/521/521 522/522/522 524/524/524
f 521/521/521 524/524/524 523/523/523
f 523/523/523 524/524/524 526/526/526
f 523/523/523 526/526/526 525/525/525
f 525/525/525 526/526/526 528/528/528
f 525/525/525 528/528/528 527/527/527
f 527/527/527 528/528/528 518/518/518
f 527/527/527 518/518/518 517/517/517
f 529/529/529 531/531/531 533/533/533
f 530/530/530 534/534/534 532/532/532
f 529/529/529 533/533/533 535/535/535
f 530/530/530 536/536/536 534/534/534
f 529/529/529 535/535/535 537/537/537
f 530/530/530 538/538/538 536/536/536
f 529/529/529 537/537/537 539/539/539
f 530/530/530 540/540/540 538/538/538
f 529/529/529 539/539/539 541/541/541
f 530/530/530 542/542/542 540/540/540
f 529/529/529 541/541/541 531/531/531
f 530/530/530 532/532/532 542/542/542
f 543/543/543 544/544/544 546/546/546
f 543/543/543 546/546/546 545/545/545
f 545/545/545 546/546/546 548/548/548
f 545/545/545 548/548/548 547/547/547
f 547/547/547 548/548/548 550/550/550
f 547/547/547 550/550/550 549/549/549
f 549/549/549 550/550/550 552/552/552
f 549/549/549 552/552/552 551/551/551
f 551/551/551 552/552/552 554/554/554
f 551/551/551 554/554/554 553/553/553
f 553/553/553 554/554/554 544/544/544
f 553/553/553 544/544/544 543/543/543
f 555/555/555 557/557/557 559/559/559
f 556/556/556 560/560/560 558/558/558
f 555/555/555 559/559/559 561/561/561
f 556/556/556 562/562/562 560/560/560
f 555/555/555 561/561/561 563/563/563
f 556/556/556 564/564/564 562/562/562
f 555/555/555 563/563/563 565/565/565
f 556/556/556 566/566/566 564/564/564
f 555/555/555 565/565/565 567/567/567
f 556/556/556 568/568/568 566/566/566
f 555/555/555 567/567/567 557/557/557
f 556/556/556 558/558/558 568/568/568
f 569/569/569 570/570/570 572/572/572
f 569/569/569 572/572/572 571/571/571
f 571/571/571 572/572/572 574/574/574
f 571/571/571 574/574/574 573/573/573
f 573/573/573 574/574/574 576/576/576
f 573/573/573 576/576/576 575/575/575
f 575/575/575 576/576/576 578/578/578
f 575/575/575 578/578/578 577/577/577
f 577/577/577 578/578/578 580/580/580
f 577/577/577 580/580/580 579/579/579
f 579/579/579 580/580/580 570/570/570
f 579/579/579 570/570/570 569/569/569
f 581/581/581 583/583/583 585/585/585
f 582/582/582 586/586/586 584/584/584
f 581/581/581 585/585/585 587/587/587
f 582/582/582 588/588/588 586/586/586
f 581/581/581 587/587/587 589/589/589
f 582/582/582 590/590/590 588/588/588
f 581/581/581 589/589/589 591/591/591
f 582/582/582 592/592/592 590/590/590
f 581/581/581 591/591/591 593/593/593
f 582/582/582 594/594/594 592/592/592
f 581/581/581 593/593/593 583/583/583
f 582/582/582 584/584/584 594/594/594
f 595/595/595 596/596/596 598/598/598
f 595/595/595 598/598/598 597/597/597
f 597/597/597 598/598/598 600/600/600
f 597/597/597 600/600/600 599/599/599
f 599/599/599 600/600/600 602/602/602
f 599/599/599 602/602/602 601/601/601
f 601/601/601 602/602/602 604/604/604
f 601/601/601 604/604/604 603/603/603
f 603/603/603 604/604/604 606/606/606
f 603/603/603 606/606/606 605/605/605
f 605/605/605 606/606/606 596/596/596
f 605/605/605 596/596/596 595/595/595
f 607/607/607 609/609/609 611/611/611
f 608/608/608 612/612/612 610/610/610
f 607/607/607 611/611/611 613/613/613
f 608/608/608 614/614/614 612/612/612
f 607/607/607 613/613/613 615/615/615
f 608/608/608 616/616/616 614/614/614
f 607/607/607 615/615/615 617/617/617
f 608/608/608 618/618/618 616/616/616
f 607/607/607 617/617/617 619/619/619
f 608/608/608 620/620/620 618/618/618
f 607/607/607 619/619/619 609/609/609
f 608/608/608 610/610/610 620/620/620
f 621/621/621 622/622/622 624/624/624
f 621/621/621 624/624/624 623/623/623
f 623/623/623 624/624/624 626/626/626
f 623/623/623 626/626/626 625/625/625
f 625/625/625 626/626/626 628/628/628
f 625/625/625 628/628/628 627/627/627
f 627/627/627 628/628/628 630/630/630
f 627/627/627 630/630/630 629/629/629
f 629/629/629 630/630/630 632/632/632
f 629/629/629 632/632/632 631/631/631
f 631/631/631 632/632/632 622/622/622
f 631/631/631 622/622/622 621/621/621
f 633/633/633 635/635/635 637/637/637
f 634/634/634 638/638/638 636/636/636
f 633/633/633 637/637/637 639/639/639
f 634/634/634 640/640/640 638/638/638
f 633/633/633 639/639/639 641/641/641
f 634/634/634 642/642/642 640/640/640
f 633/633/633 641/641/641 643/643/643
f 634/634/634 644/644/644 642/642/642
f 633/633/633 643/643/643 645/645/645
f 634/634/634 646/646/646 644/644/644
f 633/633/633 645/645/645 635/635/635
f 634/634/634 636/636/636 646/646/646
usemtl 02_Brass
f 647/647/647 648/648/648 650/650/650
f 647/647/647 650/650/650 649/649/649
f 649/649/649 650/650/650 652/652/652
f 649/649/649 652/652/652 651/651/651
f 651/651/651 652/652/652 654/654/654
f 651/651/651 654/654/654 653/653/653
f 653/653/653 654/654/654 656/656/656
f 653/653/653 656/656/656 655/655/655
f 655/655/655 656/656/656 658/658/658
f 655/655/655 658/658/658 657/657/657
f 657/657/657 658/658/658 660/660/660
f 657/657/657 660/660/660 659/659/659
f 659/659/659 660/660/660 662/662/662
f 659/659/659 662/662/662 661/661/661
f 661/661/661 662/662/662 664/664/664
f 661/661/661 664/664/664 663/663/663
f 663/663/663 664/664/664 666/666/666
f 663/663/663 666/666/666 665/665/665
f 665/665/665 666/666/666 668/668/668
f 665/665/665 668/668/668 667/667/667
f 667/667/667 668/668/668 670/670/670
f 667/667/667 670/670/670 669/669/669
f 669/669/669 670/670/670 672/672/672
f 669/669/669 672/672/672 671/671/671
f 671/671/671 672/672/672 674/674/674
f 671/671/671 674/674/674 673/673/673
f 673/673/673 674/674/674 676/676/676
f 673/673/673 676/676/676 675/675/675
f 675/675/675 676/676/676 678/678/678
f 675/675/675 678/678/678 677/677/677
f 677/677/677 678/678/678 648/648/648
f 677/677/677 648/648/648 647/647/647
f 679/679/679 681/681/681 683/683/683
f 680/680/680 684/684/684 682/682/682
f 679/679/679 683/683/683 685/685/685
f 680/680/680 686/686/686 684/684/684
f 679/679/679 685/685/685 687/687/687
f 680/680/680 688/688/688 686/686/686
f 679/679/679 687/687/687 689/689/689
f 680/680/680 690/690/690 688/688/688
f 679/679/679 689/689/689 691/691/691
f 680/680/680 692/692/692 690/690/690
f 679/679/679 691/691/691 693/693/693
f 680/680/680 694/694/694 692/692/692
f 679/679/679 693/693/693 695/695/695
f 680/680/680 696/696/696 694/694/694
f 679/679/679 695/695/695 697/697/697
f 680/680/680 698/698/698 696/696/696
f 679/679/679 697/697/697 699/699/699
f 680/680/680 700/700/700 698/698/698
f 679/679/679 699/699/699 701/701/701
f 680/680/680 702/702/702 700/700/700
f 679/679/679 701/701/701 703/703/703
f 680/680/680 704/704/704 702/702/702
f 679/679/679 703/703/703 705/705/705
f 680/680/680 706/706/706 704/704/704
f 679/679/679 705/705/705 707/707/707
f 680/680/680 708/708/708 706/706/706
f 679/679/679 707/707/707 709/709/709
f 680/680/680 710/710/710 708/708/708
f 679/679/679 709/709/709 711/711/711
f 680/680/680 712/712/712 710/710/710
f 679/679/679 711/711/711 681/681/681
f 680/680/680 682/682/682 712/712/712
f 713/713/713 714/714/714 716/716/716
f 713/713/713 716/716/716 715/715/715
f 715/715/715 716/716/716 718/718/718
f 715/715/715 718/718/718 717/717/717
f 717/717/717 718/718/718 720/720/720
f 717/717/717 720/720/720 719/719/719
f 719/719/719 720/720/720 722/722/722
f 719/719/719 722/722/722 721/721/721
f 721/721/721 722/722/722 724/724/724
f 721/721/721 724/724/724 723/723/723
f 723/723/723 724/724/724 714/714/714
f 723/723/723 714/714/714 713/713/713
f 725/725/725 727/727/727 729/729/729
f 726/726/726 730/730/730 728/728/728
f 725/725/725 729/729/729 731/731/731
f 726/726/726 732/732/732 730/730/730
f 725/725/725 731/731/731 733/733/733
f 726/726/726 734/734/734 732/732/732
f 725/725/725 733/733/733 735/735/735
f 726/726/726 736/736/736 734/734/734
f 725/725/725 735/735/735 737/737/737
f 726/726/726 738/738/738 736/736/736
f 725/725/725 737/737/737 727/727/727
f 726/726/726 728/728/728 738/738/738
usemtl 03_Red
f 739/739/739 751/751/751 752/752/752
f 739/739/739 752/752/752 740/740/740
f 740/740/740 752/752/752 753/753/753
f 740/740/740 753/753/753 741/741/741
f 741/741/741 753/753/753 754/754/754
f 741/741/741 754/754/754 742/742/742
f 742/742/742 754/754/754 755/755/755
f 742/742/742 755/755/755 743/743/743
f 743/743/743 755/755/755 756/756/756
f 743/743/743 756/756/756 744/744/744
f 744/744/744 756/756/756 757/757/757
f 744/744/744 757/757/757 745/745/745
f 745/745/745 757/757/757 758/758/758
f 745/745/745 758/758/758 746/746/746
f 746/746/746 758/758/758 759/759/759
f 746/746/746 759/759/759 747/747/747
f 747/747/747 759/759/759 760/760/760
f 747/747/747 760/760/760 748/748/748
f 748/748/748 760/760/760 761/761/761
f 748/748/748 761/761/761 749/749/749
f 749/749/749 761/761/761 762/762/762
f 749/749/749 762/762/762 750/750/750
f 750/750/750 762/762/762 751/751/751
f 750/750/750 751/751/751 739/739/739
f 751/751/751 763/763/763 764/764/764
f 751/751/751 764/764/764 752/752/752
f 752/752/752 764/764/764 765/765/765
f 752/752/752 765/765/765 753/753/753
f 753/753/753 765/765/765 766/766/766
f 753/753/753 766/766/766 754/754/754
f 754/754/754 766/766/766 767/767/767
f 754/754/754 767/767/767 755/755/755
f 755/755/755 767/767/767 768/768/768
f 755/755/755 768/768/768 756/756/756
f 756/756/756 768/768/768 769/769/769
f 756/756/756 769/769/769 757/757/757
f 757/757/757 769/769/769 770/770/770
f 757/757/757 770/770/770 758/758/758
f 758/758/758 770/770/770 771/771/771
f 758/758/758 771/771/771 759/759/759
f 759/759/759 771/771/771 772/772/772
f 759/759/759 772/772/772 760/760/760
f 760/760/760 772/772/772 773/773/773
f 760/760/760 773/773/773 761/761/761
f 761/761/761 773/773/773 774/774/774
f 761/761/761 774/774/774 762/762/762
f 762/762/762 774/774/774 763/763/763
f 762/762/762 763/763/763 751/751/751
f 763/763/763 775/775/775 776/776/776
f 763/763/763 776/776/776 764/764/764
f 764/764/764 776/776/776 777/777/777
f 764/764/764 777/777/777 765/765/765
f 765/765/765 777/777/777 778/778/778
f 765/765/765 778/778/778 766/766/766
f 766/766/766 778/778/778 779/779/779
f 766/766/766 779/779/779 767/767/767
f 767/767/767 779/779/779 780/780/780
f 767/767/767 780/780/780 768/768/768
f 768/768/768 780/780/780 781/781/781
f 768/768/768 781/781/781 769/769/769
f 769/769/769 781/781/781 782/782/782
f 769/769/769 782/782/782 770/770/770
f 770/770/770 782/782/782 783/783/783
f 770/770/770 783/783/783 771/771/771
f 771/771/771 783/783/783 784/784/784
f 771/771/771 784/784/784 772/772/772
f 772/772/772 784/784/784 785/785/785
f 772/772/772 785/785/785 773/773/773
f 773/773/773 785/785/785 786/786/786
f 773/773/773 786/786/786 774/774/774
f 774/774/774 786/786/786 775/775/775
f 774/774/774 775/775/775 763/763/763
f 775/775/775 787/787/787 788/788/788
f 775/775/775 788/788/788 776/776/776
f 776/776/776 788/788/788 789/789/789
f 776/776/776 789/789/789 777/777/777
f 777/777/777 789/789/789 790/790/790
f 777/777/777 790/790/790 778/778/778
f 778/778/778 790/790/790 791/791/791
f 778/778/778 791/791/791 779/779/779
f 779/779/779 791/791/791 792/792/792
f 779/779/779 792/792/792 780/780/780
f 780/780/780 792/792/792 793/793/793
f 780/780/780 793/793/793 781/781/781
f 781/781/781 793/793/793 794/794/794
f 781/781/781 794/794/794 782/782/782
f 782/782/782 794/794/794 795/795/795
f 782/782/782 795/795/795 783/783/783
f 783/783/783 795/795/795 796/796/796
f 783/783/783 796/796/796 784/784/784
f 784/784/784 796/796/796 797/797/797
f 784/784/784 797/797/797 785/785/785
f 785/785/785 797/797/797 798/798/798
f 785/785/785 798/798/798 786/786/786
f 786/786/786 798/798/798 787/787/787
f 786/786/786 787/787/787 775/775/775
f 787/787/787 799/799/799 800/800/800
f 787/787/787 800/800/800 788/788/788
f 788/788/788 800/800/800 801/801/801
f 788/788/788 801/801/801 789/789/789
f 789/789/789 801/801/801 802/802/802
f 789/789/789 802/802/802 790/790/790
f 790/790/790 802/802/802 803/803/803
f 790/790/790 803/803/803 791/791/791
f 791/791/791 803/803/803 804/804/804
f 791/791/791 804/804/804 792/792/792
f 792/792/792 804/804/804 805/805/805
f 792/792/792 805/805/805 793/793/793
f 793/793/793 805/805/805 806/806/806
f 793/793/793 806/806/806 794/794/794
f 794/794/794 806/806/806 807/807/807
f 794/794/794 807/807/807 795/795/795
f 795/795/795 807/807/807 808/808/808
f 795/795/795 808/808/808 796/796/796
f 796/796/796 808/808/808 809/809/809
f 796/796/796 809/809/809 797/797/797
f 797/797/797 809/809/809 810/810/810
f 797/797/797 810/810/810 798/798/798
f 798/798/798 810/810/810 799/799/799
f 798/798/798 799/799/799 787/787/787
f 799/799/799 811/811/811 812/812/812
f 799/799/799 812/812/812 800/800/800
f 800/800/800 812/812/812 813/813/813
f 800/800/800 813/813/813 801/801/801
f 801/801/801 813/813/813 814/814/814
f 801/801/801 814/814/814 802/802/802
f 802/802/802 814/814/814 815/815/815
f 802/802/802 815/815/815 803/803/803
f 803/803/803 815/815/815 816/816/816
f 803/803/803 816/816/816 804/804/804
f 804/804/804 816/816/816 817/817/817
f 804/804/804 817/817/817 805/805/805
f 805/805/805 817/817/817 818/818/818
f 805/805/805 818/818/818 806/806/806
f 806/806/806 818/818/818 819/819/819
f 806/806/806 819/819/819 807/807/807
f 807/807/807 819/819/819 820/820/820
f 807/807/807 820/820/820 808/808/808
f 808/808/808 820/820/820 821/821/821
f 808/808/808 821/821/821 809/809/809
f 809/809/809 821/821/821 822/822/822
f 809/809/809 822/822/822 810/810/810
f 810/810/810 822/822/822 811/811/811
f 810/810/810 811/811/811 799/799/799
f 811/811/811 823/823/823 824/824/824
f 811/811/811 824/824/824 812/812/812
f 812/812/812 824/824/824 825/825/825
f 812/812/812 825/825/825 813/813/813
f 813/813/813 825/825/825 826/826/826
f 813/813/813 826/826/826 814/814/814
f 814/814/814 826/826/826 827/827/827
f 814/814/814 827/827/827 815/815/815
f 815/815/815 827/827/827 828/828/828
f 815/815/815 828/828/828 816/816/816
f 816/816/816 828/828/828 829/829/829
f 816/816/816 829/829/829 817/817/817
f 817/817/817 829/829/829 830/830/830
f 817/817/817 830/830/830 818/818/818
f 818/818/818 830/830/830 831/831/831
f 818/818/818 831/831/831 819/819/819
f 819/819/819 831/831/831 832/832/832
f 819/819/819 832/832/832 820/820/820
f 820/820/820 832/832/832 833/833/833
f 820/820/820 833/833/833 821/821/821
f 821/821/821 833/833/833 834/834/834
f 821/821/821 834/834/834 822/822/822
f 822/822/822 834/834/834 823/823/823
f 822/822/822 823/823/823 811/811/811
f 823/823/823 835/835/835 836/836/836
f 823/823/823 836/836/836 824/824/824
f 824/824/824 836/836/836 837/837/837
f 824/824/824 837/837/837 825/825/825
f 825/825/825 837/837/837 838/838/838
f 825/825/825 838/838/838 826/826/826
f 826/826/826 838/838/838 839/839/839
f 826/826/826 839/839/839 827/827/827
f 827/827/827 839/839/839 840/840/840
f 827/827/827 840/840/840 828/828/828
f 828/828/828 840/840/840 841/841/841
f 828/828/828 841/841/841 829/829/829
f 829/829/829 841/841/841 842/842/842
f 829/829/829 842/842/842 830/830/830
f 830/830/830 842/842/842 843/843/843
f 830/830/830 843/843/843 831/831/831
f 831/831/831 843/843/843 844/844/844
f 831/831/831 844/844/844 832/832/832
f 832/832/832 844/844/844 845/845/845
f 832/832/832 845/845/845 833/833/833
f 833/833/833 845/845/845 846/846/846
f 833/833/833 846/846/846 834/834/834
f 834/834/834 846/846/846 835/835/835
f 834/834/834 835/835/835 823/823/823
f 835/835/835 847/847/847 848/848/848
f 835/835/835 848/848/848 836/836/836
f 836/836/836 848/848/848 849/849/849
f 836/836/836 849/849/849 837/837/837
f 837/837/837 849/849/849 850/850/850
f 837/837/837 850/850/850 838/838/838
f 838/838/838 850/850/850 851/851/851
f 838/838/838 851/851/851 839/839/839
f 839/839/839 851/851/851 852/852/852
f 839/839/839 852/852/852 840/840/840
f 840/840/840 852/852/852 853/853/853
f 840/840/840 853/853/853 841/841/841
f 841/841/841 853/853/853 854/854/854
f 841/841/841 854/854/854 842/842/842
f 842/842/842 854/854/854 855/855/855
f 842/842/842 855/855/855 843/843/843
f 843/843/843 855/855/855 856/856/856
f 843/843/843 856/856/856 844/844/844
f 844/844/844 856/856/856 857/857/857
f 844/844/844 857/857/857 845/845/845
f 845/845/845 857/857/857 858/858/858
f 845/845/845 858/858/858 846/846/846
f 846/846/846 858/858/858 847/847/847
f 846/846/846 847/847/847 835/835/835
f 847/847/847 859/859/859 860/860/860
f 847/847/847 860/860/860 848/848/848
f 848/848/848 860/860/860 861/861/861
f 848/848/848 861/861/861 849/849/849
f 849/849/849 861/861/861 862/862/862
f 849/849/849 862/862/862 850/850/850
f 850/850/850 862/862/862 863/863/863
f 850/850/850 863/863/863 851/851/851
f 851/851/851 863/863/863 864/864/864
f 851/851/851 864/864/864 852/852/852
f 852/852/852 864/864/864 865/865/865
f 852/852/852 865/865/865 853/853/853
f 853/853/853 865/865/865 866/866/866
f 853/853/853 866/866/866 854/854/854
f 854/854/854 866/866/866 867/867/867
f 854/854/854 867/867/867 855/855/855
f 855/855/855 867/867/867 868/868/868
f 855/855/855 868/868/868 856/856/856
f 856/856/856 868/868/868 869/869/869
f 856/856/856 869/869/869 857/857/857
f 857/857/857 869/869/869 870/870/870
f 857/857/857 870/870/870 858/858/858
f 858/858/858 870/870/870 859/859/859
f 858/858/858 859/859/859 847/847/847
f 859/859/859 871/871/871 872/872/872
f 859/859/859 872/872/872 860/860/860
f 860/860/860 872/872/872 873/873/873
f 860/860/860 873/873/873 861/861/861
f 861/861/861 873/873/873 874/874/874
f 861/861/861 874/874/874 862/862/862
f 862/862/862 874/874/874 875/875/875
f 862/862/862 875/875/875 863/863/863
f 863/863/863 875/875/875 876/876/876
f 863/863/863 876/876/876 864/864/864
f 864/864/864 876/876/876 877/877/877
f 864/864/864 877/877/877 865/865/865
f 865/865/865 877/877/877 878/878/878
f 865/865/865 878/878/878 866/866/866
f 866/866/866 878/878/878 879/879/879
f 866/866/866 879/879/879 867/867/867
f 867/867/867 879/879/879 880/880/880
f 867/867/867 880/880/880 868/868/868
f 868/868/868 880/880/880 881/881/881
f 868/868/868 881/881/881 869/869/869
f 869/869/869 881/881/881 882/882/882
f 869/869/869 882/882/882 870/870/870
f 870/870/870 882/882/882 871/871/871
f 870/870/870 871/871/871 859/859/859
f 871/871/871 883/883/883 884/884/884
f 871/871/871 884/884/884 872/872/872
f 872/872/872 884/884/884 885/885/885
f 872/872/872 885/885/885 873/873/873
f 873/873/873 885/885/885 886/886/886
f 873/873/873 886/886/886 874/874/874
f 874/874/874 886/886/886 887/887/887
f 874/874/874 887/887/887 875/875/875
f 875/875/875 887/887/887 888/888/888
f 875/875/875 888/888/888 876/876/876
f 876/876/876 888/888/888 889/889/889
f 876/876/876 889/889/889 877/877/877
f 877/877/877 889/889/889 890/890/890
f 877/877/877 890/890/890 878/878/878
f 878/878/878 890/890/890 891/891/891
f 878/878/878 891/891/891 879/879/879
f 879/879/879 891/891/891 892/892/892
f 879/879/879 892/892/892 880/880/880
f 880/880/880 892/892/892 893/893/893
f 880/880/880 893/893/893 881/881/881
f 881/881/881 893/893/893 894/894/894
f 881/881/881 894/894/894 882/882/882
f 882/882/882 894/894/894 883/883/883
f 882/882/882 883/883/883 871/871/871
f 883/883/883 895/895/895 896/896/896
f 883/883/883 896/896/896 884/884/884
f 884/884/884 896/896/896 897/897/897
f 884/884/884 897/897/897 885/885/885
f 885/885/885 897/897/897 898/898/898
f 885/885/885 898/898/898 886/886/886
f 886/886/886 898/898/898 899/899/899
f 886/886/886 899/899/899 887/887/887
f 887/887/887 899/899/899 900/900/900
f 887/887/887 900/900/900 888/888/888
f 888/888/888 900/900/900 901/901/901
f 888/888/888 901/901/901 889/889/889
f 889/889/889 901/901/901 902/902/902
f 889/889/889 902/902/902 890/890/890
f 890/890/890 902/902/902 903/903/903
f 890/890/890 903/903/903 891/891/891
f 891/891/891 903/903/903 904/904/904
f 891/891/891 904/904/904 892/892/892
f 892/892/892 904/904/904 905/905/905
f 892/892/892 905/905/905 893/893/893
f 893/893/893 905/905/905 906/906/906
f 893/893/893 906/906/906 894/894/894
f 894/894/894 906/906/906 895/895/895
f 894/894/894 895/895/895 883/883/883
f 895/895/895 907/907/907 908/908/908
f 895/895/895 908/908/908 896/896/896
f 896/896/896 908/908/908 909/909/909
f 896/896/896 909/909/909 897/897/897
f 897/897/897 909/909/909 910/910/910
f 897/897/897 910/910/910 898/898/898
f 898/898/898 910/910/910 911/911/911
f 898/898/898 911/911/911 899/899/899
f 899/899/899 911/911/911 912/912/912
f 899/899/899 912/912/912 900/900/900
f 900/900/900 912/912/912 913/913/913
f 900/900/900 913/913/913 901/901/901
f 901/901/901 913/913/913 914/914/914
f 901/901/901 914/914/914 902/902/902
f 902/902/902 914/914/914 915/915/915
f 902/902/902 915/915/915 903/903/903
f 903/903/903 915/915/915 916/916/916
f 903/903/903 916/916/916 904/904/904
f 904/904/904 916/916/916 917/917/917
f 904/904/904 917/917/917 905/905/905
f 905/905/905 917/917/917 918/918/918
f 905/905/905 918/918/918 906/906/906
f 906/906/906 918/918/918 907/907/907
f 906/906/906 907/907/907 895/895/895
f 907/907/907 919/919/919 920/920/920
f 907/907/907 920/920/920 908/908/908
f 908/908/908 920/920/920 921/921/921
f 908/908/908 921/921/921 909/909/909
f 909/909/909 921/921/921 922/922/922
f 909/909/909 922/922/922 910/910/910
f 910/910/910 922/922/922 923/923/923
f 910/910/910 923/923/923 911/911/911
f 911/911/911 923/923/923 924/924/924
f 911/911/911 924/924/924 912/912/912
f 912/912/912 924/924/924 925/925/925
f 912/912/912 925/925/925 913/913/913
f 913/913/913 925/925/925 926/926/926
f 913/913/913 926/926/926 914/914/914
f 914/914/914 926/926/926 927/927/927
f 914/914/914 927/927/927 915/915/915
f 915/915/915 927/927/927 928/928/928
f 915/915/915 928/928/928 916/916/916
f 916/916/916 928/928/928 929/929/929
f 916/916/916 929/929/929 917/917/917
f 917/917/917 929/929/929 930/930/930
f 917/917/917 930/930/930 918/918/918
f 918/918/918 930/930/930 919/919/919
f 918/918/918 919/919/919 907/907/907
f 919/919/919 931/931/931 932/932/932
f 919/919/919 932/932/932 920/920/920
f 920/920/920 932/932/932 933/933/933
f 920/920/920 933/933/933 921/921/921
f 921/921/921 933/933/933 934/934/934
f 921/921/921 934/934/934 922/922/922
f 922/922/922 934/934/934 935/935/935
f 922/922/922 935/935/935 923/923/923
f 923/923/923 935/935/935 936/936/936
f 923/923/923 936/936/936 924/924/924
f 924/924/924 936/936/936 937/937/937
f 924/924/924 937/937/937 925/925/925
f 925/925/925 937/937/937 938/938/938
f 925/925/925 938/938/938 926/926/926
f 926/926/926 938/938/938 939/939/939
f 926/926/926 939/939/939 927/927/927
f 927/927/927 939/939/939 940/940/940
f 927/927/927 940/940/940 928/928/928
f 928/928/928 940/940/940 941/941/941
f 928/928/928 941/941/941 929/929/929
f 929/929/929 941/941/941 942/942/942
f 929/929/929 942/942/942 930/930/930
f 930/930/930 942/942/942 931/931/931
f 930/930/930 931/931/931 919/919/919
f 931/931/931 943/943/943 944/944/944
f 931/931/931 944/944/944 932/932/932
f 932/932/932 944/944/944 945/945/945
f 932/932/932 945/945/945 933/933/933
f 933/933/933 945/945/945 946/946/946
f 933/933/933 946/946/946 934/934/934
f 934/934/934 946/946/946 947/947/947
f 934/934/934 947/947/947 935/935/935
f 935/935/935 947/947/947 948/948/948
f 935/935/935 948/948/948 936/936/936
f 936/936/936 948/948/948 949/949/949
f 936/936/936 949/949/949 937/937/937
f 937/937/937 949/949/949 950/950/950
f 937/937/937 950/950/950 938/938/938
f 938/938/938 950/950/950 951/951/951
f 938/938/938 951/951/951 939/939/939
f 939/939/939 951/951/951 952/952/952
f 939/939/939 952/952/952 940/940/940
f 940/940/940 952/952/952 953/953/953
f 940/940/940 953/953/953 941/941/941
f 941/941/941 953/953/953 954/954/954
f 941/941/941 954/954/954 942/942/942
f 942/942/942 954/954/954 943/943/943
f 942/942/942 943/943/943 931/931/931
f 943/943/943 955/955/955 956/956/956
f 943/943/943 956/956/956 944/944/944
f 944/944/944 956/956/956 957/957/957
f 944/944/944 957/957/957 945/945/945
f 945/945/945 957/957/957 958/958/958
f 945/945/945 958/958/958 946/946/946
f 946/946/946 958/958/958 959/959/959
f 946/946/946 959/959/959 947/947/947
f 947/947/947 959/959/959 960/960/960
f 947/947/947 960/960/960 948/948/948
f 948/948/948 960/960/960 961/961/961
f 948/948/948 961/961/961 949/949/949
f 949/949/949 961/961/961 962/962/962
f 949/949/949 962/962/962 950/950/950
f 950/950/950 962/962/962 963/963/963
f 950/950/950 963/963/963 951/951/951
f 951/951/951 963/963/963 964/964/964
f 951/951/951 964/964/964 952/952/952
f 952/952/952 964/964/964 965/965/965
f 952/952/952 965/965/965 953/953/953
f 953/953/953 965/965/965 966/966/966
f 953/953/953 966/966/966 954/954/954
f 954/954/954 966/966/966 955/955/955
f 954/954/954 955/955/955 943/943/943
f 955/955/955 967/967/967 968/968/968
f 955/955/955 968/968/968 956/956/956
f 956/956/956 968/968/968 969/969/969
f 956/956/956 969/969/969 957/957/957
f 957/957/957 969/969/969 970/970/970
f 957/957/957 970/970/970 958/958/958
f 958/958/958 970/970/970 971/971/971
f 958/958/958 971/971/971 959/959/959
f 959/959/959 971/971/971 972/972/972
f 959/959/959 972/972/972 960/960/960
f 960/960/960 972/972/972 973/973/973
f 960/960/960 973/973/973 961/961/961
f 961/961/961 973/973/973 974/974/974
f 961/961/961 974/974/974 962/962/962
f 962/962/962 974/974/974 975/975/975
f 962/962/962 975/975/975 963/963/963
f 963/963/963 975/975/975 976/976/976
f 963/963/963 976/976/976 964/964/964
f 964/964/964 976/976/976 977/977/977
f 964/964/964 977/977/977 965/965/965
f 965/965/965 977/977/977 978/978/978
f 965/965/965 978/978/978 966/966/966
f 966/966/966 978/978/978 967/967/967
f 966/966/966 967/967/967 955/955/955
f 967/967/967 979/979/979 980/980/980
f 967/967/967 980/980/980 968/968/968
f 968/968/968 980/980/980 981/981/981
f 968/968/968 981/981/981 969/969/969
f 969/969/969 981/981/981 982/982/982
f 969/969/969 982/982/982 970/970/970
f 970/970/970 982/982/982 983/983/983
f 970/970/970 983/983/983 971/971/971
f 971/971/971 983/983/983 984/984/984
f 971/971/971 984/984/984 972/972/972
f 972/972/972 984/984/984 985/985/985
f 972/972/972 985/985/985 973/973/973
f 973/973/973 985/985/985 986/986/986
f 973/973/973 986/986/986 974/974/974
f 974/974/974 986/986/986 987/987/987
f 974/974/974 987/987/987 975/975/975
f 975/975/975 987/987/987 988/988/988
f 975/975/975 988/988/988 976/976/976
f 976/976/976 988/988/988 989/989/989
f 976/976/976 989/989/989 977/977/977
f 977/977/977 989/989/989 990/990/990
f 977/977/977 990/990/990 978/978/978
f 978/978/978 990/990/990 979/979/979
f 978/978/978 979/979/979 967/967/967
f 979/979/979 991/991/991 992/992/992
f 979/979/979 992/992/992 980/980/980
f 980/980/980 992/992/992 993/993/993
f 980/980/980 993/993/993 981/981/981
f 981/981/981 993/993/993 994/994/994
f 981/981/981 994/994/994 982/982/982
f 982/982/982 994/994/994 995/995/995
f 982/982/982 995/995/995 983/983/983
f 983/983/983 995/995/995 996/996/996
f 983/983/983 996/996/996 984/984/984
f 984/984/984 996/996/996 997/997/997
f 984/984/984 997/997/997 985/985/985
f 985/985/985 997/997/997 998/998/998
f 985/985/985 998/998/998 986/986/986
f 986/986/986 998/998/998 999/999/999
f 986/986/986 999/999/999 987/987/987
f 987/987/987 999/999/999 1000/1000/1000
f 987/987/987 1000/1000/1000 988/988/988
f 988/988/988 1000/1000/1000 1001/1001/1001
f 988/988/988 1001/1001/1001 989/989/989
f 989/989/989 1001/1001/1001 1002/1002/1002
f 989/989/989 1002/1002/1002 990/990/990
f 990/990/990 1002/1002/1002 991/991/991
f 990/990/990 991/991/991 979/979/979
f 991/991/991 1003/1003/1003 1004/1004/1004
f 991/991/991 1004/1004/1004 992/992/992
f 992/992/992 1004/1004/1004 1005/1005/1005
f 992/992/992 1005/1005/1005 993/993/993
f 993/993/993 1005/1005/1005 1006/1006/1006
f 993/993/993 1006/1006/1006 994/994/994
f 994/994/994 1006/1006/1006 1007/1007/1007
f 994/994/994 1007/1007/1007 995/995/995
f 995/995/995 1007/1007/1007 1008/1008/1008
f 995/995/995 1008/1008/1008 996/996/996
f 996/996/996 1008/1008/1008 1009/1009/1009
f 996/996/996 1009/1009/1009 997/997/997
f 997/997/997 1009/1009/1009 1010/1010/1010
f 997/997/997 1010/1010/1010 998/998/998
f 998/998/998 1010/1010/1010 1011/1011/1011
f 998/998/998 1011/1011/1011 999/999/999
f 999/999/999 1011/1011/1011 1012/1012/1012
f 999/999/999 1012/1012/1012 1000/1000/1000
f 1000/1000/1000 1012/1012/1012 1013/1013/1013
f 1000/1000/1000 1013/1013/1013 1001/1001/1001
f 1001/1001/1001 1013/1013/1013 1014/1014/1014
f 1001/1001/1001 1014/1014/1014 1002/1002/1002
f 1002/1002/1002 1014/1014/1014 1003/1003/1003
f 1002/1002/1002 1003/1003/1003 991/991/991
f 1003/1003/1003 1015/1015/1015 1016/1016/1016
f 1003/1003/1003 1016/1016/1016 1004/1004/1004
f 1004/1004/1004 1016/1016/1016 1017/1017/1017
f 1004/1004/1004 1017/1017/1017 1005/1005/1005
f 1005/1005/1005 1017/1017/1017 1018/1018/1018
f 1005/1005/1005 1018/1018/1018 1006/1006/1006
f 1006/1006/1006 1018/1018/1018 1019/1019/1019
f 1006/1006/1006 1019/1019/1019 1007/1007/1007
f 1007/1007/1007 1019/1019/1019 1020/1020/1020
f 1007/1007/1007 1020/1020/1020 1008/1008/1008
f 1008/1008/1008 1020/1020/1020 1021/1021/1021
f 1008/1008/1008 1021/1021/1021 1009/1009/1009
f 1009/1009/1009 1021/1021/1021 1022/1022/1022
f 1009/1009/1009 1022/1022/1022 1010/1010/1010
f 1010/1010/1010 1022/1022/1022 1023/1023/1023
f 1010/1010/1010 1023/1023/1023 1011/1011/1011
f 1011/1011/1011 1023/1023/1023 1024/1024/1024
f 1011/1011/1011 1024/1024/1024 1012/1012/1012
f 1012/1012/1012 1024/1024/1024 1025/1025/1025
f 1012/1012/1012 1025/1025/1025 1013/1013/1013
f 1013/1013/1013 1025/1025/1025 1026/1026/1026
f 1013/1013/1013 1026/1026/1026 1014/1014/1014
f 1014/1014/1014 1026/1026/1026 1015/1015/1015
f 1014/1014/1014 1015/1015/1015 1003/1003/1003
f 1015/1015/1015 739/739/739 740/740/740
f 1015/1015/1015 740/740/740 1016/1016/1016
f 1016/1016/1016 740/740/740 741/741/741
f 1016/1016/1016 741/741/741 1017/1017/1017
f 1017/1017/1017 741/741/741 742/742/742
f 1017/1017/1017 742/742/742 1018/1018/1018
f 1018/1018/1018 742/742/742 743/743/743
f 1018/1018/1018 743/743/743 1019/1019/1019
f 1019/1019/1019 743/743/743 744/744/744
f 1019/1019/1019 744/744/744 1020/1020/1020
f 1020/1020/1020 744/744/744 745/745/745
f 1020/1020/1020 745/745/745 1021/1021/1021
f 1021/1021/1021 745/745/745 746/746/746
f 1021/1021/1021 746/746/746 1022/1022/1022
f 1022/1022/1022 746/746/746 747/747/747
f 1022/1022/1022 747/747/747 1023/1023/1023
f 1023/1023/1023 747/747/747 748/748/748
f 1023/1023/1023 748/748/748 1024/1024/1024
f 1024/1024/1024 748/748/748 749/749/749
f 1024/1024/1024 749/749/749 1025/1025/1025
f 1025/1025/1025 749/749/749 750/750/750
f 1025/1025/1025 750/750/750 1026/1026/1026
f 1026/1026/1026 750/750/750 739/739/739
f 1026/1026/1026 739/739/739 1015/1015/1015
f 1027/1027/1027 1028/1028/1028 1030/1030/1030
f 1027/1027/1027 1030/1030/1030 1029/1029/1029
f 1029/1029/1029 1030/1030/1030 1032/1032/1032
f 1029/1029/1029 1032/1032/1032 1031/1031/1031
f 1031/1031/1031 1032/1032/1032 1034/1034/1034
f 1031/1031/1031 1034/1034/1034 1033/1033/1033
f 1033/1033/1033 1034/1034/1034 1036/1036/1036
f 1033/1033/1033 1036/1036/1036 1035/1035/1035
f 1035/1035/1035 1036/1036/1036 1038/1038/1038
f 1035/1035/1035 1038/1038/1038 1037/1037/1037
f 1037/1037/1037 1038/1038/1038 1040/1040/1040
f 1037/1037/1037 1040/1040/1040 1039/1039/1039
f 1039/1039/1039 1040/1040/1040 1042/1042/1042
f 1039/1039/1039 1042/1042/1042 1041/1041/1041
f 1041/1041/1041 1042/1042/1042 1044/1044/1044
f 1041/1041/1041 1044/1044/1044 1043/1043/1043
f 1043/1043/1043 1044/1044/1044 1046/1046/1046
f 1043/1043/1043 1046/1046/1046 1045/1045/1045
f 1045/1045/1045 1046/1046/1046 1048/1048/1048
f 1045/1045/1045 1048/1048/1048 1047/1047/1047
f 1047/1047/1047 1048/1048/1048 1050/1050/1050
f 1047/1047/1047 1050/1050/1050 1049/1049/1049
f 1049/1049/1049 1050/1050/1050 1028/1028/1028
f 1049/1049/1049 1028/1028/1028 1027/1027/1027
f 1051/1051/1051 1053/1053/1053 1055/1055/1055
f 1052/1052/1052 1056/1056/1056 1054/1054/1054
f 1051/1051/1051 1055/1055/1055 1057/1057/1057
f 1052/1052/1052 1058/1058/1058 1056/1056/1056
f 1051/1051/1051 1057/1057/1057 1059/1059/1059
f 1052/1052/1052 1060/1060/1060 1058/1058/1058
f 1051/1051/1051 1059/1059/1059 1061/1061/1061
f 1052/1052/1052 1062/1062/1062 1060/1060/1060
f 1051/1051/1051 1061/1061/1061 1063/1063/1063
f 1052/1052/1052 1064/1064/1064 1062/1062/1062
f 1051/1051/1051 1063/1063/1063 1065/1065/1065
f 1052/1052/1052 1066/1066/1066 1064/1064/1064
f 1051/1051/1051 1065/1065/1065 1067/1067/1067
f 1052/1052/1052 1068/1068/1068 1066/1066/1066
f 1051/1051/1051 1067/1067/1067 1069/1069/1069
f 1052/1052/1052 1070/1070/1070 1068/1068/1068
f 1051/1051/1051 1069/1069/1069 1071/1071/1071
f 1052/1052/1052 1072/1072/1072 1070/1070/1070
f 1051/1051/1051 1071/1071/1071 1073/1073/1073
f 1052/1052/1052 1074/1074/1074 1072/1072/1072
f 1051/1051/1051 1073/1073/1073 1075/1075/1075
f 1052/1052/1052 1076/1076/1076 1074/1074/1074
f 1051/1051/1051 1075/1075/1075 1053/1053/1053
f 1052/1052/1052 1054/1054/1054 1076/1076/1076
f 1077/1077/1077 1078/1078/1078 1080/1080/1080
f 1077/1077/1077 1080/1080/1080 1079/1079/1079
f 1079/1079/1079 1080/1080/1080 1082/1082/1082
f 1079/1079/1079 1082/1082/1082 1081/1081/1081
f 1081/1081/1081 1082/1082/1082 1084/1084/1084
f 1081/1081/1081 1084/1084/1084 1083/1083/1083
f 1083/1083/1083 1084/1084/1084 1086/1086/1086
f 1083/1083/1083 1086/1086/1086 1085/1085/1085
f 1085/1085/1085 1086/1086/1086 1088/1088/1088
f 1085/1085/1085 1088/1088/1088 1087/1087/1087
f 1087/1087/1087 1088/1088/1088 1090/1090/1090
f 1087/1087/1087 1090/1090/1090 1089/1089/1089
f 1089/1089/1089 1090/1090/1090 1092/1092/1092
f 1089/1089/1089 1092/1092/1092 1091/1091/1091
f 1091/1091/1091 1092/1092/1092 1078/1078/1078
f 1091/1091/1091 1078/1078/1078 1077/1077/1077
f 1093/1093/1093 1095/1095/1095 1097/1097/1097
f 1094/1094/1094 1098/1098/1098 1096/1096/1096
f 1093/1093/1093 1097/1097/1097 1099/1099/1099
f 1094/1094/1094 1100/1100/1100 1098/1098/1098
f 1093/1093/1093 1099/1099/1099 1101/1101/1101
f 1094/1094/1094 1102/1102/1102 1100/1100/1100
f 1093/1093/1093 1101/1101/1101 1103/1103/1103
f 1094/1094/1094 1104/1104/1104 1102/1102/1102
f 1093/1093/1093 1103/1103/1103 1105/1105/1105
f 1094/1094/1094 1106/1106/1106 1104/1104/1104
f 1093/1093/1093 1105/1105/1105 1107/1107/1107
f 1094/1094/1094 1108/1108/1108 1106/1106/1106
f 1093/1093/1093 1107/1107/1107 1109/1109/1109
f 1094/1094/1094 1110/1110/1110 1108/1108/1108
f 1093/1093/1093 1109/1109/1109 1095/1095/1095
f 1094/1094/1094 1096/1096/1096 1110/1110/1110
f 1111/1111/1111 1112/1112/1112 1114/1114/1114
f 1111/1111/1111 1114/1114/1114 1113/1113/1113
f 1113/1113/1113 1114/1114/1114 1116/1116/1116
f 1113/1113/1113 1116/1116/1116 1115/1115/1115
f 1115/1115/1115 1116/1116/1116 1118/1118/1118
f 1115/1115/1115 1118/1118/1118 1117/1117/1117
f 1117/1117/1117 1118/1118/1118 1120/1120/1120
f 1117/1117/1117 1120/1120/1120 1119/1119/1119
f 1119/1119/1119 1120/1120/1120 1122/1122/1122
f 1119/1119/1119 1122/1122/1122 1121/1121/1121
f 1121/1121/1121 1122/1122/1122 1124/1124/1124
f 1121/1121/1121 1124/1124/1124 1123/1123/1123
f 1123/1123/1123 1124/1124/1124 1126/1126/1126
f 1123/1123/1123 1126/1126/1126 1125/1125/1125
f 1125/1125/1125 1126/1126/1126 1112/1112/1112
f 1125/1125/1125 1112/1112/1112 1111/1111/1111
f 1127/1127/1127 1129/1129/1129 1131/1131/1131
f 1128/1128/1128 1132/1132/1132 1130/1130/1130
f 1127/1127/1127 1131/1131/1131 1133/1133/1133
f 1128/1128/1128 1134/1134/1134 1132/1132/1132
f 1127/1127/1127 1133/1133/1133 1135/1135/1135
f 1128/1128/1128 1136/1136/1136 1134/1134/1134
f 1127/1127/1127 1135/1135/1135 1137/1137/1137
f 1128/1128/1128 1138/1138/1138 1136/1136/1136
f 1127/1127/1127 1137/1137/1137 1139/1139/1139
f 1128/1128/1128 1140/1140/1140 1138/1138/1138
f 1127/1127/1127 1139/1139/1139 1141/1141/1141
f 1128/1128/1128 1142/1142/1142 1140/1140/1140
f 1127/1127/1127 1141/1141/1141 1143/1143/1143
f 1128/1128/1128 1144/1144/1144 1142/1142/1142
f 1127/1127/1127 1143/1143/1143 1129/1129/1129
f 1128/1128/1128 1130/1130/1130 1144/1144/1144
f 1145/1145/1145 1146/1146/1146 1148/1148/1148
f 1145/1145/1145 1148/1148/1148 1147/1147/1147
f 1147/1147/1147 1148/1148/1148 1150/1150/1150
f 1147/1147/1147 1150/1150/1150 1149/1149/1149
f 1149/1149/1149 1150/1150/1150 1152/1152/1152
f 1149/1149/1149 1152/1152/1152 1151/1151/1151
f 1151/1151/1151 1152/1152/1152 1154/1154/1154
f 1151/1151/1151 1154/1154/1154 1153/1153/1153
f 1153/1153/1153 1154/1154/1154 1156/1156/1156
f 1153/1153/1153 1156/1156/1156 1155/1155/1155
f 1155/1155/1155 1156/1156/1156 1158/1158/1158
f 1155/1155/1155 1158/1158/1158 1157/1157/1157
f 1157/1157/1157 1158/1158/1158 1160/1160/1160
f 1157/1157/1157 1160/1160/1160 1159/1159/1159
f 1159/1159/1159 1160/1160/1160 1146/1146/1146
f 1159/1159/1159 1146/1146/1146 1145/1145/1145
f 1161/1161/1161 1163/1163/1163 1165/1165/1165
f 1162/1162/1162 1166/1166/1166 1164/1164/1164
f 1161/1161/1161 1165/1165/1165 1167/1167/1167
f 1162/1162/1162 1168/1168/1168 1166/1166/1166
f 1161/1161/1161 1167/1167/1167 1169/1169/1169
f 1162/1162/1162 1170/1170/1170 1168/1168/1168
f 1161/1161/1161 1169/1169/1169 1171/1171/1171
f 1162/1162/1162 1172/1172/1172 1170/1170/1170
f 1161/1161/1161 1171/1171/1171 1173/1173/1173
f 1162/1162/1162 1174/1174/1174 1172/1172/1172
f 1161/1161/1161 1173/1173/1173 1175/1175/1175
f 1162/1162/1162 1176/1176/1176 1174/1174/1174
f 1161/1161/1161 1175/1175/1175 1177/1177/1177
f 1162/1162/1162 1178/1178/1178 1176/1176/1176
f 1161/1161/1161 1177/1177/1177 1163/1163/1163
f 1162/1162/1162 1164/1164/1164 1178/1178/1178
f 1179/1179/1179 1180/1180/1180 1182/1182/1182
f 1179/1179/1179 1182/1182/1182 1181/1181/1181
f 1181/1181/1181 1182/1182/1182 1184/1184/1184
f 1181/1181/1181 1184/1184/1184 1183/1183/1183
f 1183/1183/1183 1184/1184/1184 1186/1186/1186
f 1183/1183/1183 1186/1186/1186 1185/1185/1185
f 1185/1185/1185 1186/1186/1186 1188/1188/1188
f 1185/1185/1185 1188/1188/1188 1187/1187/1187
f 1187/1187/1187 1188/1188/1188 1190/1190/1190
f 1187/1187/1187 1190/1190/1190 1189/1189/1189
f 1189/1189/1189 1190/1190/1190 1192/1192/1192
f 1189/1189/1189 1192/1192/1192 1191/1191/1191
f 1191/1191/1191 1192/1192/1192 1194/1194/1194
f 1191/1191/1191 1194/1194/1194 1193/1193/1193
f 1193/1193/1193 1194/1194/1194 1180/1180/1180
f 1193/1193/1193 1180/1180/1180 1179/1179/1179
f 1195/1195/1195 1197/1197/1197 1199/1199/1199
f 1196/1196/1196 1200/1200/1200 1198/1198/1198
f 1195/1195/1195 1199/1199/1199 1201/1201/1201
f 1196/1196/1196 1202/1202/1202 1200/1200/1200
f 1195/1195/1195 1201/1201/1201 1203/1203/1203
f 1196/1196/1196 1204/1204/1204 1202/1202/1202
f 1195/1195/1195 1203/1203/1203 1205/1205/1205
f 1196/1196/1196 1206/1206/1206 1204/1204/1204
f 1195/1195/1195 1205/1205/1205 1207/1207/1207
f 1196/1196/1196 1208/1208/1208 1206/1206/1206
f 1195/1195/1195 1207/1207/1207 1209/1209/1209
f 1196/1196/1196 1210/1210/1210 1208/1208/1208
f 1195/1195/1195 1209/1209/1209 1211/1211/1211
f 1196/1196/1196 1212/1212/1212 1210/1210/1210
f 1195/1195/1195 1211/1211/1211 1197/1197/1197
f 1196/1196/1196 1198/1198/1198 1212/1212/1212
f 1213/1213/1213 1214/1214/1214 1216/1216/1216
f 1213/1213/1213 1216/1216/1216 1215/1215/1215
f 1215/1215/1215 1216/1216/1216 1218/1218/1218
f 1215/1215/1215 1218/1218/1218 1217/1217/1217
f 1217/1217/1217 1218/1218/1218 1220/1220/1220
f 1217/1217/1217 1220/1220/1220 1219/1219/1219
f 1219/1219/1219 1220/1220/1220 1222/1222/1222
f 1219/1219/1219 1222/1222/1222 1221/1221/1221
f 1221/1221/1221 1222/1222/1222 1224/1224/1224
f 1221/1221/1221 1224/1224/1224 1223/1223/1223
f 1223/1223/1223 1224/1224/1224 1226/1226/1226
f 1223/1223/1223 1226/1226/1226 1225/1225/1225
f 1225/1225/1225 1226/1226/1226 1228/1228/1228
f 1225/1225/1225 1228/1228/1228 1227/1227/1227
f 1227/1227/1227 1228/1228/1228 1214/1214/1214
f 1227/1227/1227 1214/1214/1214 1213/1213/1213
f 1229/1229/1229 1231/1231/1231 1233/1233/1233
f 1230/1230/1230 1234/1234/1234 1232/1232/1232
f 1229/1229/1229 1233/1233/1233 1235/1235/1235
f 1230/1230/1230 1236/1236/1236 1234/1234/1234
f 1229/1229/1229 1235/1235/1235 1237/1237/1237
f 1230/1230/1230 1238/1238/1238 1236/1236/1236
f 1229/1229/1229 1237/1237/1237 1239/1239/1239
f 1230/1230/1230 1240/1240/1240 1238/1238/1238
f 1229/1229/1229 1239/1239/1239 1241/1241/1241
f 1230/1230/1230 1242/1242/1242 1240/1240/1240
f 1229/1229/1229 1241/1241/1241 1243/1243/1243
f 1230/1230/1230 1244/1244/1244 1242/1242/1242
f 1229/1229/1229 1243/1243/1243 1245/1245/1245
f 1230/1230/1230 1246/1246/1246 1244/1244/1244
f 1229/1229/1229 1245/1245/1245 1231/1231/1231
f 1230/1230/1230 1232/1232/1232 1246/1246/1246
