# Multi-Material High-Detail Industrial Asset: confined_vessel_hd.obj
v 0.475000 1.600000 0.000000
v 0.475000 0.200000 0.000000
v 0.465873 1.600000 0.092668
v 0.465873 0.200000 0.092668
v 0.438843 1.600000 0.181775
v 0.438843 0.200000 0.181775
v 0.394948 1.600000 0.263896
v 0.394948 0.200000 0.263896
v 0.335876 1.600000 0.335876
v 0.335876 0.200000 0.335876
v 0.263896 1.600000 0.394948
v 0.263896 0.200000 0.394948
v 0.181775 1.600000 0.438843
v 0.181775 0.200000 0.438843
v 0.092668 1.600000 0.465873
v 0.092668 0.200000 0.465873
v 0.000000 1.600000 0.475000
v 0.000000 0.200000 0.475000
v -0.092668 1.600000 0.465873
v -0.092668 0.200000 0.465873
v -0.181775 1.600000 0.438843
v -0.181775 0.200000 0.438843
v -0.263896 1.600000 0.394948
v -0.263896 0.200000 0.394948
v -0.335876 1.600000 0.335876
v -0.335876 0.200000 0.335876
v -0.394948 1.600000 0.263896
v -0.394948 0.200000 0.263896
v -0.438843 1.600000 0.181775
v -0.438843 0.200000 0.181775
v -0.465873 1.600000 0.092668
v -0.465873 0.200000 0.092668
v -0.475000 1.600000 0.000000
v -0.475000 0.200000 0.000000
v -0.465873 1.600000 -0.092668
v -0.465873 0.200000 -0.092668
v -0.438843 1.600000 -0.181775
v -0.438843 0.200000 -0.181775
v -0.394948 1.600000 -0.263896
v -0.394948 0.200000 -0.263896
v -0.335876 1.600000 -0.335876
v -0.335876 0.200000 -0.335876
v -0.263896 1.600000 -0.394948
v -0.263896 0.200000 -0.394948
v -0.181775 1.600000 -0.438843
v -0.181775 0.200000 -0.438843
v -0.092668 1.600000 -0.465873
v -0.092668 0.200000 -0.465873
v -0.000000 1.600000 -0.475000
v -0.000000 0.200000 -0.475000
v 0.092668 1.600000 -0.465873
v 0.092668 0.200000 -0.465873
v 0.181775 1.600000 -0.438843
v 0.181775 0.200000 -0.438843
v 0.263896 1.600000 -0.394948
v 0.263896 0.200000 -0.394948
v 0.335876 1.600000 -0.335876
v 0.335876 0.200000 -0.335876
v 0.394948 1.600000 -0.263896
v 0.394948 0.200000 -0.263896
v 0.438843 1.600000 -0.181775
v 0.438843 0.200000 -0.181775
v 0.465873 1.600000 -0.092668
v 0.465873 0.200000 -0.092668
v 0.000000 1.600000 0.000000
v 0.000000 0.200000 0.000000
v 0.475000 1.600000 0.000000
v 0.475000 0.200000 0.000000
v 0.465873 1.600000 0.092668
v 0.465873 0.200000 0.092668
v 0.438843 1.600000 0.181775
v 0.438843 0.200000 0.181775
v 0.394948 1.600000 0.263896
v 0.394948 0.200000 0.263896
v 0.335876 1.600000 0.335876
v 0.335876 0.200000 0.335876
v 0.263896 1.600000 0.394948
v 0.263896 0.200000 0.394948
v 0.181775 1.600000 0.438843
v 0.181775 0.200000 0.438843
v 0.092668 1.600000 0.465873
v 0.092668 0.200000 0.465873
v 0.000000 1.600000 0.475000
v 0.000000 0.200000 0.475000
v -0.092668 1.600000 0.465873
v -0.092668 0.200000 0.465873
v -0.181775 1.600000 0.438843
v -0.181775 0.200000 0.438843
v -0.263896 1.600000 0.394948
v -0.263896 0.200000 0.394948
v -0.335876 1.600000 0.335876
v -0.335876 0.200000 0.335876
v -0.394948 1.600000 0.263896
v -0.394948 0.200000 0.263896
v -0.438843 1.600000 0.181775
v -0.438843 0.200000 0.181775
v -0.465873 1.600000 0.092668
v -0.465873 0.200000 0.092668
v -0.475000 1.600000 0.000000
v -0.475000 0.200000 0.000000
v -0.465873 1.600000 -0.092668
v -0.465873 0.200000 -0.092668
v -0.438843 1.600000 -0.181775
v -0.438843 0.200000 -0.181775
v -0.394948 1.600000 -0.263896
v -0.394948 0.200000 -0.263896
v -0.335876 1.600000 -0.335876
v -0.335876 0.200000 -0.335876
v -0.263896 1.600000 -0.394948
v -0.263896 0.200000 -0.394948
v -0.181775 1.600000 -0.438843
v -0.181775 0.200000 -0.438843
v -0.092668 1.600000 -0.465873
v -0.092668 0.200000 -0.465873
v -0.000000 1.600000 -0.475000
v -0.000000 0.200000 -0.475000
v 0.092668 1.600000 -0.465873
v 0.092668 0.200000 -0.465873
v 0.181775 1.600000 -0.438843
v 0.181775 0.200000 -0.438843
v 0.263896 1.600000 -0.394948
v 0.263896 0.200000 -0.394948
v 0.335876 1.600000 -0.335876
v 0.335876 0.200000 -0.335876
v 0.394948 1.600000 -0.263896
v 0.394948 0.200000 -0.263896
v 0.438843 1.600000 -0.181775
v 0.438843 0.200000 -0.181775
v 0.465873 1.600000 -0.092668
v 0.465873 0.200000 -0.092668
v 0.475000 1.600000 0.000000
v 0.465485 1.647835 0.000000
v 0.438388 1.688388 0.000000
v 0.397835 1.715485 0.000000
v 0.350000 1.725000 0.000000
v 0.302165 1.715485 0.000000
v 0.261612 1.688388 0.000000
v 0.234515 1.647835 0.000000
v 0.225000 1.600000 0.000000
v 0.234515 1.552165 0.000000
v 0.261612 1.511612 0.000000
v 0.302165 1.484515 0.000000
v 0.350000 1.475000 0.000000
v 0.397835 1.484515 0.000000
v 0.438388 1.511612 0.000000
v 0.465485 1.552165 0.000000
v 0.465873 1.600000 0.092668
v 0.456541 1.647835 0.090812
v 0.429965 1.688388 0.085525
v 0.390191 1.715485 0.077614
v 0.343275 1.725000 0.068282
v 0.296359 1.715485 0.058949
v 0.256585 1.688388 0.051038
v 0.230009 1.647835 0.045752
v 0.220677 1.600000 0.043895
v 0.230009 1.552165 0.045752
v 0.256585 1.511612 0.051038
v 0.296359 1.484515 0.058949
v 0.343275 1.475000 0.068282
v 0.390191 1.484515 0.077614
v 0.429965 1.511612 0.085525
v 0.456541 1.552165 0.090812
v 0.438843 1.600000 0.181775
v 0.430052 1.647835 0.178133
v 0.405018 1.688388 0.167764
v 0.367552 1.715485 0.152245
v 0.323358 1.725000 0.133939
v 0.279164 1.715485 0.115633
v 0.241698 1.688388 0.100114
v 0.216664 1.647835 0.089745
v 0.207873 1.600000 0.086104
v 0.216664 1.552165 0.089745
v 0.241698 1.511612 0.100114
v 0.279164 1.484515 0.115633
v 0.323358 1.475000 0.133939
v 0.367552 1.484515 0.152245
v 0.405018 1.511612 0.167764
v 0.430052 1.552165 0.178133
v 0.394948 1.600000 0.263896
v 0.387037 1.647835 0.258610
v 0.364507 1.688388 0.243556
v 0.330788 1.715485 0.221026
v 0.291014 1.725000 0.194450
v 0.251241 1.715485 0.167874
v 0.217522 1.688388 0.145344
v 0.194992 1.647835 0.130290
v 0.187081 1.600000 0.125003
v 0.194992 1.552165 0.130290
v 0.217522 1.511612 0.145344
v 0.251241 1.484515 0.167874
v 0.291014 1.475000 0.194450
v 0.330788 1.484515 0.221026
v 0.364507 1.511612 0.243556
v 0.387037 1.552165 0.258610
v 0.335876 1.600000 0.335876
v 0.329148 1.647835 0.329148
v 0.309987 1.688388 0.309987
v 0.281312 1.715485 0.281312
v 0.247487 1.725000 0.247487
v 0.213663 1.715485 0.213663
v 0.184987 1.688388 0.184987
v 0.165827 1.647835 0.165827
v 0.159099 1.600000 0.159099
v 0.165827 1.552165 0.165827
v 0.184987 1.511612 0.184987
v 0.213663 1.484515 0.213663
v 0.247487 1.475000 0.247487
v 0.281312 1.484515 0.281312
v 0.309987 1.511612 0.309987
v 0.329148 1.552165 0.329148
v 0.263896 1.600000 0.394948
v 0.258610 1.647835 0.387037
v 0.243556 1.688388 0.364507
v 0.221026 1.715485 0.330788
v 0.194450 1.725000 0.291014
v 0.167874 1.715485 0.251241
v 0.145344 1.688388 0.217522
v 0.130290 1.647835 0.194992
v 0.125003 1.600000 0.187081
v 0.130290 1.552165 0.194992
v 0.145344 1.511612 0.217522
v 0.167874 1.484515 0.251241
v 0.194450 1.475000 0.291014
v 0.221026 1.484515 0.330788
v 0.243556 1.511612 0.364507
v 0.258610 1.552165 0.387037
v 0.181775 1.600000 0.438843
v 0.178133 1.647835 0.430052
v 0.167764 1.688388 0.405018
v 0.152245 1.715485 0.367552
v 0.133939 1.725000 0.323358
v 0.115633 1.715485 0.279164
v 0.100114 1.688388 0.241698
v 0.089745 1.647835 0.216664
v 0.086104 1.600000 0.207873
v 0.089745 1.552165 0.216664
v 0.100114 1.511612 0.241698
v 0.115633 1.484515 0.279164
v 0.133939 1.475000 0.323358
v 0.152245 1.484515 0.367552
v 0.167764 1.511612 0.405018
v 0.178133 1.552165 0.430052
v 0.092668 1.600000 0.465873
v 0.090812 1.647835 0.456541
v 0.085525 1.688388 0.429965
v 0.077614 1.715485 0.390191
v 0.068282 1.725000 0.343275
v 0.058949 1.715485 0.296359
v 0.051038 1.688388 0.256585
v 0.045752 1.647835 0.230009
v 0.043895 1.600000 0.220677
v 0.045752 1.552165 0.230009
v 0.051038 1.511612 0.256585
v 0.058949 1.484515 0.296359
v 0.068282 1.475000 0.343275
v 0.077614 1.484515 0.390191
v 0.085525 1.511612 0.429965
v 0.090812 1.552165 0.456541
v 0.000000 1.600000 0.475000
v 0.000000 1.647835 0.465485
v 0.000000 1.688388 0.438388
v 0.000000 1.715485 0.397835
v 0.000000 1.725000 0.350000
v 0.000000 1.715485 0.302165
v 0.000000 1.688388 0.261612
v 0.000000 1.647835 0.234515
v 0.000000 1.600000 0.225000
v 0.000000 1.552165 0.234515
v 0.000000 1.511612 0.261612
v 0.000000 1.484515 0.302165
v 0.000000 1.475000 0.350000
v 0.000000 1.484515 0.397835
v 0.000000 1.511612 0.438388
v 0.000000 1.552165 0.465485
v -0.092668 1.600000 0.465873
v -0.090812 1.647835 0.456541
v -0.085525 1.688388 0.429965
v -0.077614 1.715485 0.390191
v -0.068282 1.725000 0.343275
v -0.058949 1.715485 0.296359
v -0.051038 1.688388 0.256585
v -0.045752 1.647835 0.230009
v -0.043895 1.600000 0.220677
v -0.045752 1.552165 0.230009
v -0.051038 1.511612 0.256585
v -0.058949 1.484515 0.296359
v -0.068282 1.475000 0.343275
v -0.077614 1.484515 0.390191
v -0.085525 1.511612 0.429965
v -0.090812 1.552165 0.456541
v -0.181775 1.600000 0.438843
v -0.178133 1.647835 0.430052
v -0.167764 1.688388 0.405018
v -0.152245 1.715485 0.367552
v -0.133939 1.725000 0.323358
v -0.115633 1.715485 0.279164
v -0.100114 1.688388 0.241698
v -0.089745 1.647835 0.216664
v -0.086104 1.600000 0.207873
v -0.089745 1.552165 0.216664
v -0.100114 1.511612 0.241698
v -0.115633 1.484515 0.279164
v -0.133939 1.475000 0.323358
v -0.152245 1.484515 0.367552
v -0.167764 1.511612 0.405018
v -0.178133 1.552165 0.430052
v -0.263896 1.600000 0.394948
v -0.258610 1.647835 0.387037
v -0.243556 1.688388 0.364507
v -0.221026 1.715485 0.330788
v -0.194450 1.725000 0.291014
v -0.167874 1.715485 0.251241
v -0.145344 1.688388 0.217522
v -0.130290 1.647835 0.194992
v -0.125003 1.600000 0.187081
v -0.130290 1.552165 0.194992
v -0.145344 1.511612 0.217522
v -0.167874 1.484515 0.251241
v -0.194450 1.475000 0.291014
v -0.221026 1.484515 0.330788
v -0.243556 1.511612 0.364507
v -0.258610 1.552165 0.387037
v -0.335876 1.600000 0.335876
v -0.329148 1.647835 0.329148
v -0.309987 1.688388 0.309987
v -0.281312 1.715485 0.281312
v -0.247487 1.725000 0.247487
v -0.213663 1.715485 0.213663
v -0.184987 1.688388 0.184987
v -0.165827 1.647835 0.165827
v -0.159099 1.600000 0.159099
v -0.165827 1.552165 0.165827
v -0.184987 1.511612 0.184987
v -0.213663 1.484515 0.213663
v -0.247487 1.475000 0.247487
v -0.281312 1.484515 0.281312
v -0.309987 1.511612 0.309987
v -0.329148 1.552165 0.329148
v -0.394948 1.600000 0.263896
v -0.387037 1.647835 0.258610
v -0.364507 1.688388 0.243556
v -0.330788 1.715485 0.221026
v -0.291014 1.725000 0.194450
v -0.251241 1.715485 0.167874
v -0.217522 1.688388 0.145344
v -0.194992 1.647835 0.130290
v -0.187081 1.600000 0.125003
v -0.194992 1.552165 0.130290
v -0.217522 1.511612 0.145344
v -0.251241 1.484515 0.167874
v -0.291014 1.475000 0.194450
v -0.330788 1.484515 0.221026
v -0.364507 1.511612 0.243556
v -0.387037 1.552165 0.258610
v -0.438843 1.600000 0.181775
v -0.430052 1.647835 0.178133
v -0.405018 1.688388 0.167764
v -0.367552 1.715485 0.152245
v -0.323358 1.725000 0.133939
v -0.279164 1.715485 0.115633
v -0.241698 1.688388 0.100114
v -0.216664 1.647835 0.089745
v -0.207873 1.600000 0.086104
v -0.216664 1.552165 0.089745
v -0.241698 1.511612 0.100114
v -0.279164 1.484515 0.115633
v -0.323358 1.475000 0.133939
v -0.367552 1.484515 0.152245
v -0.405018 1.511612 0.167764
v -0.430052 1.552165 0.178133
v -0.465873 1.600000 0.092668
v -0.456541 1.647835 0.090812
v -0.429965 1.688388 0.085525
v -0.390191 1.715485 0.077614
v -0.343275 1.725000 0.068282
v -0.296359 1.715485 0.058949
v -0.256585 1.688388 0.051038
v -0.230009 1.647835 0.045752
v -0.220677 1.600000 0.043895
v -0.230009 1.552165 0.045752
v -0.256585 1.511612 0.051038
v -0.296359 1.484515 0.058949
v -0.343275 1.475000 0.068282
v -0.390191 1.484515 0.077614
v -0.429965 1.511612 0.085525
v -0.456541 1.552165 0.090812
v -0.475000 1.600000 0.000000
v -0.465485 1.647835 0.000000
v -0.438388 1.688388 0.000000
v -0.397835 1.715485 0.000000
v -0.350000 1.725000 0.000000
v -0.302165 1.715485 0.000000
v -0.261612 1.688388 0.000000
v -0.234515 1.647835 0.000000
v -0.225000 1.600000 0.000000
v -0.234515 1.552165 0.000000
v -0.261612 1.511612 0.000000
v -0.302165 1.484515 0.000000
v -0.350000 1.475000 0.000000
v -0.397835 1.484515 0.000000
v -0.438388 1.511612 0.000000
v -0.465485 1.552165 0.000000
v -0.465873 1.600000 -0.092668
v -0.456541 1.647835 -0.090812
v -0.429965 1.688388 -0.085525
v -0.390191 1.715485 -0.077614
v -0.343275 1.725000 -0.068282
v -0.296359 1.715485 -0.058949
v -0.256585 1.688388 -0.051038
v -0.230009 1.647835 -0.045752
v -0.220677 1.600000 -0.043895
v -0.230009 1.552165 -0.045752
v -0.256585 1.511612 -0.051038
v -0.296359 1.484515 -0.058949
v -0.343275 1.475000 -0.068282
v -0.390191 1.484515 -0.077614
v -0.429965 1.511612 -0.085525
v -0.456541 1.552165 -0.090812
v -0.438843 1.600000 -0.181775
v -0.430052 1.647835 -0.178133
v -0.405018 1.688388 -0.167764
v -0.367552 1.715485 -0.152245
v -0.323358 1.725000 -0.133939
v -0.279164 1.715485 -0.115633
v -0.241698 1.688388 -0.100114
v -0.216664 1.647835 -0.089745
v -0.207873 1.600000 -0.086104
v -0.216664 1.552165 -0.089745
v -0.241698 1.511612 -0.100114
v -0.279164 1.484515 -0.115633
v -0.323358 1.475000 -0.133939
v -0.367552 1.484515 -0.152245
v -0.405018 1.511612 -0.167764
v -0.430052 1.552165 -0.178133
v -0.394948 1.600000 -0.263896
v -0.387037 1.647835 -0.258610
v -0.364507 1.688388 -0.243556
v -0.330788 1.715485 -0.221026
v -0.291014 1.725000 -0.194450
v -0.251241 1.715485 -0.167874
v -0.217522 1.688388 -0.145344
v -0.194992 1.647835 -0.130290
v -0.187081 1.600000 -0.125003
v -0.194992 1.552165 -0.130290
v -0.217522 1.511612 -0.145344
v -0.251241 1.484515 -0.167874
v -0.291014 1.475000 -0.194450
v -0.330788 1.484515 -0.221026
v -0.364507 1.511612 -0.243556
v -0.387037 1.552165 -0.258610
v -0.335876 1.600000 -0.335876
v -0.329148 1.647835 -0.329148
v -0.309987 1.688388 -0.309987
v -0.281312 1.715485 -0.281312
v -0.247487 1.725000 -0.247487
v -0.213663 1.715485 -0.213663
v -0.184987 1.688388 -0.184987
v -0.165827 1.647835 -0.165827
v -0.159099 1.600000 -0.159099
v -0.165827 1.552165 -0.165827
v -0.184987 1.511612 -0.184987
v -0.213663 1.484515 -0.213663
v -0.247487 1.475000 -0.247487
v -0.281312 1.484515 -0.281312
v -0.309987 1.511612 -0.309987
v -0.329148 1.552165 -0.329148
v -0.263896 1.600000 -0.394948
v -0.258610 1.647835 -0.387037
v -0.243556 1.688388 -0.364507
v -0.221026 1.715485 -0.330788
v -0.194450 1.725000 -0.291014
v -0.167874 1.715485 -0.251241
v -0.145344 1.688388 -0.217522
v -0.130290 1.647835 -0.194992
v -0.125003 1.600000 -0.187081
v -0.130290 1.552165 -0.194992
v -0.145344 1.511612 -0.217522
v -0.167874 1.484515 -0.251241
v -0.194450 1.475000 -0.291014
v -0.221026 1.484515 -0.330788
v -0.243556 1.511612 -0.364507
v -0.258610 1.552165 -0.387037
v -0.181775 1.600000 -0.438843
v -0.178133 1.647835 -0.430052
v -0.167764 1.688388 -0.405018
v -0.152245 1.715485 -0.367552
v -0.133939 1.725000 -0.323358
v -0.115633 1.715485 -0.279164
v -0.100114 1.688388 -0.241698
v -0.089745 1.647835 -0.216664
v -0.086104 1.600000 -0.207873
v -0.089745 1.552165 -0.216664
v -0.100114 1.511612 -0.241698
v -0.115633 1.484515 -0.279164
v -0.133939 1.475000 -0.323358
v -0.152245 1.484515 -0.367552
v -0.167764 1.511612 -0.405018
v -0.178133 1.552165 -0.430052
v -0.092668 1.600000 -0.465873
v -0.090812 1.647835 -0.456541
v -0.085525 1.688388 -0.429965
v -0.077614 1.715485 -0.390191
v -0.068282 1.725000 -0.343275
v -0.058949 1.715485 -0.296359
v -0.051038 1.688388 -0.256585
v -0.045752 1.647835 -0.230009
v -0.043895 1.600000 -0.220677
v -0.045752 1.552165 -0.230009
v -0.051038 1.511612 -0.256585
v -0.058949 1.484515 -0.296359
v -0.068282 1.475000 -0.343275
v -0.077614 1.484515 -0.390191
v -0.085525 1.511612 -0.429965
v -0.090812 1.552165 -0.456541
v -0.000000 1.600000 -0.475000
v -0.000000 1.647835 -0.465485
v -0.000000 1.688388 -0.438388
v -0.000000 1.715485 -0.397835
v -0.000000 1.725000 -0.350000
v -0.000000 1.715485 -0.302165
v -0.000000 1.688388 -0.261612
v -0.000000 1.647835 -0.234515
v -0.000000 1.600000 -0.225000
v -0.000000 1.552165 -0.234515
v -0.000000 1.511612 -0.261612
v -0.000000 1.484515 -0.302165
v -0.000000 1.475000 -0.350000
v -0.000000 1.484515 -0.397835
v -0.000000 1.511612 -0.438388
v -0.000000 1.552165 -0.465485
v 0.092668 1.600000 -0.465873
v 0.090812 1.647835 -0.456541
v 0.085525 1.688388 -0.429965
v 0.077614 1.715485 -0.390191
v 0.068282 1.725000 -0.343275
v 0.058949 1.715485 -0.296359
v 0.051038 1.688388 -0.256585
v 0.045752 1.647835 -0.230009
v 0.043895 1.600000 -0.220677
v 0.045752 1.552165 -0.230009
v 0.051038 1.511612 -0.256585
v 0.058949 1.484515 -0.296359
v 0.068282 1.475000 -0.343275
v 0.077614 1.484515 -0.390191
v 0.085525 1.511612 -0.429965
v 0.090812 1.552165 -0.456541
v 0.181775 1.600000 -0.438843
v 0.178133 1.647835 -0.430052
v 0.167764 1.688388 -0.405018
v 0.152245 1.715485 -0.367552
v 0.133939 1.725000 -0.323358
v 0.115633 1.715485 -0.279164
v 0.100114 1.688388 -0.241698
v 0.089745 1.647835 -0.216664
v 0.086104 1.600000 -0.207873
v 0.089745 1.552165 -0.216664
v 0.100114 1.511612 -0.241698
v 0.115633 1.484515 -0.279164
v 0.133939 1.475000 -0.323358
v 0.152245 1.484515 -0.367552
v 0.167764 1.511612 -0.405018
v 0.178133 1.552165 -0.430052
v 0.263896 1.600000 -0.394948
v 0.258610 1.647835 -0.387037
v 0.243556 1.688388 -0.364507
v 0.221026 1.715485 -0.330788
v 0.194450 1.725000 -0.291014
v 0.167874 1.715485 -0.251241
v 0.145344 1.688388 -0.217522
v 0.130290 1.647835 -0.194992
v 0.125003 1.600000 -0.187081
v 0.130290 1.552165 -0.194992
v 0.145344 1.511612 -0.217522
v 0.167874 1.484515 -0.251241
v 0.194450 1.475000 -0.291014
v 0.221026 1.484515 -0.330788
v 0.243556 1.511612 -0.364507
v 0.258610 1.552165 -0.387037
v 0.335876 1.600000 -0.335876
v 0.329148 1.647835 -0.329148
v 0.309987 1.688388 -0.309987
v 0.281312 1.715485 -0.281312
v 0.247487 1.725000 -0.247487
v 0.213663 1.715485 -0.213663
v 0.184987 1.688388 -0.184987
v 0.165827 1.647835 -0.165827
v 0.159099 1.600000 -0.159099
v 0.165827 1.552165 -0.165827
v 0.184987 1.511612 -0.184987
v 0.213663 1.484515 -0.213663
v 0.247487 1.475000 -0.247487
v 0.281312 1.484515 -0.281312
v 0.309987 1.511612 -0.309987
v 0.329148 1.552165 -0.329148
v 0.394948 1.600000 -0.263896
v 0.387037 1.647835 -0.258610
v 0.364507 1.688388 -0.243556
v 0.330788 1.715485 -0.221026
v 0.291014 1.725000 -0.194450
v 0.251241 1.715485 -0.167874
v 0.217522 1.688388 -0.145344
v 0.194992 1.647835 -0.130290
v 0.187081 1.600000 -0.125003
v 0.194992 1.552165 -0.130290
v 0.217522 1.511612 -0.145344
v 0.251241 1.484515 -0.167874
v 0.291014 1.475000 -0.194450
v 0.330788 1.484515 -0.221026
v 0.364507 1.511612 -0.243556
v 0.387037 1.552165 -0.258610
v 0.438843 1.600000 -0.181775
v 0.430052 1.647835 -0.178133
v 0.405018 1.688388 -0.167764
v 0.367552 1.715485 -0.152245
v 0.323358 1.725000 -0.133939
v 0.279164 1.715485 -0.115633
v 0.241698 1.688388 -0.100114
v 0.216664 1.647835 -0.089745
v 0.207873 1.600000 -0.086104
v 0.216664 1.552165 -0.089745
v 0.241698 1.511612 -0.100114
v 0.279164 1.484515 -0.115633
v 0.323358 1.475000 -0.133939
v 0.367552 1.484515 -0.152245
v 0.405018 1.511612 -0.167764
v 0.430052 1.552165 -0.178133
v 0.465873 1.600000 -0.092668
v 0.456541 1.647835 -0.090812
v 0.429965 1.688388 -0.085525
v 0.390191 1.715485 -0.077614
v 0.343275 1.725000 -0.068282
v 0.296359 1.715485 -0.058949
v 0.256585 1.688388 -0.051038
v 0.230009 1.647835 -0.045752
v 0.220677 1.600000 -0.043895
v 0.230009 1.552165 -0.045752
v 0.256585 1.511612 -0.051038
v 0.296359 1.484515 -0.058949
v 0.343275 1.475000 -0.068282
v 0.390191 1.484515 -0.077614
v 0.429965 1.511612 -0.085525
v 0.456541 1.552165 -0.090812
v 0.475000 0.200000 0.000000
v 0.465485 0.247835 0.000000
v 0.438388 0.288388 0.000000
v 0.397835 0.315485 0.000000
v 0.350000 0.325000 0.000000
v 0.302165 0.315485 0.000000
v 0.261612 0.288388 0.000000
v 0.234515 0.247835 0.000000
v 0.225000 0.200000 0.000000
v 0.234515 0.152165 0.000000
v 0.261612 0.111612 0.000000
v 0.302165 0.084515 0.000000
v 0.350000 0.075000 0.000000
v 0.397835 0.084515 0.000000
v 0.438388 0.111612 0.000000
v 0.465485 0.152165 0.000000
v 0.465873 0.200000 0.092668
v 0.456541 0.247835 0.090812
v 0.429965 0.288388 0.085525
v 0.390191 0.315485 0.077614
v 0.343275 0.325000 0.068282
v 0.296359 0.315485 0.058949
v 0.256585 0.288388 0.051038
v 0.230009 0.247835 0.045752
v 0.220677 0.200000 0.043895
v 0.230009 0.152165 0.045752
v 0.256585 0.111612 0.051038
v 0.296359 0.084515 0.058949
v 0.343275 0.075000 0.068282
v 0.390191 0.084515 0.077614
v 0.429965 0.111612 0.085525
v 0.456541 0.152165 0.090812
v 0.438843 0.200000 0.181775
v 0.430052 0.247835 0.178133
v 0.405018 0.288388 0.167764
v 0.367552 0.315485 0.152245
v 0.323358 0.325000 0.133939
v 0.279164 0.315485 0.115633
v 0.241698 0.288388 0.100114
v 0.216664 0.247835 0.089745
v 0.207873 0.200000 0.086104
v 0.216664 0.152165 0.089745
v 0.241698 0.111612 0.100114
v 0.279164 0.084515 0.115633
v 0.323358 0.075000 0.133939
v 0.367552 0.084515 0.152245
v 0.405018 0.111612 0.167764
v 0.430052 0.152165 0.178133
v 0.394948 0.200000 0.263896
v 0.387037 0.247835 0.258610
v 0.364507 0.288388 0.243556
v 0.330788 0.315485 0.221026
v 0.291014 0.325000 0.194450
v 0.251241 0.315485 0.167874
v 0.217522 0.288388 0.145344
v 0.194992 0.247835 0.130290
v 0.187081 0.200000 0.125003
v 0.194992 0.152165 0.130290
v 0.217522 0.111612 0.145344
v 0.251241 0.084515 0.167874
v 0.291014 0.075000 0.194450
v 0.330788 0.084515 0.221026
v 0.364507 0.111612 0.243556
v 0.387037 0.152165 0.258610
v 0.335876 0.200000 0.335876
v 0.329148 0.247835 0.329148
v 0.309987 0.288388 0.309987
v 0.281312 0.315485 0.281312
v 0.247487 0.325000 0.247487
v 0.213663 0.315485 0.213663
v 0.184987 0.288388 0.184987
v 0.165827 0.247835 0.165827
v 0.159099 0.200000 0.159099
v 0.165827 0.152165 0.165827
v 0.184987 0.111612 0.184987
v 0.213663 0.084515 0.213663
v 0.247487 0.075000 0.247487
v 0.281312 0.084515 0.281312
v 0.309987 0.111612 0.309987
v 0.329148 0.152165 0.329148
v 0.263896 0.200000 0.394948
v 0.258610 0.247835 0.387037
v 0.243556 0.288388 0.364507
v 0.221026 0.315485 0.330788
v 0.194450 0.325000 0.291014
v 0.167874 0.315485 0.251241
v 0.145344 0.288388 0.217522
v 0.130290 0.247835 0.194992
v 0.125003 0.200000 0.187081
v 0.130290 0.152165 0.194992
v 0.145344 0.111612 0.217522
v 0.167874 0.084515 0.251241
v 0.194450 0.075000 0.291014
v 0.221026 0.084515 0.330788
v 0.243556 0.111612 0.364507
v 0.258610 0.152165 0.387037
v 0.181775 0.200000 0.438843
v 0.178133 0.247835 0.430052
v 0.167764 0.288388 0.405018
v 0.152245 0.315485 0.367552
v 0.133939 0.325000 0.323358
v 0.115633 0.315485 0.279164
v 0.100114 0.288388 0.241698
v 0.089745 0.247835 0.216664
v 0.086104 0.200000 0.207873
v 0.089745 0.152165 0.216664
v 0.100114 0.111612 0.241698
v 0.115633 0.084515 0.279164
v 0.133939 0.075000 0.323358
v 0.152245 0.084515 0.367552
v 0.167764 0.111612 0.405018
v 0.178133 0.152165 0.430052
v 0.092668 0.200000 0.465873
v 0.090812 0.247835 0.456541
v 0.085525 0.288388 0.429965
v 0.077614 0.315485 0.390191
v 0.068282 0.325000 0.343275
v 0.058949 0.315485 0.296359
v 0.051038 0.288388 0.256585
v 0.045752 0.247835 0.230009
v 0.043895 0.200000 0.220677
v 0.045752 0.152165 0.230009
v 0.051038 0.111612 0.256585
v 0.058949 0.084515 0.296359
v 0.068282 0.075000 0.343275
v 0.077614 0.084515 0.390191
v 0.085525 0.111612 0.429965
v 0.090812 0.152165 0.456541
v 0.000000 0.200000 0.475000
v 0.000000 0.247835 0.465485
v 0.000000 0.288388 0.438388
v 0.000000 0.315485 0.397835
v 0.000000 0.325000 0.350000
v 0.000000 0.315485 0.302165
v 0.000000 0.288388 0.261612
v 0.000000 0.247835 0.234515
v 0.000000 0.200000 0.225000
v 0.000000 0.152165 0.234515
v 0.000000 0.111612 0.261612
v 0.000000 0.084515 0.302165
v 0.000000 0.075000 0.350000
v 0.000000 0.084515 0.397835
v 0.000000 0.111612 0.438388
v 0.000000 0.152165 0.465485
v -0.092668 0.200000 0.465873
v -0.090812 0.247835 0.456541
v -0.085525 0.288388 0.429965
v -0.077614 0.315485 0.390191
v -0.068282 0.325000 0.343275
v -0.058949 0.315485 0.296359
v -0.051038 0.288388 0.256585
v -0.045752 0.247835 0.230009
v -0.043895 0.200000 0.220677
v -0.045752 0.152165 0.230009
v -0.051038 0.111612 0.256585
v -0.058949 0.084515 0.296359
v -0.068282 0.075000 0.343275
v -0.077614 0.084515 0.390191
v -0.085525 0.111612 0.429965
v -0.090812 0.152165 0.456541
v -0.181775 0.200000 0.438843
v -0.178133 0.247835 0.430052
v -0.167764 0.288388 0.405018
v -0.152245 0.315485 0.367552
v -0.133939 0.325000 0.323358
v -0.115633 0.315485 0.279164
v -0.100114 0.288388 0.241698
v -0.089745 0.247835 0.216664
v -0.086104 0.200000 0.207873
v -0.089745 0.152165 0.216664
v -0.100114 0.111612 0.241698
v -0.115633 0.084515 0.279164
v -0.133939 0.075000 0.323358
v -0.152245 0.084515 0.367552
v -0.167764 0.111612 0.405018
v -0.178133 0.152165 0.430052
v -0.263896 0.200000 0.394948
v -0.258610 0.247835 0.387037
v -0.243556 0.288388 0.364507
v -0.221026 0.315485 0.330788
v -0.194450 0.325000 0.291014
v -0.167874 0.315485 0.251241
v -0.145344 0.288388 0.217522
v -0.130290 0.247835 0.194992
v -0.125003 0.200000 0.187081
v -0.130290 0.152165 0.194992
v -0.145344 0.111612 0.217522
v -0.167874 0.084515 0.251241
v -0.194450 0.075000 0.291014
v -0.221026 0.084515 0.330788
v -0.243556 0.111612 0.364507
v -0.258610 0.152165 0.387037
v -0.335876 0.200000 0.335876
v -0.329148 0.247835 0.329148
v -0.309987 0.288388 0.309987
v -0.281312 0.315485 0.281312
v -0.247487 0.325000 0.247487
v -0.213663 0.315485 0.213663
v -0.184987 0.288388 0.184987
v -0.165827 0.247835 0.165827
v -0.159099 0.200000 0.159099
v -0.165827 0.152165 0.165827
v -0.184987 0.111612 0.184987
v -0.213663 0.084515 0.213663
v -0.247487 0.075000 0.247487
v -0.281312 0.084515 0.281312
v -0.309987 0.111612 0.309987
v -0.329148 0.152165 0.329148
v -0.394948 0.200000 0.263896
v -0.387037 0.247835 0.258610
v -0.364507 0.288388 0.243556
v -0.330788 0.315485 0.221026
v -0.291014 0.325000 0.194450
v -0.251241 0.315485 0.167874
v -0.217522 0.288388 0.145344
v -0.194992 0.247835 0.130290
v -0.187081 0.200000 0.125003
v -0.194992 0.152165 0.130290
v -0.217522 0.111612 0.145344
v -0.251241 0.084515 0.167874
v -0.291014 0.075000 0.194450
v -0.330788 0.084515 0.221026
v -0.364507 0.111612 0.243556
v -0.387037 0.152165 0.258610
v -0.438843 0.200000 0.181775
v -0.430052 0.247835 0.178133
v -0.405018 0.288388 0.167764
v -0.367552 0.315485 0.152245
v -0.323358 0.325000 0.133939
v -0.279164 0.315485 0.115633
v -0.241698 0.288388 0.100114
v -0.216664 0.247835 0.089745
v -0.207873 0.200000 0.086104
v -0.216664 0.152165 0.089745
v -0.241698 0.111612 0.100114
v -0.279164 0.084515 0.115633
v -0.323358 0.075000 0.133939
v -0.367552 0.084515 0.152245
v -0.405018 0.111612 0.167764
v -0.430052 0.152165 0.178133
v -0.465873 0.200000 0.092668
v -0.456541 0.247835 0.090812
v -0.429965 0.288388 0.085525
v -0.390191 0.315485 0.077614
v -0.343275 0.325000 0.068282
v -0.296359 0.315485 0.058949
v -0.256585 0.288388 0.051038
v -0.230009 0.247835 0.045752
v -0.220677 0.200000 0.043895
v -0.230009 0.152165 0.045752
v -0.256585 0.111612 0.051038
v -0.296359 0.084515 0.058949
v -0.343275 0.075000 0.068282
v -0.390191 0.084515 0.077614
v -0.429965 0.111612 0.085525
v -0.456541 0.152165 0.090812
v -0.475000 0.200000 0.000000
v -0.465485 0.247835 0.000000
v -0.438388 0.288388 0.000000
v -0.397835 0.315485 0.000000
v -0.350000 0.325000 0.000000
v -0.302165 0.315485 0.000000
v -0.261612 0.288388 0.000000
v -0.234515 0.247835 0.000000
v -0.225000 0.200000 0.000000
v -0.234515 0.152165 0.000000
v -0.261612 0.111612 0.000000
v -0.302165 0.084515 0.000000
v -0.350000 0.075000 0.000000
v -0.397835 0.084515 0.000000
v -0.438388 0.111612 0.000000
v -0.465485 0.152165 0.000000
v -0.465873 0.200000 -0.092668
v -0.456541 0.247835 -0.090812
v -0.429965 0.288388 -0.085525
v -0.390191 0.315485 -0.077614
v -0.343275 0.325000 -0.068282
v -0.296359 0.315485 -0.058949
v -0.256585 0.288388 -0.051038
v -0.230009 0.247835 -0.045752
v -0.220677 0.200000 -0.043895
v -0.230009 0.152165 -0.045752
v -0.256585 0.111612 -0.051038
v -0.296359 0.084515 -0.058949
v -0.343275 0.075000 -0.068282
v -0.390191 0.084515 -0.077614
v -0.429965 0.111612 -0.085525
v -0.456541 0.152165 -0.090812
v -0.438843 0.200000 -0.181775
v -0.430052 0.247835 -0.178133
v -0.405018 0.288388 -0.167764
v -0.367552 0.315485 -0.152245
v -0.323358 0.325000 -0.133939
v -0.279164 0.315485 -0.115633
v -0.241698 0.288388 -0.100114
v -0.216664 0.247835 -0.089745
v -0.207873 0.200000 -0.086104
v -0.216664 0.152165 -0.089745
v -0.241698 0.111612 -0.100114
v -0.279164 0.084515 -0.115633
v -0.323358 0.075000 -0.133939
v -0.367552 0.084515 -0.152245
v -0.405018 0.111612 -0.167764
v -0.430052 0.152165 -0.178133
v -0.394948 0.200000 -0.263896
v -0.387037 0.247835 -0.258610
v -0.364507 0.288388 -0.243556
v -0.330788 0.315485 -0.221026
v -0.291014 0.325000 -0.194450
v -0.251241 0.315485 -0.167874
v -0.217522 0.288388 -0.145344
v -0.194992 0.247835 -0.130290
v -0.187081 0.200000 -0.125003
v -0.194992 0.152165 -0.130290
v -0.217522 0.111612 -0.145344
v -0.251241 0.084515 -0.167874
v -0.291014 0.075000 -0.194450
v -0.330788 0.084515 -0.221026
v -0.364507 0.111612 -0.243556
v -0.387037 0.152165 -0.258610
v -0.335876 0.200000 -0.335876
v -0.329148 0.247835 -0.329148
v -0.309987 0.288388 -0.309987
v -0.281312 0.315485 -0.281312
v -0.247487 0.325000 -0.247487
v -0.213663 0.315485 -0.213663
v -0.184987 0.288388 -0.184987
v -0.165827 0.247835 -0.165827
v -0.159099 0.200000 -0.159099
v -0.165827 0.152165 -0.165827
v -0.184987 0.111612 -0.184987
v -0.213663 0.084515 -0.213663
v -0.247487 0.075000 -0.247487
v -0.281312 0.084515 -0.281312
v -0.309987 0.111612 -0.309987
v -0.329148 0.152165 -0.329148
v -0.263896 0.200000 -0.394948
v -0.258610 0.247835 -0.387037
v -0.243556 0.288388 -0.364507
v -0.221026 0.315485 -0.330788
v -0.194450 0.325000 -0.291014
v -0.167874 0.315485 -0.251241
v -0.145344 0.288388 -0.217522
v -0.130290 0.247835 -0.194992
v -0.125003 0.200000 -0.187081
v -0.130290 0.152165 -0.194992
v -0.145344 0.111612 -0.217522
v -0.167874 0.084515 -0.251241
v -0.194450 0.075000 -0.291014
v -0.221026 0.084515 -0.330788
v -0.243556 0.111612 -0.364507
v -0.258610 0.152165 -0.387037
v -0.181775 0.200000 -0.438843
v -0.178133 0.247835 -0.430052
v -0.167764 0.288388 -0.405018
v -0.152245 0.315485 -0.367552
v -0.133939 0.325000 -0.323358
v -0.115633 0.315485 -0.279164
v -0.100114 0.288388 -0.241698
v -0.089745 0.247835 -0.216664
v -0.086104 0.200000 -0.207873
v -0.089745 0.152165 -0.216664
v -0.100114 0.111612 -0.241698
v -0.115633 0.084515 -0.279164
v -0.133939 0.075000 -0.323358
v -0.152245 0.084515 -0.367552
v -0.167764 0.111612 -0.405018
v -0.178133 0.152165 -0.430052
v -0.092668 0.200000 -0.465873
v -0.090812 0.247835 -0.456541
v -0.085525 0.288388 -0.429965
v -0.077614 0.315485 -0.390191
v -0.068282 0.325000 -0.343275
v -0.058949 0.315485 -0.296359
v -0.051038 0.288388 -0.256585
v -0.045752 0.247835 -0.230009
v -0.043895 0.200000 -0.220677
v -0.045752 0.152165 -0.230009
v -0.051038 0.111612 -0.256585
v -0.058949 0.084515 -0.296359
v -0.068282 0.075000 -0.343275
v -0.077614 0.084515 -0.390191
v -0.085525 0.111612 -0.429965
v -0.090812 0.152165 -0.456541
v -0.000000 0.200000 -0.475000
v -0.000000 0.247835 -0.465485
v -0.000000 0.288388 -0.438388
v -0.000000 0.315485 -0.397835
v -0.000000 0.325000 -0.350000
v -0.000000 0.315485 -0.302165
v -0.000000 0.288388 -0.261612
v -0.000000 0.247835 -0.234515
v -0.000000 0.200000 -0.225000
v -0.000000 0.152165 -0.234515
v -0.000000 0.111612 -0.261612
v -0.000000 0.084515 -0.302165
v -0.000000 0.075000 -0.350000
v -0.000000 0.084515 -0.397835
v -0.000000 0.111612 -0.438388
v -0.000000 0.152165 -0.465485
v 0.092668 0.200000 -0.465873
v 0.090812 0.247835 -0.456541
v 0.085525 0.288388 -0.429965
v 0.077614 0.315485 -0.390191
v 0.068282 0.325000 -0.343275
v 0.058949 0.315485 -0.296359
v 0.051038 0.288388 -0.256585
v 0.045752 0.247835 -0.230009
v 0.043895 0.200000 -0.220677
v 0.045752 0.152165 -0.230009
v 0.051038 0.111612 -0.256585
v 0.058949 0.084515 -0.296359
v 0.068282 0.075000 -0.343275
v 0.077614 0.084515 -0.390191
v 0.085525 0.111612 -0.429965
v 0.090812 0.152165 -0.456541
v 0.181775 0.200000 -0.438843
v 0.178133 0.247835 -0.430052
v 0.167764 0.288388 -0.405018
v 0.152245 0.315485 -0.367552
v 0.133939 0.325000 -0.323358
v 0.115633 0.315485 -0.279164
v 0.100114 0.288388 -0.241698
v 0.089745 0.247835 -0.216664
v 0.086104 0.200000 -0.207873
v 0.089745 0.152165 -0.216664
v 0.100114 0.111612 -0.241698
v 0.115633 0.084515 -0.279164
v 0.133939 0.075000 -0.323358
v 0.152245 0.084515 -0.367552
v 0.167764 0.111612 -0.405018
v 0.178133 0.152165 -0.430052
v 0.263896 0.200000 -0.394948
v 0.258610 0.247835 -0.387037
v 0.243556 0.288388 -0.364507
v 0.221026 0.315485 -0.330788
v 0.194450 0.325000 -0.291014
v 0.167874 0.315485 -0.251241
v 0.145344 0.288388 -0.217522
v 0.130290 0.247835 -0.194992
v 0.125003 0.200000 -0.187081
v 0.130290 0.152165 -0.194992
v 0.145344 0.111612 -0.217522
v 0.167874 0.084515 -0.251241
v 0.194450 0.075000 -0.291014
v 0.221026 0.084515 -0.330788
v 0.243556 0.111612 -0.364507
v 0.258610 0.152165 -0.387037
v 0.335876 0.200000 -0.335876
v 0.329148 0.247835 -0.329148
v 0.309987 0.288388 -0.309987
v 0.281312 0.315485 -0.281312
v 0.247487 0.325000 -0.247487
v 0.213663 0.315485 -0.213663
v 0.184987 0.288388 -0.184987
v 0.165827 0.247835 -0.165827
v 0.159099 0.200000 -0.159099
v 0.165827 0.152165 -0.165827
v 0.184987 0.111612 -0.184987
v 0.213663 0.084515 -0.213663
v 0.247487 0.075000 -0.247487
v 0.281312 0.084515 -0.281312
v 0.309987 0.111612 -0.309987
v 0.329148 0.152165 -0.329148
v 0.394948 0.200000 -0.263896
v 0.387037 0.247835 -0.258610
v 0.364507 0.288388 -0.243556
v 0.330788 0.315485 -0.221026
v 0.291014 0.325000 -0.194450
v 0.251241 0.315485 -0.167874
v 0.217522 0.288388 -0.145344
v 0.194992 0.247835 -0.130290
v 0.187081 0.200000 -0.125003
v 0.194992 0.152165 -0.130290
v 0.217522 0.111612 -0.145344
v 0.251241 0.084515 -0.167874
v 0.291014 0.075000 -0.194450
v 0.330788 0.084515 -0.221026
v 0.364507 0.111612 -0.243556
v 0.387037 0.152165 -0.258610
v 0.438843 0.200000 -0.181775
v 0.430052 0.247835 -0.178133
v 0.405018 0.288388 -0.167764
v 0.367552 0.315485 -0.152245
v 0.323358 0.325000 -0.133939
v 0.279164 0.315485 -0.115633
v 0.241698 0.288388 -0.100114
v 0.216664 0.247835 -0.089745
v 0.207873 0.200000 -0.086104
v 0.216664 0.152165 -0.089745
v 0.241698 0.111612 -0.100114
v 0.279164 0.084515 -0.115633
v 0.323358 0.075000 -0.133939
v 0.367552 0.084515 -0.152245
v 0.405018 0.111612 -0.167764
v 0.430052 0.152165 -0.178133
v 0.465873 0.200000 -0.092668
v 0.456541 0.247835 -0.090812
v 0.429965 0.288388 -0.085525
v 0.390191 0.315485 -0.077614
v 0.343275 0.325000 -0.068282
v 0.296359 0.315485 -0.058949
v 0.256585 0.288388 -0.051038
v 0.230009 0.247835 -0.045752
v 0.220677 0.200000 -0.043895
v 0.230009 0.152165 -0.045752
v 0.256585 0.111612 -0.051038
v 0.296359 0.084515 -0.058949
v 0.343275 0.075000 -0.068282
v 0.390191 0.084515 -0.077614
v 0.429965 0.111612 -0.085525
v 0.456541 0.152165 -0.090812
v 0.278198 0.000000 0.358198
v 0.358198 0.000000 0.358198
v 0.358198 0.800000 0.358198
v 0.278198 0.800000 0.358198
v 0.358198 0.000000 0.278198
v 0.278198 0.000000 0.278198
v 0.278198 0.800000 0.278198
v 0.358198 0.800000 0.278198
v 0.278198 0.800000 0.358198
v 0.358198 0.800000 0.358198
v 0.358198 0.800000 0.278198
v 0.278198 0.800000 0.278198
v 0.278198 0.000000 0.278198
v 0.358198 0.000000 0.278198
v 0.358198 0.000000 0.358198
v 0.278198 0.000000 0.358198
v 0.358198 0.000000 0.358198
v 0.358198 0.000000 0.278198
v 0.358198 0.800000 0.278198
v 0.358198 0.800000 0.358198
v 0.278198 0.000000 0.278198
v 0.278198 0.000000 0.358198
v 0.278198 0.800000 0.358198
v 0.278198 0.800000 0.278198
v 0.238198 0.000000 0.398198
v 0.398198 0.000000 0.398198
v 0.398198 0.040000 0.398198
v 0.238198 0.040000 0.398198
v 0.398198 0.000000 0.238198
v 0.238198 0.000000 0.238198
v 0.238198 0.040000 0.238198
v 0.398198 0.040000 0.238198
v 0.238198 0.040000 0.398198
v 0.398198 0.040000 0.398198
v 0.398198 0.040000 0.238198
v 0.238198 0.040000 0.238198
v 0.238198 0.000000 0.238198
v 0.398198 0.000000 0.238198
v 0.398198 0.000000 0.398198
v 0.238198 0.000000 0.398198
v 0.398198 0.000000 0.398198
v 0.398198 0.000000 0.238198
v 0.398198 0.040000 0.238198
v 0.398198 0.040000 0.398198
v 0.238198 0.000000 0.238198
v 0.238198 0.000000 0.398198
v 0.238198 0.040000 0.398198
v 0.238198 0.040000 0.238198
v -0.358198 0.000000 0.358198
v -0.278198 0.000000 0.358198
v -0.278198 0.800000 0.358198
v -0.358198 0.800000 0.358198
v -0.278198 0.000000 0.278198
v -0.358198 0.000000 0.278198
v -0.358198 0.800000 0.278198
v -0.278198 0.800000 0.278198
v -0.358198 0.800000 0.358198
v -0.278198 0.800000 0.358198
v -0.278198 0.800000 0.278198
v -0.358198 0.800000 0.278198
v -0.358198 0.000000 0.278198
v -0.278198 0.000000 0.278198
v -0.278198 0.000000 0.358198
v -0.358198 0.000000 0.358198
v -0.278198 0.000000 0.358198
v -0.278198 0.000000 0.278198
v -0.278198 0.800000 0.278198
v -0.278198 0.800000 0.358198
v -0.358198 0.000000 0.278198
v -0.358198 0.000000 0.358198
v -0.358198 0.800000 0.358198
v -0.358198 0.800000 0.278198
v -0.398198 0.000000 0.398198
v -0.238198 0.000000 0.398198
v -0.238198 0.040000 0.398198
v -0.398198 0.040000 0.398198
v -0.238198 0.000000 0.238198
v -0.398198 0.000000 0.238198
v -0.398198 0.040000 0.238198
v -0.238198 0.040000 0.238198
v -0.398198 0.040000 0.398198
v -0.238198 0.040000 0.398198
v -0.238198 0.040000 0.238198
v -0.398198 0.040000 0.238198
v -0.398198 0.000000 0.238198
v -0.238198 0.000000 0.238198
v -0.238198 0.000000 0.398198
v -0.398198 0.000000 0.398198
v -0.238198 0.000000 0.398198
v -0.238198 0.000000 0.238198
v -0.238198 0.040000 0.238198
v -0.238198 0.040000 0.398198
v -0.398198 0.000000 0.238198
v -0.398198 0.000000 0.398198
v -0.398198 0.040000 0.398198
v -0.398198 0.040000 0.238198
v -0.358198 0.000000 -0.278198
v -0.278198 0.000000 -0.278198
v -0.278198 0.800000 -0.278198
v -0.358198 0.800000 -0.278198
v -0.278198 0.000000 -0.358198
v -0.358198 0.000000 -0.358198
v -0.358198 0.800000 -0.358198
v -0.278198 0.800000 -0.358198
v -0.358198 0.800000 -0.278198
v -0.278198 0.800000 -0.278198
v -0.278198 0.800000 -0.358198
v -0.358198 0.800000 -0.358198
v -0.358198 0.000000 -0.358198
v -0.278198 0.000000 -0.358198
v -0.278198 0.000000 -0.278198
v -0.358198 0.000000 -0.278198
v -0.278198 0.000000 -0.278198
v -0.278198 0.000000 -0.358198
v -0.278198 0.800000 -0.358198
v -0.278198 0.800000 -0.278198
v -0.358198 0.000000 -0.358198
v -0.358198 0.000000 -0.278198
v -0.358198 0.800000 -0.278198
v -0.358198 0.800000 -0.358198
v -0.398198 0.000000 -0.238198
v -0.238198 0.000000 -0.238198
v -0.238198 0.040000 -0.238198
v -0.398198 0.040000 -0.238198
v -0.238198 0.000000 -0.398198
v -0.398198 0.000000 -0.398198
v -0.398198 0.040000 -0.398198
v -0.238198 0.040000 -0.398198
v -0.398198 0.040000 -0.238198
v -0.238198 0.040000 -0.238198
v -0.238198 0.040000 -0.398198
v -0.398198 0.040000 -0.398198
v -0.398198 0.000000 -0.398198
v -0.238198 0.000000 -0.398198
v -0.238198 0.000000 -0.238198
v -0.398198 0.000000 -0.238198
v -0.238198 0.000000 -0.238198
v -0.238198 0.000000 -0.398198
v -0.238198 0.040000 -0.398198
v -0.238198 0.040000 -0.238198
v -0.398198 0.000000 -0.398198
v -0.398198 0.000000 -0.238198
v -0.398198 0.040000 -0.238198
v -0.398198 0.040000 -0.398198
v 0.278198 0.000000 -0.278198
v 0.358198 0.000000 -0.278198
v 0.358198 0.800000 -0.278198
v 0.278198 0.800000 -0.278198
v 0.358198 0.000000 -0.358198
v 0.278198 0.000000 -0.358198
v 0.278198 0.800000 -0.358198
v 0.358198 0.800000 -0.358198
v 0.278198 0.800000 -0.278198
v 0.358198 0.800000 -0.278198
v 0.358198 0.800000 -0.358198
v 0.278198 0.800000 -0.358198
v 0.278198 0.000000 -0.358198
v 0.358198 0.000000 -0.358198
v 0.358198 0.000000 -0.278198
v 0.278198 0.000000 -0.278198
v 0.358198 0.000000 -0.278198
v 0.358198 0.000000 -0.358198
v 0.358198 0.800000 -0.358198
v 0.358198 0.800000 -0.278198
v 0.278198 0.000000 -0.358198
v 0.278198 0.000000 -0.278198
v 0.278198 0.800000 -0.278198
v 0.278198 0.800000 -0.358198
v 0.238198 0.000000 -0.238198
v 0.398198 0.000000 -0.238198
v 0.398198 0.040000 -0.238198
v 0.238198 0.040000 -0.238198
v 0.398198 0.000000 -0.398198
v 0.238198 0.000000 -0.398198
v 0.238198 0.040000 -0.398198
v 0.398198 0.040000 -0.398198
v 0.238198 0.040000 -0.238198
v 0.398198 0.040000 -0.238198
v 0.398198 0.040000 -0.398198
v 0.238198 0.040000 -0.398198
v 0.238198 0.000000 -0.398198
v 0.398198 0.000000 -0.398198
v 0.398198 0.000000 -0.238198
v 0.238198 0.000000 -0.238198
v 0.398198 0.000000 -0.238198
v 0.398198 0.000000 -0.398198
v 0.398198 0.040000 -0.398198
v 0.398198 0.040000 -0.238198
v 0.238198 0.000000 -0.398198
v 0.238198 0.000000 -0.238198
v 0.238198 0.040000 -0.238198
v 0.238198 0.040000 -0.398198
v 0.275000 0.750000 -0.420000
v 0.275000 0.750000 -0.540000
v 0.269716 0.803650 -0.420000
v 0.269716 0.803650 -0.540000
v 0.254067 0.855238 -0.420000
v 0.254067 0.855238 -0.540000
v 0.228654 0.902782 -0.420000
v 0.228654 0.902782 -0.540000
v 0.194454 0.944454 -0.420000
v 0.194454 0.944454 -0.540000
v 0.152782 0.978654 -0.420000
v 0.152782 0.978654 -0.540000
v 0.105238 1.004067 -0.420000
v 0.105238 1.004067 -0.540000
v 0.053650 1.019716 -0.420000
v 0.053650 1.019716 -0.540000
v 0.000000 1.025000 -0.420000
v 0.000000 1.025000 -0.540000
v -0.053650 1.019716 -0.420000
v -0.053650 1.019716 -0.540000
v -0.105238 1.004067 -0.420000
v -0.105238 1.004067 -0.540000
v -0.152782 0.978654 -0.420000
v -0.152782 0.978654 -0.540000
v -0.194454 0.944454 -0.420000
v -0.194454 0.944454 -0.540000
v -0.228654 0.902782 -0.420000
v -0.228654 0.902782 -0.540000
v -0.254067 0.855238 -0.420000
v -0.254067 0.855238 -0.540000
v -0.269716 0.803650 -0.420000
v -0.269716 0.803650 -0.540000
v -0.275000 0.750000 -0.420000
v -0.275000 0.750000 -0.540000
v -0.269716 0.696350 -0.420000
v -0.269716 0.696350 -0.540000
v -0.254067 0.644762 -0.420000
v -0.254067 0.644762 -0.540000
v -0.228654 0.597218 -0.420000
v -0.228654 0.597218 -0.540000
v -0.194454 0.555546 -0.420000
v -0.194454 0.555546 -0.540000
v -0.152782 0.521346 -0.420000
v -0.152782 0.521346 -0.540000
v -0.105238 0.495933 -0.420000
v -0.105238 0.495933 -0.540000
v -0.053650 0.480284 -0.420000
v -0.053650 0.480284 -0.540000
v -0.000000 0.475000 -0.420000
v -0.000000 0.475000 -0.540000
v 0.053650 0.480284 -0.420000
v 0.053650 0.480284 -0.540000
v 0.105238 0.495933 -0.420000
v 0.105238 0.495933 -0.540000
v 0.152782 0.521346 -0.420000
v 0.152782 0.521346 -0.540000
v 0.194454 0.555546 -0.420000
v 0.194454 0.555546 -0.540000
v 0.228654 0.597218 -0.420000
v 0.228654 0.597218 -0.540000
v 0.254067 0.644762 -0.420000
v 0.254067 0.644762 -0.540000
v 0.269716 0.696350 -0.420000
v 0.269716 0.696350 -0.540000
v 0.000000 0.750000 -0.420000
v 0.000000 0.750000 -0.540000
v 0.275000 0.750000 -0.420000
v 0.275000 0.750000 -0.540000
v 0.269716 0.803650 -0.420000
v 0.269716 0.803650 -0.540000
v 0.254067 0.855238 -0.420000
v 0.254067 0.855238 -0.540000
v 0.228654 0.902782 -0.420000
v 0.228654 0.902782 -0.540000
v 0.194454 0.944454 -0.420000
v 0.194454 0.944454 -0.540000
v 0.152782 0.978654 -0.420000
v 0.152782 0.978654 -0.540000
v 0.105238 1.004067 -0.420000
v 0.105238 1.004067 -0.540000
v 0.053650 1.019716 -0.420000
v 0.053650 1.019716 -0.540000
v 0.000000 1.025000 -0.420000
v 0.000000 1.025000 -0.540000
v -0.053650 1.019716 -0.420000
v -0.053650 1.019716 -0.540000
v -0.105238 1.004067 -0.420000
v -0.105238 1.004067 -0.540000
v -0.152782 0.978654 -0.420000
v -0.152782 0.978654 -0.540000
v -0.194454 0.944454 -0.420000
v -0.194454 0.944454 -0.540000
v -0.228654 0.902782 -0.420000
v -0.228654 0.902782 -0.540000
v -0.254067 0.855238 -0.420000
v -0.254067 0.855238 -0.540000
v -0.269716 0.803650 -0.420000
v -0.269716 0.803650 -0.540000
v -0.275000 0.750000 -0.420000
v -0.275000 0.750000 -0.540000
v -0.269716 0.696350 -0.420000
v -0.269716 0.696350 -0.540000
v -0.254067 0.644762 -0.420000
v -0.254067 0.644762 -0.540000
v -0.228654 0.597218 -0.420000
v -0.228654 0.597218 -0.540000
v -0.194454 0.555546 -0.420000
v -0.194454 0.555546 -0.540000
v -0.152782 0.521346 -0.420000
v -0.152782 0.521346 -0.540000
v -0.105238 0.495933 -0.420000
v -0.105238 0.495933 -0.540000
v -0.053650 0.480284 -0.420000
v -0.053650 0.480284 -0.540000
v -0.000000 0.475000 -0.420000
v -0.000000 0.475000 -0.540000
v 0.053650 0.480284 -0.420000
v 0.053650 0.480284 -0.540000
v 0.105238 0.495933 -0.420000
v 0.105238 0.495933 -0.540000
v 0.152782 0.521346 -0.420000
v 0.152782 0.521346 -0.540000
v 0.194454 0.555546 -0.420000
v 0.194454 0.555546 -0.540000
v 0.228654 0.597218 -0.420000
v 0.228654 0.597218 -0.540000
v 0.254067 0.644762 -0.420000
v 0.254067 0.644762 -0.540000
v 0.269716 0.696350 -0.420000
v 0.269716 0.696350 -0.540000
v 0.325000 0.750000 -0.527500
v 0.325000 0.750000 -0.552500
v 0.318755 0.813404 -0.527500
v 0.318755 0.813404 -0.552500
v 0.300261 0.874372 -0.527500
v 0.300261 0.874372 -0.552500
v 0.270228 0.930560 -0.527500
v 0.270228 0.930560 -0.552500
v 0.229810 0.979810 -0.527500
v 0.229810 0.979810 -0.552500
v 0.180560 1.020228 -0.527500
v 0.180560 1.020228 -0.552500
v 0.124372 1.050261 -0.527500
v 0.124372 1.050261 -0.552500
v 0.063404 1.068755 -0.527500
v 0.063404 1.068755 -0.552500
v 0.000000 1.075000 -0.527500
v 0.000000 1.075000 -0.552500
v -0.063404 1.068755 -0.527500
v -0.063404 1.068755 -0.552500
v -0.124372 1.050261 -0.527500
v -0.124372 1.050261 -0.552500
v -0.180560 1.020228 -0.527500
v -0.180560 1.020228 -0.552500
v -0.229810 0.979810 -0.527500
v -0.229810 0.979810 -0.552500
v -0.270228 0.930560 -0.527500
v -0.270228 0.930560 -0.552500
v -0.300261 0.874372 -0.527500
v -0.300261 0.874372 -0.552500
v -0.318755 0.813404 -0.527500
v -0.318755 0.813404 -0.552500
v -0.325000 0.750000 -0.527500
v -0.325000 0.750000 -0.552500
v -0.318755 0.686596 -0.527500
v -0.318755 0.686596 -0.552500
v -0.300261 0.625628 -0.527500
v -0.300261 0.625628 -0.552500
v -0.270228 0.569440 -0.527500
v -0.270228 0.569440 -0.552500
v -0.229810 0.520190 -0.527500
v -0.229810 0.520190 -0.552500
v -0.180560 0.479772 -0.527500
v -0.180560 0.479772 -0.552500
v -0.124372 0.449739 -0.527500
v -0.124372 0.449739 -0.552500
v -0.063404 0.431245 -0.527500
v -0.063404 0.431245 -0.552500
v -0.000000 0.425000 -0.527500
v -0.000000 0.425000 -0.552500
v 0.063404 0.431245 -0.527500
v 0.063404 0.431245 -0.552500
v 0.124372 0.449739 -0.527500
v 0.124372 0.449739 -0.552500
v 0.180560 0.479772 -0.527500
v 0.180560 0.479772 -0.552500
v 0.229810 0.520190 -0.527500
v 0.229810 0.520190 -0.552500
v 0.270228 0.569440 -0.527500
v 0.270228 0.569440 -0.552500
v 0.300261 0.625628 -0.527500
v 0.300261 0.625628 -0.552500
v 0.318755 0.686596 -0.527500
v 0.318755 0.686596 -0.552500
v 0.000000 0.750000 -0.527500
v 0.000000 0.750000 -0.552500
v 0.325000 0.750000 -0.527500
v 0.325000 0.750000 -0.552500
v 0.318755 0.813404 -0.527500
v 0.318755 0.813404 -0.552500
v 0.300261 0.874372 -0.527500
v 0.300261 0.874372 -0.552500
v 0.270228 0.930560 -0.527500
v 0.270228 0.930560 -0.552500
v 0.229810 0.979810 -0.527500
v 0.229810 0.979810 -0.552500
v 0.180560 1.020228 -0.527500
v 0.180560 1.020228 -0.552500
v 0.124372 1.050261 -0.527500
v 0.124372 1.050261 -0.552500
v 0.063404 1.068755 -0.527500
v 0.063404 1.068755 -0.552500
v 0.000000 1.075000 -0.527500
v 0.000000 1.075000 -0.552500
v -0.063404 1.068755 -0.527500
v -0.063404 1.068755 -0.552500
v -0.124372 1.050261 -0.527500
v -0.124372 1.050261 -0.552500
v -0.180560 1.020228 -0.527500
v -0.180560 1.020228 -0.552500
v -0.229810 0.979810 -0.527500
v -0.229810 0.979810 -0.552500
v -0.270228 0.930560 -0.527500
v -0.270228 0.930560 -0.552500
v -0.300261 0.874372 -0.527500
v -0.300261 0.874372 -0.552500
v -0.318755 0.813404 -0.527500
v -0.318755 0.813404 -0.552500
v -0.325000 0.750000 -0.527500
v -0.325000 0.750000 -0.552500
v -0.318755 0.686596 -0.527500
v -0.318755 0.686596 -0.552500
v -0.300261 0.625628 -0.527500
v -0.300261 0.625628 -0.552500
v -0.270228 0.569440 -0.527500
v -0.270228 0.569440 -0.552500
v -0.229810 0.520190 -0.527500
v -0.229810 0.520190 -0.552500
v -0.180560 0.479772 -0.527500
v -0.180560 0.479772 -0.552500
v -0.124372 0.449739 -0.527500
v -0.124372 0.449739 -0.552500
v -0.063404 0.431245 -0.527500
v -0.063404 0.431245 -0.552500
v -0.000000 0.425000 -0.527500
v -0.000000 0.425000 -0.552500
v 0.063404 0.431245 -0.527500
v 0.063404 0.431245 -0.552500
v 0.124372 0.449739 -0.527500
v 0.124372 0.449739 -0.552500
v 0.180560 0.479772 -0.527500
v 0.180560 0.479772 -0.552500
v 0.229810 0.520190 -0.527500
v 0.229810 0.520190 -0.552500
v 0.270228 0.569440 -0.527500
v 0.270228 0.569440 -0.552500
v 0.300261 0.625628 -0.527500
v 0.300261 0.625628 -0.552500
v 0.318755 0.686596 -0.527500
v 0.318755 0.686596 -0.552500
v 0.312000 0.750000 -0.545000
v 0.312000 0.750000 -0.565000
v 0.306000 0.760392 -0.545000
v 0.306000 0.760392 -0.565000
v 0.294000 0.760392 -0.545000
v 0.294000 0.760392 -0.565000
v 0.288000 0.750000 -0.545000
v 0.288000 0.750000 -0.565000
v 0.294000 0.739608 -0.545000
v 0.294000 0.739608 -0.565000
v 0.306000 0.739608 -0.545000
v 0.306000 0.739608 -0.565000
v 0.300000 0.750000 -0.545000
v 0.300000 0.750000 -0.565000
v 0.312000 0.750000 -0.545000
v 0.312000 0.750000 -0.565000
v 0.306000 0.760392 -0.545000
v 0.306000 0.760392 -0.565000
v 0.294000 0.760392 -0.545000
v 0.294000 0.760392 -0.565000
v 0.288000 0.750000 -0.545000
v 0.288000 0.750000 -0.565000
v 0.294000 0.739608 -0.545000
v 0.294000 0.739608 -0.565000
v 0.306000 0.739608 -0.545000
v 0.306000 0.739608 -0.565000
v 0.224132 0.962132 -0.545000
v 0.224132 0.962132 -0.565000
v 0.218132 0.972524 -0.545000
v 0.218132 0.972524 -0.565000
v 0.206132 0.972524 -0.545000
v 0.206132 0.972524 -0.565000
v 0.200132 0.962132 -0.545000
v 0.200132 0.962132 -0.565000
v 0.206132 0.951740 -0.545000
v 0.206132 0.951740 -0.565000
v 0.218132 0.951740 -0.545000
v 0.218132 0.951740 -0.565000
v 0.212132 0.962132 -0.545000
v 0.212132 0.962132 -0.565000
v 0.224132 0.962132 -0.545000
v 0.224132 0.962132 -0.565000
v 0.218132 0.972524 -0.545000
v 0.218132 0.972524 -0.565000
v 0.206132 0.972524 -0.545000
v 0.206132 0.972524 -0.565000
v 0.200132 0.962132 -0.545000
v 0.200132 0.962132 -0.565000
v 0.206132 0.951740 -0.545000
v 0.206132 0.951740 -0.565000
v 0.218132 0.951740 -0.545000
v 0.218132 0.951740 -0.565000
v 0.012000 1.050000 -0.545000
v 0.012000 1.050000 -0.565000
v 0.006000 1.060392 -0.545000
v 0.006000 1.060392 -0.565000
v -0.006000 1.060392 -0.545000
v -0.006000 1.060392 -0.565000
v -0.012000 1.050000 -0.545000
v -0.012000 1.050000 -0.565000
v -0.006000 1.039608 -0.545000
v -0.006000 1.039608 -0.565000
v 0.006000 1.039608 -0.545000
v 0.006000 1.039608 -0.565000
v 0.000000 1.050000 -0.545000
v 0.000000 1.050000 -0.565000
v 0.012000 1.050000 -0.545000
v 0.012000 1.050000 -0.565000
v 0.006000 1.060392 -0.545000
v 0.006000 1.060392 -0.565000
v -0.006000 1.060392 -0.545000
v -0.006000 1.060392 -0.565000
v -0.012000 1.050000 -0.545000
v -0.012000 1.050000 -0.565000
v -0.006000 1.039608 -0.545000
v -0.006000 1.039608 -0.565000
v 0.006000 1.039608 -0.545000
v 0.006000 1.039608 -0.565000
v -0.200132 0.962132 -0.545000
v -0.200132 0.962132 -0.565000
v -0.206132 0.972524 -0.545000
v -0.206132 0.972524 -0.565000
v -0.218132 0.972524 -0.545000
v -0.218132 0.972524 -0.565000
v -0.224132 0.962132 -0.545000
v -0.224132 0.962132 -0.565000
v -0.218132 0.951740 -0.545000
v -0.218132 0.951740 -0.565000
v -0.206132 0.951740 -0.545000
v -0.206132 0.951740 -0.565000
v -0.212132 0.962132 -0.545000
v -0.212132 0.962132 -0.565000
v -0.200132 0.962132 -0.545000
v -0.200132 0.962132 -0.565000
v -0.206132 0.972524 -0.545000
v -0.206132 0.972524 -0.565000
v -0.218132 0.972524 -0.545000
v -0.218132 0.972524 -0.565000
v -0.224132 0.962132 -0.545000
v -0.224132 0.962132 -0.565000
v -0.218132 0.951740 -0.545000
v -0.218132 0.951740 -0.565000
v -0.206132 0.951740 -0.545000
v -0.206132 0.951740 -0.565000
v -0.288000 0.750000 -0.545000
v -0.288000 0.750000 -0.565000
v -0.294000 0.760392 -0.545000
v -0.294000 0.760392 -0.565000
v -0.306000 0.760392 -0.545000
v -0.306000 0.760392 -0.565000
v -0.312000 0.750000 -0.545000
v -0.312000 0.750000 -0.565000
v -0.306000 0.739608 -0.545000
v -0.306000 0.739608 -0.565000
v -0.294000 0.739608 -0.545000
v -0.294000 0.739608 -0.565000
v -0.300000 0.750000 -0.545000
v -0.300000 0.750000 -0.565000
v -0.288000 0.750000 -0.545000
v -0.288000 0.750000 -0.565000
v -0.294000 0.760392 -0.545000
v -0.294000 0.760392 -0.565000
v -0.306000 0.760392 -0.545000
v -0.306000 0.760392 -0.565000
v -0.312000 0.750000 -0.545000
v -0.312000 0.750000 -0.565000
v -0.306000 0.739608 -0.545000
v -0.306000 0.739608 -0.565000
v -0.294000 0.739608 -0.545000
v -0.294000 0.739608 -0.565000
v -0.200132 0.537868 -0.545000
v -0.200132 0.537868 -0.565000
v -0.206132 0.548260 -0.545000
v -0.206132 0.548260 -0.565000
v -0.218132 0.548260 -0.545000
v -0.218132 0.548260 -0.565000
v -0.224132 0.537868 -0.545000
v -0.224132 0.537868 -0.565000
v -0.218132 0.527476 -0.545000
v -0.218132 0.527476 -0.565000
v -0.206132 0.527476 -0.545000
v -0.206132 0.527476 -0.565000
v -0.212132 0.537868 -0.545000
v -0.212132 0.537868 -0.565000
v -0.200132 0.537868 -0.545000
v -0.200132 0.537868 -0.565000
v -0.206132 0.548260 -0.545000
v -0.206132 0.548260 -0.565000
v -0.218132 0.548260 -0.545000
v -0.218132 0.548260 -0.565000
v -0.224132 0.537868 -0.545000
v -0.224132 0.537868 -0.565000
v -0.218132 0.527476 -0.545000
v -0.218132 0.527476 -0.565000
v -0.206132 0.527476 -0.545000
v -0.206132 0.527476 -0.565000
v 0.012000 0.450000 -0.545000
v 0.012000 0.450000 -0.565000
v 0.006000 0.460392 -0.545000
v 0.006000 0.460392 -0.565000
v -0.006000 0.460392 -0.545000
v -0.006000 0.460392 -0.565000
v -0.012000 0.450000 -0.545000
v -0.012000 0.450000 -0.565000
v -0.006000 0.439608 -0.545000
v -0.006000 0.439608 -0.565000
v 0.006000 0.439608 -0.545000
v 0.006000 0.439608 -0.565000
v -0.000000 0.450000 -0.545000
v -0.000000 0.450000 -0.565000
v 0.012000 0.450000 -0.545000
v 0.012000 0.450000 -0.565000
v 0.006000 0.460392 -0.545000
v 0.006000 0.460392 -0.565000
v -0.006000 0.460392 -0.545000
v -0.006000 0.460392 -0.565000
v -0.012000 0.450000 -0.545000
v -0.012000 0.450000 -0.565000
v -0.006000 0.439608 -0.545000
v -0.006000 0.439608 -0.565000
v 0.006000 0.439608 -0.545000
v 0.006000 0.439608 -0.565000
v 0.224132 0.537868 -0.545000
v 0.224132 0.537868 -0.565000
v 0.218132 0.548260 -0.545000
v 0.218132 0.548260 -0.565000
v 0.206132 0.548260 -0.545000
v 0.206132 0.548260 -0.565000
v 0.200132 0.537868 -0.545000
v 0.200132 0.537868 -0.565000
v 0.206132 0.527476 -0.545000
v 0.206132 0.527476 -0.565000
v 0.218132 0.527476 -0.545000
v 0.218132 0.527476 -0.565000
v 0.212132 0.537868 -0.545000
v 0.212132 0.537868 -0.565000
v 0.224132 0.537868 -0.545000
v 0.224132 0.537868 -0.565000
v 0.218132 0.548260 -0.545000
v 0.218132 0.548260 -0.565000
v 0.206132 0.548260 -0.545000
v 0.206132 0.548260 -0.565000
v 0.200132 0.537868 -0.545000
v 0.200132 0.537868 -0.565000
v 0.206132 0.527476 -0.545000
v 0.206132 0.527476 -0.565000
v 0.218132 0.527476 -0.545000
v 0.218132 0.527476 -0.565000
v 0.280000 0.750000 -0.550000
v 0.280000 0.750000 -0.570000
v 0.274620 0.804625 -0.550000
v 0.274620 0.804625 -0.570000
v 0.258686 0.857151 -0.550000
v 0.258686 0.857151 -0.570000
v 0.232811 0.905560 -0.550000
v 0.232811 0.905560 -0.570000
v 0.197990 0.947990 -0.550000
v 0.197990 0.947990 -0.570000
v 0.155560 0.982811 -0.550000
v 0.155560 0.982811 -0.570000
v 0.107151 1.008686 -0.550000
v 0.107151 1.008686 -0.570000
v 0.054625 1.024620 -0.550000
v 0.054625 1.024620 -0.570000
v 0.000000 1.030000 -0.550000
v 0.000000 1.030000 -0.570000
v -0.054625 1.024620 -0.550000
v -0.054625 1.024620 -0.570000
v -0.107151 1.008686 -0.550000
v -0.107151 1.008686 -0.570000
v -0.155560 0.982811 -0.550000
v -0.155560 0.982811 -0.570000
v -0.197990 0.947990 -0.550000
v -0.197990 0.947990 -0.570000
v -0.232811 0.905560 -0.550000
v -0.232811 0.905560 -0.570000
v -0.258686 0.857151 -0.550000
v -0.258686 0.857151 -0.570000
v -0.274620 0.804625 -0.550000
v -0.274620 0.804625 -0.570000
v -0.280000 0.750000 -0.550000
v -0.280000 0.750000 -0.570000
v -0.274620 0.695375 -0.550000
v -0.274620 0.695375 -0.570000
v -0.258686 0.642849 -0.550000
v -0.258686 0.642849 -0.570000
v -0.232811 0.594440 -0.550000
v -0.232811 0.594440 -0.570000
v -0.197990 0.552010 -0.550000
v -0.197990 0.552010 -0.570000
v -0.155560 0.517189 -0.550000
v -0.155560 0.517189 -0.570000
v -0.107151 0.491314 -0.550000
v -0.107151 0.491314 -0.570000
v -0.054625 0.475380 -0.550000
v -0.054625 0.475380 -0.570000
v -0.000000 0.470000 -0.550000
v -0.000000 0.470000 -0.570000
v 0.054625 0.475380 -0.550000
v 0.054625 0.475380 -0.570000
v 0.107151 0.491314 -0.550000
v 0.107151 0.491314 -0.570000
v 0.155560 0.517189 -0.550000
v 0.155560 0.517189 -0.570000
v 0.197990 0.552010 -0.550000
v 0.197990 0.552010 -0.570000
v 0.232811 0.594440 -0.550000
v 0.232811 0.594440 -0.570000
v 0.258686 0.642849 -0.550000
v 0.258686 0.642849 -0.570000
v 0.274620 0.695375 -0.550000
v 0.274620 0.695375 -0.570000
v 0.000000 0.750000 -0.550000
v 0.000000 0.750000 -0.570000
v 0.280000 0.750000 -0.550000
v 0.280000 0.750000 -0.570000
v 0.274620 0.804625 -0.550000
v 0.274620 0.804625 -0.570000
v 0.258686 0.857151 -0.550000
v 0.258686 0.857151 -0.570000
v 0.232811 0.905560 -0.550000
v 0.232811 0.905560 -0.570000
v 0.197990 0.947990 -0.550000
v 0.197990 0.947990 -0.570000
v 0.155560 0.982811 -0.550000
v 0.155560 0.982811 -0.570000
v 0.107151 1.008686 -0.550000
v 0.107151 1.008686 -0.570000
v 0.054625 1.024620 -0.550000
v 0.054625 1.024620 -0.570000
v 0.000000 1.030000 -0.550000
v 0.000000 1.030000 -0.570000
v -0.054625 1.024620 -0.550000
v -0.054625 1.024620 -0.570000
v -0.107151 1.008686 -0.550000
v -0.107151 1.008686 -0.570000
v -0.155560 0.982811 -0.550000
v -0.155560 0.982811 -0.570000
v -0.197990 0.947990 -0.550000
v -0.197990 0.947990 -0.570000
v -0.232811 0.905560 -0.550000
v -0.232811 0.905560 -0.570000
v -0.258686 0.857151 -0.550000
v -0.258686 0.857151 -0.570000
v -0.274620 0.804625 -0.550000
v -0.274620 0.804625 -0.570000
v -0.280000 0.750000 -0.550000
v -0.280000 0.750000 -0.570000
v -0.274620 0.695375 -0.550000
v -0.274620 0.695375 -0.570000
v -0.258686 0.642849 -0.550000
v -0.258686 0.642849 -0.570000
v -0.232811 0.594440 -0.550000
v -0.232811 0.594440 -0.570000
v -0.197990 0.552010 -0.550000
v -0.197990 0.552010 -0.570000
v -0.155560 0.517189 -0.550000
v -0.155560 0.517189 -0.570000
v -0.107151 0.491314 -0.550000
v -0.107151 0.491314 -0.570000
v -0.054625 0.475380 -0.550000
v -0.054625 0.475380 -0.570000
v -0.000000 0.470000 -0.550000
v -0.000000 0.470000 -0.570000
v 0.054625 0.475380 -0.550000
v 0.054625 0.475380 -0.570000
v 0.107151 0.491314 -0.550000
v 0.107151 0.491314 -0.570000
v 0.155560 0.517189 -0.550000
v 0.155560 0.517189 -0.570000
v 0.197990 0.552010 -0.550000
v 0.197990 0.552010 -0.570000
v 0.232811 0.594440 -0.550000
v 0.232811 0.594440 -0.570000
v 0.258686 0.642849 -0.550000
v 0.258686 0.642849 -0.570000
v 0.274620 0.695375 -0.550000
v 0.274620 0.695375 -0.570000
v 0.220000 0.690000 -0.480000
v 0.260000 0.690000 -0.480000
v 0.260000 0.810000 -0.480000
v 0.220000 0.810000 -0.480000
v 0.260000 0.690000 -0.560000
v 0.220000 0.690000 -0.560000
v 0.220000 0.810000 -0.560000
v 0.260000 0.810000 -0.560000
v 0.220000 0.810000 -0.480000
v 0.260000 0.810000 -0.480000
v 0.260000 0.810000 -0.560000
v 0.220000 0.810000 -0.560000
v 0.220000 0.690000 -0.560000
v 0.260000 0.690000 -0.560000
v 0.260000 0.690000 -0.480000
v 0.220000 0.690000 -0.480000
v 0.260000 0.690000 -0.480000
v 0.260000 0.690000 -0.560000
v 0.260000 0.810000 -0.560000
v 0.260000 0.810000 -0.480000
v 0.220000 0.690000 -0.560000
v 0.220000 0.690000 -0.480000
v 0.220000 0.810000 -0.480000
v 0.220000 0.810000 -0.560000
v -0.225000 0.840000 -0.475500
v 0.225000 0.840000 -0.475500
v 0.225000 1.060000 -0.475500
v -0.225000 1.060000 -0.475500
v 0.225000 0.840000 -0.480500
v -0.225000 0.840000 -0.480500
v -0.225000 1.060000 -0.480500
v 0.225000 1.060000 -0.480500
v -0.225000 1.060000 -0.475500
v 0.225000 1.060000 -0.475500
v 0.225000 1.060000 -0.480500
v -0.225000 1.060000 -0.480500
v -0.225000 0.840000 -0.480500
v 0.225000 0.840000 -0.480500
v 0.225000 0.840000 -0.475500
v -0.225000 0.840000 -0.475500
v 0.225000 0.840000 -0.475500
v 0.225000 0.840000 -0.480500
v 0.225000 1.060000 -0.480500
v 0.225000 1.060000 -0.475500
v -0.225000 0.840000 -0.480500
v -0.225000 0.840000 -0.475500
v -0.225000 1.060000 -0.475500
v -0.225000 1.060000 -0.480500
v 0.090000 0.750000 -0.570000
v 0.087071 0.757071 -0.570000
v 0.080000 0.760000 -0.570000
v 0.072929 0.757071 -0.570000
v 0.070000 0.750000 -0.570000
v 0.072929 0.742929 -0.570000
v 0.080000 0.740000 -0.570000
v 0.087071 0.742929 -0.570000
v 0.083149 0.750000 -0.535558
v 0.080443 0.757071 -0.536679
v 0.073910 0.760000 -0.539385
v 0.067378 0.757071 -0.542091
v 0.064672 0.750000 -0.543212
v 0.067378 0.742929 -0.542091
v 0.073910 0.740000 -0.539385
v 0.080443 0.742929 -0.536679
v 0.063640 0.750000 -0.506360
v 0.061569 0.757071 -0.508431
v 0.056569 0.760000 -0.513431
v 0.051569 0.757071 -0.518431
v 0.049497 0.750000 -0.520503
v 0.051569 0.742929 -0.518431
v 0.056569 0.740000 -0.513431
v 0.061569 0.742929 -0.508431
v 0.034442 0.750000 -0.486851
v 0.033321 0.757071 -0.489557
v 0.030615 0.760000 -0.496090
v 0.027909 0.757071 -0.502622
v 0.026788 0.750000 -0.505328
v 0.027909 0.742929 -0.502622
v 0.030615 0.740000 -0.496090
v 0.033321 0.742929 -0.489557
v 0.000000 0.750000 -0.480000
v 0.000000 0.757071 -0.482929
v 0.000000 0.760000 -0.490000
v 0.000000 0.757071 -0.497071
v 0.000000 0.750000 -0.500000
v 0.000000 0.742929 -0.497071
v 0.000000 0.740000 -0.490000
v 0.000000 0.742929 -0.482929
v -0.034442 0.750000 -0.486851
v -0.033321 0.757071 -0.489557
v -0.030615 0.760000 -0.496090
v -0.027909 0.757071 -0.502622
v -0.026788 0.750000 -0.505328
v -0.027909 0.742929 -0.502622
v -0.030615 0.740000 -0.496090
v -0.033321 0.742929 -0.489557
v -0.063640 0.750000 -0.506360
v -0.061569 0.757071 -0.508431
v -0.056569 0.760000 -0.513431
v -0.051569 0.757071 -0.518431
v -0.049497 0.750000 -0.520503
v -0.051569 0.742929 -0.518431
v -0.056569 0.740000 -0.513431
v -0.061569 0.742929 -0.508431
v -0.083149 0.750000 -0.535558
v -0.080443 0.757071 -0.536679
v -0.073910 0.760000 -0.539385
v -0.067378 0.757071 -0.542091
v -0.064672 0.750000 -0.543212
v -0.067378 0.742929 -0.542091
v -0.073910 0.740000 -0.539385
v -0.080443 0.742929 -0.536679
v -0.090000 0.750000 -0.570000
v -0.087071 0.757071 -0.570000
v -0.080000 0.760000 -0.570000
v -0.072929 0.757071 -0.570000
v -0.070000 0.750000 -0.570000
v -0.072929 0.742929 -0.570000
v -0.080000 0.740000 -0.570000
v -0.087071 0.742929 -0.570000
v -0.083149 0.750000 -0.604442
v -0.080443 0.757071 -0.603321
v -0.073910 0.760000 -0.600615
v -0.067378 0.757071 -0.597909
v -0.064672 0.750000 -0.596788
v -0.067378 0.742929 -0.597909
v -0.073910 0.740000 -0.600615
v -0.080443 0.742929 -0.603321
v -0.063640 0.750000 -0.633640
v -0.061569 0.757071 -0.631569
v -0.056569 0.760000 -0.626569
v -0.051569 0.757071 -0.621569
v -0.049497 0.750000 -0.619497
v -0.051569 0.742929 -0.621569
v -0.056569 0.740000 -0.626569
v -0.061569 0.742929 -0.631569
v -0.034442 0.750000 -0.653149
v -0.033321 0.757071 -0.650443
v -0.030615 0.760000 -0.643910
v -0.027909 0.757071 -0.637378
v -0.026788 0.750000 -0.634672
v -0.027909 0.742929 -0.637378
v -0.030615 0.740000 -0.643910
v -0.033321 0.742929 -0.650443
v -0.000000 0.750000 -0.660000
v -0.000000 0.757071 -0.657071
v -0.000000 0.760000 -0.650000
v -0.000000 0.757071 -0.642929
v -0.000000 0.750000 -0.640000
v -0.000000 0.742929 -0.642929
v -0.000000 0.740000 -0.650000
v -0.000000 0.742929 -0.657071
v 0.034442 0.750000 -0.653149
v 0.033321 0.757071 -0.650443
v 0.030615 0.760000 -0.643910
v 0.027909 0.757071 -0.637378
v 0.026788 0.750000 -0.634672
v 0.027909 0.742929 -0.637378
v 0.030615 0.740000 -0.643910
v 0.033321 0.742929 -0.650443
v 0.063640 0.750000 -0.633640
v 0.061569 0.757071 -0.631569
v 0.056569 0.760000 -0.626569
v 0.051569 0.757071 -0.621569
v 0.049497 0.750000 -0.619497
v 0.051569 0.742929 -0.621569
v 0.056569 0.740000 -0.626569
v 0.061569 0.742929 -0.631569
v 0.083149 0.750000 -0.604442
v 0.080443 0.757071 -0.603321
v 0.073910 0.760000 -0.600615
v 0.067378 0.757071 -0.597909
v 0.064672 0.750000 -0.596788
v 0.067378 0.742929 -0.597909
v 0.073910 0.740000 -0.600615
v 0.080443 0.742929 -0.603321
vt 0.000000 1.000000
vt 0.000000 0.000000
vt 0.031250 1.000000
vt 0.031250 0.000000
vt 0.062500 1.000000
vt 0.062500 0.000000
vt 0.093750 1.000000
vt 0.093750 0.000000
vt 0.125000 1.000000
vt 0.125000 0.000000
vt 0.156250 1.000000
vt 0.156250 0.000000
vt 0.187500 1.000000
vt 0.187500 0.000000
vt 0.218750 1.000000
vt 0.218750 0.000000
vt 0.250000 1.000000
vt 0.250000 0.000000
vt 0.281250 1.000000
vt 0.281250 0.000000
vt 0.312500 1.000000
vt 0.312500 0.000000
vt 0.343750 1.000000
vt 0.343750 0.000000
vt 0.375000 1.000000
vt 0.375000 0.000000
vt 0.406250 1.000000
vt 0.406250 0.000000
vt 0.437500 1.000000
vt 0.437500 0.000000
vt 0.468750 1.000000
vt 0.468750 0.000000
vt 0.500000 1.000000
vt 0.500000 0.000000
vt 0.531250 1.000000
vt 0.531250 0.000000
vt 0.562500 1.000000
vt 0.562500 0.000000
vt 0.593750 1.000000
vt 0.593750 0.000000
vt 0.625000 1.000000
vt 0.625000 0.000000
vt 0.656250 1.000000
vt 0.656250 0.000000
vt 0.687500 1.000000
vt 0.687500 0.000000
vt 0.718750 1.000000
vt 0.718750 0.000000
vt 0.750000 1.000000
vt 0.750000 0.000000
vt 0.781250 1.000000
vt 0.781250 0.000000
vt 0.812500 1.000000
vt 0.812500 0.000000
vt 0.843750 1.000000
vt 0.843750 0.000000
vt 0.875000 1.000000
vt 0.875000 0.000000
vt 0.906250 1.000000
vt 0.906250 0.000000
vt 0.937500 1.000000
vt 0.937500 0.000000
vt 0.968750 1.000000
vt 0.968750 0.000000
vt 0.500000 0.500000
vt 0.500000 0.500000
vt 1.000000 0.500000
vt 1.000000 0.500000
vt 0.990393 0.597545
vt 0.990393 0.597545
vt 0.961940 0.691342
vt 0.961940 0.691342
vt 0.915735 0.777785
vt 0.915735 0.777785
vt 0.853553 0.853553
vt 0.853553 0.853553
vt 0.777785 0.915735
vt 0.777785 0.915735
vt 0.691342 0.961940
vt 0.691342 0.961940
vt 0.597545 0.990393
vt 0.597545 0.990393
vt 0.500000 1.000000
vt 0.500000 1.000000
vt 0.402455 0.990393
vt 0.402455 0.990393
vt 0.308658 0.961940
vt 0.308658 0.961940
vt 0.222215 0.915735
vt 0.222215 0.915735
vt 0.146447 0.853553
vt 0.146447 0.853553
vt 0.084265 0.777785
vt 0.084265 0.777785
vt 0.038060 0.691342
vt 0.038060 0.691342
vt 0.009607 0.597545
vt 0.009607 0.597545
vt 0.000000 0.500000
vt 0.000000 0.500000
vt 0.009607 0.402455
vt 0.009607 0.402455
vt 0.038060 0.308658
vt 0.038060 0.308658
vt 0.084265 0.222215
vt 0.084265 0.222215
vt 0.146447 0.146447
vt 0.146447 0.146447
vt 0.222215 0.084265
vt 0.222215 0.084265
vt 0.308658 0.038060
vt 0.308658 0.038060
vt 0.402455 0.009607
vt 0.402455 0.009607
vt 0.500000 0.000000
vt 0.500000 0.000000
vt 0.597545 0.009607
vt 0.597545 0.009607
vt 0.691342 0.038060
vt 0.691342 0.038060
vt 0.777785 0.084265
vt 0.777785 0.084265
vt 0.853553 0.146447
vt 0.853553 0.146447
vt 0.915735 0.222215
vt 0.915735 0.222215
vt 0.961940 0.308658
vt 0.961940 0.308658
vt 0.990393 0.402455
vt 0.990393 0.402455
vt 0.000000 0.000000
vt 0.000000 0.062500
vt 0.000000 0.125000
vt 0.000000 0.187500
vt 0.000000 0.250000
vt 0.000000 0.312500
vt 0.000000 0.375000
vt 0.000000 0.437500
vt 0.000000 0.500000
vt 0.000000 0.562500
vt 0.000000 0.625000
vt 0.000000 0.687500
vt 0.000000 0.750000
vt 0.000000 0.812500
vt 0.000000 0.875000
vt 0.000000 0.937500
vt 0.031250 0.000000
vt 0.031250 0.062500
vt 0.031250 0.125000
vt 0.031250 0.187500
vt 0.031250 0.250000
vt 0.031250 0.312500
vt 0.031250 0.375000
vt 0.031250 0.437500
vt 0.031250 0.500000
vt 0.031250 0.562500
vt 0.031250 0.625000
vt 0.031250 0.687500
vt 0.031250 0.750000
vt 0.031250 0.812500
vt 0.031250 0.875000
vt 0.031250 0.937500
vt 0.062500 0.000000
vt 0.062500 0.062500
vt 0.062500 0.125000
vt 0.062500 0.187500
vt 0.062500 0.250000
vt 0.062500 0.312500
vt 0.062500 0.375000
vt 0.062500 0.437500
vt 0.062500 0.500000
vt 0.062500 0.562500
vt 0.062500 0.625000
vt 0.062500 0.687500
vt 0.062500 0.750000
vt 0.062500 0.812500
vt 0.062500 0.875000
vt 0.062500 0.937500
vt 0.093750 0.000000
vt 0.093750 0.062500
vt 0.093750 0.125000
vt 0.093750 0.187500
vt 0.093750 0.250000
vt 0.093750 0.312500
vt 0.093750 0.375000
vt 0.093750 0.437500
vt 0.093750 0.500000
vt 0.093750 0.562500
vt 0.093750 0.625000
vt 0.093750 0.687500
vt 0.093750 0.750000
vt 0.093750 0.812500
vt 0.093750 0.875000
vt 0.093750 0.937500
vt 0.125000 0.000000
vt 0.125000 0.062500
vt 0.125000 0.125000
vt 0.125000 0.187500
vt 0.125000 0.250000
vt 0.125000 0.312500
vt 0.125000 0.375000
vt 0.125000 0.437500
vt 0.125000 0.500000
vt 0.125000 0.562500
vt 0.125000 0.625000
vt 0.125000 0.687500
vt 0.125000 0.750000
vt 0.125000 0.812500
vt 0.125000 0.875000
vt 0.125000 0.937500
vt 0.156250 0.000000
vt 0.156250 0.062500
vt 0.156250 0.125000
vt 0.156250 0.187500
vt 0.156250 0.250000
vt 0.156250 0.312500
vt 0.156250 0.375000
vt 0.156250 0.437500
vt 0.156250 0.500000
vt 0.156250 0.562500
vt 0.156250 0.625000
vt 0.156250 0.687500
vt 0.156250 0.750000
vt 0.156250 0.812500
vt 0.156250 0.875000
vt 0.156250 0.937500
vt 0.187500 0.000000
vt 0.187500 0.062500
vt 0.187500 0.125000
vt 0.187500 0.187500
vt 0.187500 0.250000
vt 0.187500 0.312500
vt 0.187500 0.375000
vt 0.187500 0.437500
vt 0.187500 0.500000
vt 0.187500 0.562500
vt 0.187500 0.625000
vt 0.187500 0.687500
vt 0.187500 0.750000
vt 0.187500 0.812500
vt 0.187500 0.875000
vt 0.187500 0.937500
vt 0.218750 0.000000
vt 0.218750 0.062500
vt 0.218750 0.125000
vt 0.218750 0.187500
vt 0.218750 0.250000
vt 0.218750 0.312500
vt 0.218750 0.375000
vt 0.218750 0.437500
vt 0.218750 0.500000
vt 0.218750 0.562500
vt 0.218750 0.625000
vt 0.218750 0.687500
vt 0.218750 0.750000
vt 0.218750 0.812500
vt 0.218750 0.875000
vt 0.218750 0.937500
vt 0.250000 0.000000
vt 0.250000 0.062500
vt 0.250000 0.125000
vt 0.250000 0.187500
vt 0.250000 0.250000
vt 0.250000 0.312500
vt 0.250000 0.375000
vt 0.250000 0.437500
vt 0.250000 0.500000
vt 0.250000 0.562500
vt 0.250000 0.625000
vt 0.250000 0.687500
vt 0.250000 0.750000
vt 0.250000 0.812500
vt 0.250000 0.875000
vt 0.250000 0.937500
vt 0.281250 0.000000
vt 0.281250 0.062500
vt 0.281250 0.125000
vt 0.281250 0.187500
vt 0.281250 0.250000
vt 0.281250 0.312500
vt 0.281250 0.375000
vt 0.281250 0.437500
vt 0.281250 0.500000
vt 0.281250 0.562500
vt 0.281250 0.625000
vt 0.281250 0.687500
vt 0.281250 0.750000
vt 0.281250 0.812500
vt 0.281250 0.875000
vt 0.281250 0.937500
vt 0.312500 0.000000
vt 0.312500 0.062500
vt 0.312500 0.125000
vt 0.312500 0.187500
vt 0.312500 0.250000
vt 0.312500 0.312500
vt 0.312500 0.375000
vt 0.312500 0.437500
vt 0.312500 0.500000
vt 0.312500 0.562500
vt 0.312500 0.625000
vt 0.312500 0.687500
vt 0.312500 0.750000
vt 0.312500 0.812500
vt 0.312500 0.875000
vt 0.312500 0.937500
vt 0.343750 0.000000
vt 0.343750 0.062500
vt 0.343750 0.125000
vt 0.343750 0.187500
vt 0.343750 0.250000
vt 0.343750 0.312500
vt 0.343750 0.375000
vt 0.343750 0.437500
vt 0.343750 0.500000
vt 0.343750 0.562500
vt 0.343750 0.625000
vt 0.343750 0.687500
vt 0.343750 0.750000
vt 0.343750 0.812500
vt 0.343750 0.875000
vt 0.343750 0.937500
vt 0.375000 0.000000
vt 0.375000 0.062500
vt 0.375000 0.125000
vt 0.375000 0.187500
vt 0.375000 0.250000
vt 0.375000 0.312500
vt 0.375000 0.375000
vt 0.375000 0.437500
vt 0.375000 0.500000
vt 0.375000 0.562500
vt 0.375000 0.625000
vt 0.375000 0.687500
vt 0.375000 0.750000
vt 0.375000 0.812500
vt 0.375000 0.875000
vt 0.375000 0.937500
vt 0.406250 0.000000
vt 0.406250 0.062500
vt 0.406250 0.125000
vt 0.406250 0.187500
vt 0.406250 0.250000
vt 0.406250 0.312500
vt 0.406250 0.375000
vt 0.406250 0.437500
vt 0.406250 0.500000
vt 0.406250 0.562500
vt 0.406250 0.625000
vt 0.406250 0.687500
vt 0.406250 0.750000
vt 0.406250 0.812500
vt 0.406250 0.875000
vt 0.406250 0.937500
vt 0.437500 0.000000
vt 0.437500 0.062500
vt 0.437500 0.125000
vt 0.437500 0.187500
vt 0.437500 0.250000
vt 0.437500 0.312500
vt 0.437500 0.375000
vt 0.437500 0.437500
vt 0.437500 0.500000
vt 0.437500 0.562500
vt 0.437500 0.625000
vt 0.437500 0.687500
vt 0.437500 0.750000
vt 0.437500 0.812500
vt 0.437500 0.875000
vt 0.437500 0.937500
vt 0.468750 0.000000
vt 0.468750 0.062500
vt 0.468750 0.125000
vt 0.468750 0.187500
vt 0.468750 0.250000
vt 0.468750 0.312500
vt 0.468750 0.375000
vt 0.468750 0.437500
vt 0.468750 0.500000
vt 0.468750 0.562500
vt 0.468750 0.625000
vt 0.468750 0.687500
vt 0.468750 0.750000
vt 0.468750 0.812500
vt 0.468750 0.875000
vt 0.468750 0.937500
vt 0.500000 0.000000
vt 0.500000 0.062500
vt 0.500000 0.125000
vt 0.500000 0.187500
vt 0.500000 0.250000
vt 0.500000 0.312500
vt 0.500000 0.375000
vt 0.500000 0.437500
vt 0.500000 0.500000
vt 0.500000 0.562500
vt 0.500000 0.625000
vt 0.500000 0.687500
vt 0.500000 0.750000
vt 0.500000 0.812500
vt 0.500000 0.875000
vt 0.500000 0.937500
vt 0.531250 0.000000
vt 0.531250 0.062500
vt 0.531250 0.125000
vt 0.531250 0.187500
vt 0.531250 0.250000
vt 0.531250 0.312500
vt 0.531250 0.375000
vt 0.531250 0.437500
vt 0.531250 0.500000
vt 0.531250 0.562500
vt 0.531250 0.625000
vt 0.531250 0.687500
vt 0.531250 0.750000
vt 0.531250 0.812500
vt 0.531250 0.875000
vt 0.531250 0.937500
vt 0.562500 0.000000
vt 0.562500 0.062500
vt 0.562500 0.125000
vt 0.562500 0.187500
vt 0.562500 0.250000
vt 0.562500 0.312500
vt 0.562500 0.375000
vt 0.562500 0.437500
vt 0.562500 0.500000
vt 0.562500 0.562500
vt 0.562500 0.625000
vt 0.562500 0.687500
vt 0.562500 0.750000
vt 0.562500 0.812500
vt 0.562500 0.875000
vt 0.562500 0.937500
vt 0.593750 0.000000
vt 0.593750 0.062500
vt 0.593750 0.125000
vt 0.593750 0.187500
vt 0.593750 0.250000
vt 0.593750 0.312500
vt 0.593750 0.375000
vt 0.593750 0.437500
vt 0.593750 0.500000
vt 0.593750 0.562500
vt 0.593750 0.625000
vt 0.593750 0.687500
vt 0.593750 0.750000
vt 0.593750 0.812500
vt 0.593750 0.875000
vt 0.593750 0.937500
vt 0.625000 0.000000
vt 0.625000 0.062500
vt 0.625000 0.125000
vt 0.625000 0.187500
vt 0.625000 0.250000
vt 0.625000 0.312500
vt 0.625000 0.375000
vt 0.625000 0.437500
vt 0.625000 0.500000
vt 0.625000 0.562500
vt 0.625000 0.625000
vt 0.625000 0.687500
vt 0.625000 0.750000
vt 0.625000 0.812500
vt 0.625000 0.875000
vt 0.625000 0.937500
vt 0.656250 0.000000
vt 0.656250 0.062500
vt 0.656250 0.125000
vt 0.656250 0.187500
vt 0.656250 0.250000
vt 0.656250 0.312500
vt 0.656250 0.375000
vt 0.656250 0.437500
vt 0.656250 0.500000
vt 0.656250 0.562500
vt 0.656250 0.625000
vt 0.656250 0.687500
vt 0.656250 0.750000
vt 0.656250 0.812500
vt 0.656250 0.875000
vt 0.656250 0.937500
vt 0.687500 0.000000
vt 0.687500 0.062500
vt 0.687500 0.125000
vt 0.687500 0.187500
vt 0.687500 0.250000
vt 0.687500 0.312500
vt 0.687500 0.375000
vt 0.687500 0.437500
vt 0.687500 0.500000
vt 0.687500 0.562500
vt 0.687500 0.625000
vt 0.687500 0.687500
vt 0.687500 0.750000
vt 0.687500 0.812500
vt 0.687500 0.875000
vt 0.687500 0.937500
vt 0.718750 0.000000
vt 0.718750 0.062500
vt 0.718750 0.125000
vt 0.718750 0.187500
vt 0.718750 0.250000
vt 0.718750 0.312500
vt 0.718750 0.375000
vt 0.718750 0.437500
vt 0.718750 0.500000
vt 0.718750 0.562500
vt 0.718750 0.625000
vt 0.718750 0.687500
vt 0.718750 0.750000
vt 0.718750 0.812500
vt 0.718750 0.875000
vt 0.718750 0.937500
vt 0.750000 0.000000
vt 0.750000 0.062500
vt 0.750000 0.125000
vt 0.750000 0.187500
vt 0.750000 0.250000
vt 0.750000 0.312500
vt 0.750000 0.375000
vt 0.750000 0.437500
vt 0.750000 0.500000
vt 0.750000 0.562500
vt 0.750000 0.625000
vt 0.750000 0.687500
vt 0.750000 0.750000
vt 0.750000 0.812500
vt 0.750000 0.875000
vt 0.750000 0.937500
vt 0.781250 0.000000
vt 0.781250 0.062500
vt 0.781250 0.125000
vt 0.781250 0.187500
vt 0.781250 0.250000
vt 0.781250 0.312500
vt 0.781250 0.375000
vt 0.781250 0.437500
vt 0.781250 0.500000
vt 0.781250 0.562500
vt 0.781250 0.625000
vt 0.781250 0.687500
vt 0.781250 0.750000
vt 0.781250 0.812500
vt 0.781250 0.875000
vt 0.781250 0.937500
vt 0.812500 0.000000
vt 0.812500 0.062500
vt 0.812500 0.125000
vt 0.812500 0.187500
vt 0.812500 0.250000
vt 0.812500 0.312500
vt 0.812500 0.375000
vt 0.812500 0.437500
vt 0.812500 0.500000
vt 0.812500 0.562500
vt 0.812500 0.625000
vt 0.812500 0.687500
vt 0.812500 0.750000
vt 0.812500 0.812500
vt 0.812500 0.875000
vt 0.812500 0.937500
vt 0.843750 0.000000
vt 0.843750 0.062500
vt 0.843750 0.125000
vt 0.843750 0.187500
vt 0.843750 0.250000
vt 0.843750 0.312500
vt 0.843750 0.375000
vt 0.843750 0.437500
vt 0.843750 0.500000
vt 0.843750 0.562500
vt 0.843750 0.625000
vt 0.843750 0.687500
vt 0.843750 0.750000
vt 0.843750 0.812500
vt 0.843750 0.875000
vt 0.843750 0.937500
vt 0.875000 0.000000
vt 0.875000 0.062500
vt 0.875000 0.125000
vt 0.875000 0.187500
vt 0.875000 0.250000
vt 0.875000 0.312500
vt 0.875000 0.375000
vt 0.875000 0.437500
vt 0.875000 0.500000
vt 0.875000 0.562500
vt 0.875000 0.625000
vt 0.875000 0.687500
vt 0.875000 0.750000
vt 0.875000 0.812500
vt 0.875000 0.875000
vt 0.875000 0.937500
vt 0.906250 0.000000
vt 0.906250 0.062500
vt 0.906250 0.125000
vt 0.906250 0.187500
vt 0.906250 0.250000
vt 0.906250 0.312500
vt 0.906250 0.375000
vt 0.906250 0.437500
vt 0.906250 0.500000
vt 0.906250 0.562500
vt 0.906250 0.625000
vt 0.906250 0.687500
vt 0.906250 0.750000
vt 0.906250 0.812500
vt 0.906250 0.875000
vt 0.906250 0.937500
vt 0.937500 0.000000
vt 0.937500 0.062500
vt 0.937500 0.125000
vt 0.937500 0.187500
vt 0.937500 0.250000
vt 0.937500 0.312500
vt 0.937500 0.375000
vt 0.937500 0.437500
vt 0.937500 0.500000
vt 0.937500 0.562500
vt 0.937500 0.625000
vt 0.937500 0.687500
vt 0.937500 0.750000
vt 0.937500 0.812500
vt 0.937500 0.875000
vt 0.937500 0.937500
vt 0.968750 0.000000
vt 0.968750 0.062500
vt 0.968750 0.125000
vt 0.968750 0.187500
vt 0.968750 0.250000
vt 0.968750 0.312500
vt 0.968750 0.375000
vt 0.968750 0.437500
vt 0.968750 0.500000
vt 0.968750 0.562500
vt 0.968750 0.625000
vt 0.968750 0.687500
vt 0.968750 0.750000
vt 0.968750 0.812500
vt 0.968750 0.875000
vt 0.968750 0.937500
vt 0.000000 0.000000
vt 0.000000 0.062500
vt 0.000000 0.125000
vt 0.000000 0.187500
vt 0.000000 0.250000
vt 0.000000 0.312500
vt 0.000000 0.375000
vt 0.000000 0.437500
vt 0.000000 0.500000
vt 0.000000 0.562500
vt 0.000000 0.625000
vt 0.000000 0.687500
vt 0.000000 0.750000
vt 0.000000 0.812500
vt 0.000000 0.875000
vt 0.000000 0.937500
vt 0.031250 0.000000
vt 0.031250 0.062500
vt 0.031250 0.125000
vt 0.031250 0.187500
vt 0.031250 0.250000
vt 0.031250 0.312500
vt 0.031250 0.375000
vt 0.031250 0.437500
vt 0.031250 0.500000
vt 0.031250 0.562500
vt 0.031250 0.625000
vt 0.031250 0.687500
vt 0.031250 0.750000
vt 0.031250 0.812500
vt 0.031250 0.875000
vt 0.031250 0.937500
vt 0.062500 0.000000
vt 0.062500 0.062500
vt 0.062500 0.125000
vt 0.062500 0.187500
vt 0.062500 0.250000
vt 0.062500 0.312500
vt 0.062500 0.375000
vt 0.062500 0.437500
vt 0.062500 0.500000
vt 0.062500 0.562500
vt 0.062500 0.625000
vt 0.062500 0.687500
vt 0.062500 0.750000
vt 0.062500 0.812500
vt 0.062500 0.875000
vt 0.062500 0.937500
vt 0.093750 0.000000
vt 0.093750 0.062500
vt 0.093750 0.125000
vt 0.093750 0.187500
vt 0.093750 0.250000
vt 0.093750 0.312500
vt 0.093750 0.375000
vt 0.093750 0.437500
vt 0.093750 0.500000
vt 0.093750 0.562500
vt 0.093750 0.625000
vt 0.093750 0.687500
vt 0.093750 0.750000
vt 0.093750 0.812500
vt 0.093750 0.875000
vt 0.093750 0.937500
vt 0.125000 0.000000
vt 0.125000 0.062500
vt 0.125000 0.125000
vt 0.125000 0.187500
vt 0.125000 0.250000
vt 0.125000 0.312500
vt 0.125000 0.375000
vt 0.125000 0.437500
vt 0.125000 0.500000
vt 0.125000 0.562500
vt 0.125000 0.625000
vt 0.125000 0.687500
vt 0.125000 0.750000
vt 0.125000 0.812500
vt 0.125000 0.875000
vt 0.125000 0.937500
vt 0.156250 0.000000
vt 0.156250 0.062500
vt 0.156250 0.125000
vt 0.156250 0.187500
vt 0.156250 0.250000
vt 0.156250 0.312500
vt 0.156250 0.375000
vt 0.156250 0.437500
vt 0.156250 0.500000
vt 0.156250 0.562500
vt 0.156250 0.625000
vt 0.156250 0.687500
vt 0.156250 0.750000
vt 0.156250 0.812500
vt 0.156250 0.875000
vt 0.156250 0.937500
vt 0.187500 0.000000
vt 0.187500 0.062500
vt 0.187500 0.125000
vt 0.187500 0.187500
vt 0.187500 0.250000
vt 0.187500 0.312500
vt 0.187500 0.375000
vt 0.187500 0.437500
vt 0.187500 0.500000
vt 0.187500 0.562500
vt 0.187500 0.625000
vt 0.187500 0.687500
vt 0.187500 0.750000
vt 0.187500 0.812500
vt 0.187500 0.875000
vt 0.187500 0.937500
vt 0.218750 0.000000
vt 0.218750 0.062500
vt 0.218750 0.125000
vt 0.218750 0.187500
vt 0.218750 0.250000
vt 0.218750 0.312500
vt 0.218750 0.375000
vt 0.218750 0.437500
vt 0.218750 0.500000
vt 0.218750 0.562500
vt 0.218750 0.625000
vt 0.218750 0.687500
vt 0.218750 0.750000
vt 0.218750 0.812500
vt 0.218750 0.875000
vt 0.218750 0.937500
vt 0.250000 0.000000
vt 0.250000 0.062500
vt 0.250000 0.125000
vt 0.250000 0.187500
vt 0.250000 0.250000
vt 0.250000 0.312500
vt 0.250000 0.375000
vt 0.250000 0.437500
vt 0.250000 0.500000
vt 0.250000 0.562500
vt 0.250000 0.625000
vt 0.250000 0.687500
vt 0.250000 0.750000
vt 0.250000 0.812500
vt 0.250000 0.875000
vt 0.250000 0.937500
vt 0.281250 0.000000
vt 0.281250 0.062500
vt 0.281250 0.125000
vt 0.281250 0.187500
vt 0.281250 0.250000
vt 0.281250 0.312500
vt 0.281250 0.375000
vt 0.281250 0.437500
vt 0.281250 0.500000
vt 0.281250 0.562500
vt 0.281250 0.625000
vt 0.281250 0.687500
vt 0.281250 0.750000
vt 0.281250 0.812500
vt 0.281250 0.875000
vt 0.281250 0.937500
vt 0.312500 0.000000
vt 0.312500 0.062500
vt 0.312500 0.125000
vt 0.312500 0.187500
vt 0.312500 0.250000
vt 0.312500 0.312500
vt 0.312500 0.375000
vt 0.312500 0.437500
vt 0.312500 0.500000
vt 0.312500 0.562500
vt 0.312500 0.625000
vt 0.312500 0.687500
vt 0.312500 0.750000
vt 0.312500 0.812500
vt 0.312500 0.875000
vt 0.312500 0.937500
vt 0.343750 0.000000
vt 0.343750 0.062500
vt 0.343750 0.125000
vt 0.343750 0.187500
vt 0.343750 0.250000
vt 0.343750 0.312500
vt 0.343750 0.375000
vt 0.343750 0.437500
vt 0.343750 0.500000
vt 0.343750 0.562500
vt 0.343750 0.625000
vt 0.343750 0.687500
vt 0.343750 0.750000
vt 0.343750 0.812500
vt 0.343750 0.875000
vt 0.343750 0.937500
vt 0.375000 0.000000
vt 0.375000 0.062500
vt 0.375000 0.125000
vt 0.375000 0.187500
vt 0.375000 0.250000
vt 0.375000 0.312500
vt 0.375000 0.375000
vt 0.375000 0.437500
vt 0.375000 0.500000
vt 0.375000 0.562500
vt 0.375000 0.625000
vt 0.375000 0.687500
vt 0.375000 0.750000
vt 0.375000 0.812500
vt 0.375000 0.875000
vt 0.375000 0.937500
vt 0.406250 0.000000
vt 0.406250 0.062500
vt 0.406250 0.125000
vt 0.406250 0.187500
vt 0.406250 0.250000
vt 0.406250 0.312500
vt 0.406250 0.375000
vt 0.406250 0.437500
vt 0.406250 0.500000
vt 0.406250 0.562500
vt 0.406250 0.625000
vt 0.406250 0.687500
vt 0.406250 0.750000
vt 0.406250 0.812500
vt 0.406250 0.875000
vt 0.406250 0.937500
vt 0.437500 0.000000
vt 0.437500 0.062500
vt 0.437500 0.125000
vt 0.437500 0.187500
vt 0.437500 0.250000
vt 0.437500 0.312500
vt 0.437500 0.375000
vt 0.437500 0.437500
vt 0.437500 0.500000
vt 0.437500 0.562500
vt 0.437500 0.625000
vt 0.437500 0.687500
vt 0.437500 0.750000
vt 0.437500 0.812500
vt 0.437500 0.875000
vt 0.437500 0.937500
vt 0.468750 0.000000
vt 0.468750 0.062500
vt 0.468750 0.125000
vt 0.468750 0.187500
vt 0.468750 0.250000
vt 0.468750 0.312500
vt 0.468750 0.375000
vt 0.468750 0.437500
vt 0.468750 0.500000
vt 0.468750 0.562500
vt 0.468750 0.625000
vt 0.468750 0.687500
vt 0.468750 0.750000
vt 0.468750 0.812500
vt 0.468750 0.875000
vt 0.468750 0.937500
vt 0.500000 0.000000
vt 0.500000 0.062500
vt 0.500000 0.125000
vt 0.500000 0.187500
vt 0.500000 0.250000
vt 0.500000 0.312500
vt 0.500000 0.375000
vt 0.500000 0.437500
vt 0.500000 0.500000
vt 0.500000 0.562500
vt 0.500000 0.625000
vt 0.500000 0.687500
vt 0.500000 0.750000
vt 0.500000 0.812500
vt 0.500000 0.875000
vt 0.500000 0.937500
vt 0.531250 0.000000
vt 0.531250 0.062500
vt 0.531250 0.125000
vt 0.531250 0.187500
vt 0.531250 0.250000
vt 0.531250 0.312500
vt 0.531250 0.375000
vt 0.531250 0.437500
vt 0.531250 0.500000
vt 0.531250 0.562500
vt 0.531250 0.625000
vt 0.531250 0.687500
vt 0.531250 0.750000
vt 0.531250 0.812500
vt 0.531250 0.875000
vt 0.531250 0.937500
vt 0.562500 0.000000
vt 0.562500 0.062500
vt 0.562500 0.125000
vt 0.562500 0.187500
vt 0.562500 0.250000
vt 0.562500 0.312500
vt 0.562500 0.375000
vt 0.562500 0.437500
vt 0.562500 0.500000
vt 0.562500 0.562500
vt 0.562500 0.625000
vt 0.562500 0.687500
vt 0.562500 0.750000
vt 0.562500 0.812500
vt 0.562500 0.875000
vt 0.562500 0.937500
vt 0.593750 0.000000
vt 0.593750 0.062500
vt 0.593750 0.125000
vt 0.593750 0.187500
vt 0.593750 0.250000
vt 0.593750 0.312500
vt 0.593750 0.375000
vt 0.593750 0.437500
vt 0.593750 0.500000
vt 0.593750 0.562500
vt 0.593750 0.625000
vt 0.593750 0.687500
vt 0.593750 0.750000
vt 0.593750 0.812500
vt 0.593750 0.875000
vt 0.593750 0.937500
vt 0.625000 0.000000
vt 0.625000 0.062500
vt 0.625000 0.125000
vt 0.625000 0.187500
vt 0.625000 0.250000
vt 0.625000 0.312500
vt 0.625000 0.375000
vt 0.625000 0.437500
vt 0.625000 0.500000
vt 0.625000 0.562500
vt 0.625000 0.625000
vt 0.625000 0.687500
vt 0.625000 0.750000
vt 0.625000 0.812500
vt 0.625000 0.875000
vt 0.625000 0.937500
vt 0.656250 0.000000
vt 0.656250 0.062500
vt 0.656250 0.125000
vt 0.656250 0.187500
vt 0.656250 0.250000
vt 0.656250 0.312500
vt 0.656250 0.375000
vt 0.656250 0.437500
vt 0.656250 0.500000
vt 0.656250 0.562500
vt 0.656250 0.625000
vt 0.656250 0.687500
vt 0.656250 0.750000
vt 0.656250 0.812500
vt 0.656250 0.875000
vt 0.656250 0.937500
vt 0.687500 0.000000
vt 0.687500 0.062500
vt 0.687500 0.125000
vt 0.687500 0.187500
vt 0.687500 0.250000
vt 0.687500 0.312500
vt 0.687500 0.375000
vt 0.687500 0.437500
vt 0.687500 0.500000
vt 0.687500 0.562500
vt 0.687500 0.625000
vt 0.687500 0.687500
vt 0.687500 0.750000
vt 0.687500 0.812500
vt 0.687500 0.875000
vt 0.687500 0.937500
vt 0.718750 0.000000
vt 0.718750 0.062500
vt 0.718750 0.125000
vt 0.718750 0.187500
vt 0.718750 0.250000
vt 0.718750 0.312500
vt 0.718750 0.375000
vt 0.718750 0.437500
vt 0.718750 0.500000
vt 0.718750 0.562500
vt 0.718750 0.625000
vt 0.718750 0.687500
vt 0.718750 0.750000
vt 0.718750 0.812500
vt 0.718750 0.875000
vt 0.718750 0.937500
vt 0.750000 0.000000
vt 0.750000 0.062500
vt 0.750000 0.125000
vt 0.750000 0.187500
vt 0.750000 0.250000
vt 0.750000 0.312500
vt 0.750000 0.375000
vt 0.750000 0.437500
vt 0.750000 0.500000
vt 0.750000 0.562500
vt 0.750000 0.625000
vt 0.750000 0.687500
vt 0.750000 0.750000
vt 0.750000 0.812500
vt 0.750000 0.875000
vt 0.750000 0.937500
vt 0.781250 0.000000
vt 0.781250 0.062500
vt 0.781250 0.125000
vt 0.781250 0.187500
vt 0.781250 0.250000
vt 0.781250 0.312500
vt 0.781250 0.375000
vt 0.781250 0.437500
vt 0.781250 0.500000
vt 0.781250 0.562500
vt 0.781250 0.625000
vt 0.781250 0.687500
vt 0.781250 0.750000
vt 0.781250 0.812500
vt 0.781250 0.875000
vt 0.781250 0.937500
vt 0.812500 0.000000
vt 0.812500 0.062500
vt 0.812500 0.125000
vt 0.812500 0.187500
vt 0.812500 0.250000
vt 0.812500 0.312500
vt 0.812500 0.375000
vt 0.812500 0.437500
vt 0.812500 0.500000
vt 0.812500 0.562500
vt 0.812500 0.625000
vt 0.812500 0.687500
vt 0.812500 0.750000
vt 0.812500 0.812500
vt 0.812500 0.875000
vt 0.812500 0.937500
vt 0.843750 0.000000
vt 0.843750 0.062500
vt 0.843750 0.125000
vt 0.843750 0.187500
vt 0.843750 0.250000
vt 0.843750 0.312500
vt 0.843750 0.375000
vt 0.843750 0.437500
vt 0.843750 0.500000
vt 0.843750 0.562500
vt 0.843750 0.625000
vt 0.843750 0.687500
vt 0.843750 0.750000
vt 0.843750 0.812500
vt 0.843750 0.875000
vt 0.843750 0.937500
vt 0.875000 0.000000
vt 0.875000 0.062500
vt 0.875000 0.125000
vt 0.875000 0.187500
vt 0.875000 0.250000
vt 0.875000 0.312500
vt 0.875000 0.375000
vt 0.875000 0.437500
vt 0.875000 0.500000
vt 0.875000 0.562500
vt 0.875000 0.625000
vt 0.875000 0.687500
vt 0.875000 0.750000
vt 0.875000 0.812500
vt 0.875000 0.875000
vt 0.875000 0.937500
vt 0.906250 0.000000
vt 0.906250 0.062500
vt 0.906250 0.125000
vt 0.906250 0.187500
vt 0.906250 0.250000
vt 0.906250 0.312500
vt 0.906250 0.375000
vt 0.906250 0.437500
vt 0.906250 0.500000
vt 0.906250 0.562500
vt 0.906250 0.625000
vt 0.906250 0.687500
vt 0.906250 0.750000
vt 0.906250 0.812500
vt 0.906250 0.875000
vt 0.906250 0.937500
vt 0.937500 0.000000
vt 0.937500 0.062500
vt 0.937500 0.125000
vt 0.937500 0.187500
vt 0.937500 0.250000
vt 0.937500 0.312500
vt 0.937500 0.375000
vt 0.937500 0.437500
vt 0.937500 0.500000
vt 0.937500 0.562500
vt 0.937500 0.625000
vt 0.937500 0.687500
vt 0.937500 0.750000
vt 0.937500 0.812500
vt 0.937500 0.875000
vt 0.937500 0.937500
vt 0.968750 0.000000
vt 0.968750 0.062500
vt 0.968750 0.125000
vt 0.968750 0.187500
vt 0.968750 0.250000
vt 0.968750 0.312500
vt 0.968750 0.375000
vt 0.968750 0.437500
vt 0.968750 0.500000
vt 0.968750 0.562500
vt 0.968750 0.625000
vt 0.968750 0.687500
vt 0.968750 0.750000
vt 0.968750 0.812500
vt 0.968750 0.875000
vt 0.968750 0.937500
vt 0.000000 0.000000
vt 1.000000 0.000000
vt 1.000000 1.000000
vt 0.000000 1.000000
vt 0.000000 0.000000
vt 1.000000 0.000000
vt 1.000000 1.000000
vt 0.000000 1.000000
vt 0.000000 0.000000
vt 1.000000 0.000000
vt 1.000000 1.000000
vt 0.000000 1.000000
vt 0.000000 0.000000
vt 1.000000 0.000000
vt 1.000000 1.000000
vt 0.000000 1.000000
vt 0.000000 0.000000
vt 1.000000 0.000000
vt 1.000000 1.000000
vt 0.000000 1.000000
vt 0.000000 0.000000
vt 1.000000 0.000000
vt 1.000000 1.000000
vt 0.000000 1.000000
vt 0.000000 0.000000
vt 1.000000 0.000000
vt 1.000000 1.000000
vt 0.000000 1.000000
vt 0.000000 0.000000
vt 1.000000 0.000000
vt 1.000000 1.000000
vt 0.000000 1.000000
vt 0.000000 0.000000
vt 1.000000 0.000000
vt 1.000000 1.000000
vt 0.000000 1.000000
vt 0.000000 0.000000
vt 1.000000 0.000000
vt 1.000000 1.000000
vt 0.000000 1.000000
vt 0.000000 0.000000
vt 1.000000 0.000000
vt 1.000000 1.000000
vt 0.000000 1.000000
vt 0.000000 0.000000
vt 1.000000 0.000000
vt 1.000000 1.000000
vt 0.000000 1.000000
vt 0.000000 0.000000
vt 1.000000 0.000000
vt 1.000000 1.000000
vt 0.000000 1.000000
vt 0.000000 0.000000
vt 1.000000 0.000000
vt 1.000000 1.000000
vt 0.000000 1.000000
vt 0.000000 0.000000
vt 1.000000 0.000000
vt 1.000000 1.000000
vt 0.000000 1.000000
vt 0.000000 0.000000
vt 1.000000 0.000000
vt 1.000000 1.000000
vt 0.000000 1.000000
vt 0.000000 0.000000
vt 1.000000 0.000000
vt 1.000000 1.000000
vt 0.000000 1.000000
vt 0.000000 0.000000
vt 1.000000 0.000000
vt 1.000000 1.000000
vt 0.000000 1.000000
vt 0.000000 0.000000
vt 1.000000 0.000000
vt 1.000000 1.000000
vt 0.000000 1.000000
vt 0.000000 0.000000
vt 1.000000 0.000000
vt 1.000000 1.000000
vt 0.000000 1.000000
vt 0.000000 0.000000
vt 1.000000 0.000000
vt 1.000000 1.000000
vt 0.000000 1.000000
vt 0.000000 0.000000
vt 1.000000 0.000000
vt 1.000000 1.000000
vt 0.000000 1.000000
vt 0.000000 0.000000
vt 1.000000 0.000000
vt 1.000000 1.000000
vt 0.000000 1.000000
vt 0.000000 0.000000
vt 1.000000 0.000000
vt 1.000000 1.000000
vt 0.000000 1.000000
vt 0.000000 0.000000
vt 1.000000 0.000000
vt 1.000000 1.000000
vt 0.000000 1.000000
vt 0.000000 0.000000
vt 1.000000 0.000000
vt 1.000000 1.000000
vt 0.000000 1.000000
vt 0.000000 0.000000
vt 1.000000 0.000000
vt 1.000000 1.000000
vt 0.000000 1.000000
vt 0.000000 0.000000
vt 1.000000 0.000000
vt 1.000000 1.000000
vt 0.000000 1.000000
vt 0.000000 0.000000
vt 1.000000 0.000000
vt 1.000000 1.000000
vt 0.000000 1.000000
vt 0.000000 0.000000
vt 1.000000 0.000000
vt 1.000000 1.000000
vt 0.000000 1.000000
vt 0.000000 0.000000
vt 1.000000 0.000000
vt 1.000000 1.000000
vt 0.000000 1.000000
vt 0.000000 0.000000
vt 1.000000 0.000000
vt 1.000000 1.000000
vt 0.000000 1.000000
vt 0.000000 0.000000
vt 1.000000 0.000000
vt 1.000000 1.000000
vt 0.000000 1.000000
vt 0.000000 0.000000
vt 1.000000 0.000000
vt 1.000000 1.000000
vt 0.000000 1.000000
vt 0.000000 0.000000
vt 1.000000 0.000000
vt 1.000000 1.000000
vt 0.000000 1.000000
vt 0.000000 0.000000
vt 1.000000 0.000000
vt 1.000000 1.000000
vt 0.000000 1.000000
vt 0.000000 0.000000
vt 1.000000 0.000000
vt 1.000000 1.000000
vt 0.000000 1.000000
vt 0.000000 0.000000
vt 1.000000 0.000000
vt 1.000000 1.000000
vt 0.000000 1.000000
vt 0.000000 0.000000
vt 1.000000 0.000000
vt 1.000000 1.000000
vt 0.000000 1.000000
vt 0.000000 0.000000
vt 1.000000 0.000000
vt 1.000000 1.000000
vt 0.000000 1.000000
vt 0.000000 0.000000
vt 1.000000 0.000000
vt 1.000000 1.000000
vt 0.000000 1.000000
vt 0.000000 0.000000
vt 1.000000 0.000000
vt 1.000000 1.000000
vt 0.000000 1.000000
vt 0.000000 0.000000
vt 1.000000 0.000000
vt 1.000000 1.000000
vt 0.000000 1.000000
vt 0.000000 0.000000
vt 1.000000 0.000000
vt 1.000000 1.000000
vt 0.000000 1.000000
vt 0.000000 0.000000
vt 1.000000 0.000000
vt 1.000000 1.000000
vt 0.000000 1.000000
vt 0.000000 0.000000
vt 1.000000 0.000000
vt 1.000000 1.000000
vt 0.000000 1.000000
vt 0.000000 0.000000
vt 1.000000 0.000000
vt 1.000000 1.000000
vt 0.000000 1.000000
vt 0.000000 0.000000
vt 1.000000 0.000000
vt 1.000000 1.000000
vt 0.000000 1.000000
vt 0.000000 1.000000
vt 0.000000 0.000000
vt 0.031250 1.000000
vt 0.031250 0.000000
vt 0.062500 1.000000
vt 0.062500 0.000000
vt 0.093750 1.000000
vt 0.093750 0.000000
vt 0.125000 1.000000
vt 0.125000 0.000000
vt 0.156250 1.000000
vt 0.156250 0.000000
vt 0.187500 1.000000
vt 0.187500 0.000000
vt 0.218750 1.000000
vt 0.218750 0.000000
vt 0.250000 1.000000
vt 0.250000 0.000000
vt 0.281250 1.000000
vt 0.281250 0.000000
vt 0.312500 1.000000
vt 0.312500 0.000000
vt 0.343750 1.000000
vt 0.343750 0.000000
vt 0.375000 1.000000
vt 0.375000 0.000000
vt 0.406250 1.000000
vt 0.406250 0.000000
vt 0.437500 1.000000
vt 0.437500 0.000000
vt 0.468750 1.000000
vt 0.468750 0.000000
vt 0.500000 1.000000
vt 0.500000 0.000000
vt 0.531250 1.000000
vt 0.531250 0.000000
vt 0.562500 1.000000
vt 0.562500 0.000000
vt 0.593750 1.000000
vt 0.593750 0.000000
vt 0.625000 1.000000
vt 0.625000 0.000000
vt 0.656250 1.000000
vt 0.656250 0.000000
vt 0.687500 1.000000
vt 0.687500 0.000000
vt 0.718750 1.000000
vt 0.718750 0.000000
vt 0.750000 1.000000
vt 0.750000 0.000000
vt 0.781250 1.000000
vt 0.781250 0.000000
vt 0.812500 1.000000
vt 0.812500 0.000000
vt 0.843750 1.000000
vt 0.843750 0.000000
vt 0.875000 1.000000
vt 0.875000 0.000000
vt 0.906250 1.000000
vt 0.906250 0.000000
vt 0.937500 1.000000
vt 0.937500 0.000000
vt 0.968750 1.000000
vt 0.968750 0.000000
vt 0.500000 0.500000
vt 0.500000 0.500000
vt 1.000000 0.500000
vt 1.000000 0.500000
vt 0.990393 0.597545
vt 0.990393 0.597545
vt 0.961940 0.691342
vt 0.961940 0.691342
vt 0.915735 0.777785
vt 0.915735 0.777785
vt 0.853553 0.853553
vt 0.853553 0.853553
vt 0.777785 0.915735
vt 0.777785 0.915735
vt 0.691342 0.961940
vt 0.691342 0.961940
vt 0.597545 0.990393
vt 0.597545 0.990393
vt 0.500000 1.000000
vt 0.500000 1.000000
vt 0.402455 0.990393
vt 0.402455 0.990393
vt 0.308658 0.961940
vt 0.308658 0.961940
vt 0.222215 0.915735
vt 0.222215 0.915735
vt 0.146447 0.853553
vt 0.146447 0.853553
vt 0.084265 0.777785
vt 0.084265 0.777785
vt 0.038060 0.691342
vt 0.038060 0.691342
vt 0.009607 0.597545
vt 0.009607 0.597545
vt 0.000000 0.500000
vt 0.000000 0.500000
vt 0.009607 0.402455
vt 0.009607 0.402455
vt 0.038060 0.308658
vt 0.038060 0.308658
vt 0.084265 0.222215
vt 0.084265 0.222215
vt 0.146447 0.146447
vt 0.146447 0.146447
vt 0.222215 0.084265
vt 0.222215 0.084265
vt 0.308658 0.038060
vt 0.308658 0.038060
vt 0.402455 0.009607
vt 0.402455 0.009607
vt 0.500000 0.000000
vt 0.500000 0.000000
vt 0.597545 0.009607
vt 0.597545 0.009607
vt 0.691342 0.038060
vt 0.691342 0.038060
vt 0.777785 0.084265
vt 0.777785 0.084265
vt 0.853553 0.146447
vt 0.853553 0.146447
vt 0.915735 0.222215
vt 0.915735 0.222215
vt 0.961940 0.308658
vt 0.961940 0.308658
vt 0.990393 0.402455
vt 0.990393 0.402455
vt 0.000000 1.000000
vt 0.000000 0.000000
vt 0.031250 1.000000
vt 0.031250 0.000000
vt 0.062500 1.000000
vt 0.062500 0.000000
vt 0.093750 1.000000
vt 0.093750 0.000000
vt 0.125000 1.000000
vt 0.125000 0.000000
vt 0.156250 1.000000
vt 0.156250 0.000000
vt 0.187500 1.000000
vt 0.187500 0.000000
vt 0.218750 1.000000
vt 0.218750 0.000000
vt 0.250000 1.000000
vt 0.250000 0.000000
vt 0.281250 1.000000
vt 0.281250 0.000000
vt 0.312500 1.000000
vt 0.312500 0.000000
vt 0.343750 1.000000
vt 0.343750 0.000000
vt 0.375000 1.000000
vt 0.375000 0.000000
vt 0.406250 1.000000
vt 0.406250 0.000000
vt 0.437500 1.000000
vt 0.437500 0.000000
vt 0.468750 1.000000
vt 0.468750 0.000000
vt 0.500000 1.000000
vt 0.500000 0.000000
vt 0.531250 1.000000
vt 0.531250 0.000000
vt 0.562500 1.000000
vt 0.562500 0.000000
vt 0.593750 1.000000
vt 0.593750 0.000000
vt 0.625000 1.000000
vt 0.625000 0.000000
vt 0.656250 1.000000
vt 0.656250 0.000000
vt 0.687500 1.000000
vt 0.687500 0.000000
vt 0.718750 1.000000
vt 0.718750 0.000000
vt 0.750000 1.000000
vt 0.750000 0.000000
vt 0.781250 1.000000
vt 0.781250 0.000000
vt 0.812500 1.000000
vt 0.812500 0.000000
vt 0.843750 1.000000
vt 0.843750 0.000000
vt 0.875000 1.000000
vt 0.875000 0.000000
vt 0.906250 1.000000
vt 0.906250 0.000000
vt 0.937500 1.000000
vt 0.937500 0.000000
vt 0.968750 1.000000
vt 0.968750 0.000000
vt 0.500000 0.500000
vt 0.500000 0.500000
vt 1.000000 0.500000
vt 1.000000 0.500000
vt 0.990393 0.597545
vt 0.990393 0.597545
vt 0.961940 0.691342
vt 0.961940 0.691342
vt 0.915735 0.777785
vt 0.915735 0.777785
vt 0.853553 0.853553
vt 0.853553 0.853553
vt 0.777785 0.915735
vt 0.777785 0.915735
vt 0.691342 0.961940
vt 0.691342 0.961940
vt 0.597545 0.990393
vt 0.597545 0.990393
vt 0.500000 1.000000
vt 0.500000 1.000000
vt 0.402455 0.990393
vt 0.402455 0.990393
vt 0.308658 0.961940
vt 0.308658 0.961940
vt 0.222215 0.915735
vt 0.222215 0.915735
vt 0.146447 0.853553
vt 0.146447 0.853553
vt 0.084265 0.777785
vt 0.084265 0.777785
vt 0.038060 0.691342
vt 0.038060 0.691342
vt 0.009607 0.597545
vt 0.009607 0.597545
vt 0.000000 0.500000
vt 0.000000 0.500000
vt 0.009607 0.402455
vt 0.009607 0.402455
vt 0.038060 0.308658
vt 0.038060 0.308658
vt 0.084265 0.222215
vt 0.084265 0.222215
vt 0.146447 0.146447
vt 0.146447 0.146447
vt 0.222215 0.084265
vt 0.222215 0.084265
vt 0.308658 0.038060
vt 0.308658 0.038060
vt 0.402455 0.009607
vt 0.402455 0.009607
vt 0.500000 0.000000
vt 0.500000 0.000000
vt 0.597545 0.009607
vt 0.597545 0.009607
vt 0.691342 0.038060
vt 0.691342 0.038060
vt 0.777785 0.084265
vt 0.777785 0.084265
vt 0.853553 0.146447
vt 0.853553 0.146447
vt 0.915735 0.222215
vt 0.915735 0.222215
vt 0.961940 0.308658
vt 0.961940 0.308658
vt 0.990393 0.402455
vt 0.990393 0.402455
vt 0.000000 1.000000
vt 0.000000 0.000000
vt 0.166667 1.000000
vt 0.166667 0.000000
vt 0.333333 1.000000
vt 0.333333 0.000000
vt 0.500000 1.000000
vt 0.500000 0.000000
vt 0.666667 1.000000
vt 0.666667 0.000000
vt 0.833333 1.000000
vt 0.833333 0.000000
vt 0.500000 0.500000
vt 0.500000 0.500000
vt 1.000000 0.500000
vt 1.000000 0.500000
vt 0.750000 0.933013
vt 0.750000 0.933013
vt 0.250000 0.933013
vt 0.250000 0.933013
vt 0.000000 0.500000
vt 0.000000 0.500000
vt 0.250000 0.066987
vt 0.250000 0.066987
vt 0.750000 0.066987
vt 0.750000 0.066987
vt 0.000000 1.000000
vt 0.000000 0.000000
vt 0.166667 1.000000
vt 0.166667 0.000000
vt 0.333333 1.000000
vt 0.333333 0.000000
vt 0.500000 1.000000
vt 0.500000 0.000000
vt 0.666667 1.000000
vt 0.666667 0.000000
vt 0.833333 1.000000
vt 0.833333 0.000000
vt 0.500000 0.500000
vt 0.500000 0.500000
vt 1.000000 0.500000
vt 1.000000 0.500000
vt 0.750000 0.933013
vt 0.750000 0.933013
vt 0.250000 0.933013
vt 0.250000 0.933013
vt 0.000000 0.500000
vt 0.000000 0.500000
vt 0.250000 0.066987
vt 0.250000 0.066987
vt 0.750000 0.066987
vt 0.750000 0.066987
vt 0.000000 1.000000
vt 0.000000 0.000000
vt 0.166667 1.000000
vt 0.166667 0.000000
vt 0.333333 1.000000
vt 0.333333 0.000000
vt 0.500000 1.000000
vt 0.500000 0.000000
vt 0.666667 1.000000
vt 0.666667 0.000000
vt 0.833333 1.000000
vt 0.833333 0.000000
vt 0.500000 0.500000
vt 0.500000 0.500000
vt 1.000000 0.500000
vt 1.000000 0.500000
vt 0.750000 0.933013
vt 0.750000 0.933013
vt 0.250000 0.933013
vt 0.250000 0.933013
vt 0.000000 0.500000
vt 0.000000 0.500000
vt 0.250000 0.066987
vt 0.250000 0.066987
vt 0.750000 0.066987
vt 0.750000 0.066987
vt 0.000000 1.000000
vt 0.000000 0.000000
vt 0.166667 1.000000
vt 0.166667 0.000000
vt 0.333333 1.000000
vt 0.333333 0.000000
vt 0.500000 1.000000
vt 0.500000 0.000000
vt 0.666667 1.000000
vt 0.666667 0.000000
vt 0.833333 1.000000
vt 0.833333 0.000000
vt 0.500000 0.500000
vt 0.500000 0.500000
vt 1.000000 0.500000
vt 1.000000 0.500000
vt 0.750000 0.933013
vt 0.750000 0.933013
vt 0.250000 0.933013
vt 0.250000 0.933013
vt 0.000000 0.500000
vt 0.000000 0.500000
vt 0.250000 0.066987
vt 0.250000 0.066987
vt 0.750000 0.066987
vt 0.750000 0.066987
vt 0.000000 1.000000
vt 0.000000 0.000000
vt 0.166667 1.000000
vt 0.166667 0.000000
vt 0.333333 1.000000
vt 0.333333 0.000000
vt 0.500000 1.000000
vt 0.500000 0.000000
vt 0.666667 1.000000
vt 0.666667 0.000000
vt 0.833333 1.000000
vt 0.833333 0.000000
vt 0.500000 0.500000
vt 0.500000 0.500000
vt 1.000000 0.500000
vt 1.000000 0.500000
vt 0.750000 0.933013
vt 0.750000 0.933013
vt 0.250000 0.933013
vt 0.250000 0.933013
vt 0.000000 0.500000
vt 0.000000 0.500000
vt 0.250000 0.066987
vt 0.250000 0.066987
vt 0.750000 0.066987
vt 0.750000 0.066987
vt 0.000000 1.000000
vt 0.000000 0.000000
vt 0.166667 1.000000
vt 0.166667 0.000000
vt 0.333333 1.000000
vt 0.333333 0.000000
vt 0.500000 1.000000
vt 0.500000 0.000000
vt 0.666667 1.000000
vt 0.666667 0.000000
vt 0.833333 1.000000
vt 0.833333 0.000000
vt 0.500000 0.500000
vt 0.500000 0.500000
vt 1.000000 0.500000
vt 1.000000 0.500000
vt 0.750000 0.933013
vt 0.750000 0.933013
vt 0.250000 0.933013
vt 0.250000 0.933013
vt 0.000000 0.500000
vt 0.000000 0.500000
vt 0.250000 0.066987
vt 0.250000 0.066987
vt 0.750000 0.066987
vt 0.750000 0.066987
vt 0.000000 1.000000
vt 0.000000 0.000000
vt 0.166667 1.000000
vt 0.166667 0.000000
vt 0.333333 1.000000
vt 0.333333 0.000000
vt 0.500000 1.000000
vt 0.500000 0.000000
vt 0.666667 1.000000
vt 0.666667 0.000000
vt 0.833333 1.000000
vt 0.833333 0.000000
vt 0.500000 0.500000
vt 0.500000 0.500000
vt 1.000000 0.500000
vt 1.000000 0.500000
vt 0.750000 0.933013
vt 0.750000 0.933013
vt 0.250000 0.933013
vt 0.250000 0.933013
vt 0.000000 0.500000
vt 0.000000 0.500000
vt 0.250000 0.066987
vt 0.250000 0.066987
vt 0.750000 0.066987
vt 0.750000 0.066987
vt 0.000000 1.000000
vt 0.000000 0.000000
vt 0.166667 1.000000
vt 0.166667 0.000000
vt 0.333333 1.000000
vt 0.333333 0.000000
vt 0.500000 1.000000
vt 0.500000 0.000000
vt 0.666667 1.000000
vt 0.666667 0.000000
vt 0.833333 1.000000
vt 0.833333 0.000000
vt 0.500000 0.500000
vt 0.500000 0.500000
vt 1.000000 0.500000
vt 1.000000 0.500000
vt 0.750000 0.933013
vt 0.750000 0.933013
vt 0.250000 0.933013
vt 0.250000 0.933013
vt 0.000000 0.500000
vt 0.000000 0.500000
vt 0.250000 0.066987
vt 0.250000 0.066987
vt 0.750000 0.066987
vt 0.750000 0.066987
vt 0.000000 1.000000
vt 0.000000 0.000000
vt 0.031250 1.000000
vt 0.031250 0.000000
vt 0.062500 1.000000
vt 0.062500 0.000000
vt 0.093750 1.000000
vt 0.093750 0.000000
vt 0.125000 1.000000
vt 0.125000 0.000000
vt 0.156250 1.000000
vt 0.156250 0.000000
vt 0.187500 1.000000
vt 0.187500 0.000000
vt 0.218750 1.000000
vt 0.218750 0.000000
vt 0.250000 1.000000
vt 0.250000 0.000000
vt 0.281250 1.000000
vt 0.281250 0.000000
vt 0.312500 1.000000
vt 0.312500 0.000000
vt 0.343750 1.000000
vt 0.343750 0.000000
vt 0.375000 1.000000
vt 0.375000 0.000000
vt 0.406250 1.000000
vt 0.406250 0.000000
vt 0.437500 1.000000
vt 0.437500 0.000000
vt 0.468750 1.000000
vt 0.468750 0.000000
vt 0.500000 1.000000
vt 0.500000 0.000000
vt 0.531250 1.000000
vt 0.531250 0.000000
vt 0.562500 1.000000
vt 0.562500 0.000000
vt 0.593750 1.000000
vt 0.593750 0.000000
vt 0.625000 1.000000
vt 0.625000 0.000000
vt 0.656250 1.000000
vt 0.656250 0.000000
vt 0.687500 1.000000
vt 0.687500 0.000000
vt 0.718750 1.000000
vt 0.718750 0.000000
vt 0.750000 1.000000
vt 0.750000 0.000000
vt 0.781250 1.000000
vt 0.781250 0.000000
vt 0.812500 1.000000
vt 0.812500 0.000000
vt 0.843750 1.000000
vt 0.843750 0.000000
vt 0.875000 1.000000
vt 0.875000 0.000000
vt 0.906250 1.000000
vt 0.906250 0.000000
vt 0.937500 1.000000
vt 0.937500 0.000000
vt 0.968750 1.000000
vt 0.968750 0.000000
vt 0.500000 0.500000
vt 0.500000 0.500000
vt 1.000000 0.500000
vt 1.000000 0.500000
vt 0.990393 0.597545
vt 0.990393 0.597545
vt 0.961940 0.691342
vt 0.961940 0.691342
vt 0.915735 0.777785
vt 0.915735 0.777785
vt 0.853553 0.853553
vt 0.853553 0.853553
vt 0.777785 0.915735
vt 0.777785 0.915735
vt 0.691342 0.961940
vt 0.691342 0.961940
vt 0.597545 0.990393
vt 0.597545 0.990393
vt 0.500000 1.000000
vt 0.500000 1.000000
vt 0.402455 0.990393
vt 0.402455 0.990393
vt 0.308658 0.961940
vt 0.308658 0.961940
vt 0.222215 0.915735
vt 0.222215 0.915735
vt 0.146447 0.853553
vt 0.146447 0.853553
vt 0.084265 0.777785
vt 0.084265 0.777785
vt 0.038060 0.691342
vt 0.038060 0.691342
vt 0.009607 0.597545
vt 0.009607 0.597545
vt 0.000000 0.500000
vt 0.000000 0.500000
vt 0.009607 0.402455
vt 0.009607 0.402455
vt 0.038060 0.308658
vt 0.038060 0.308658
vt 0.084265 0.222215
vt 0.084265 0.222215
vt 0.146447 0.146447
vt 0.146447 0.146447
vt 0.222215 0.084265
vt 0.222215 0.084265
vt 0.308658 0.038060
vt 0.308658 0.038060
vt 0.402455 0.009607
vt 0.402455 0.009607
vt 0.500000 0.000000
vt 0.500000 0.000000
vt 0.597545 0.009607
vt 0.597545 0.009607
vt 0.691342 0.038060
vt 0.691342 0.038060
vt 0.777785 0.084265
vt 0.777785 0.084265
vt 0.853553 0.146447
vt 0.853553 0.146447
vt 0.915735 0.222215
vt 0.915735 0.222215
vt 0.961940 0.308658
vt 0.961940 0.308658
vt 0.990393 0.402455
vt 0.990393 0.402455
vt 0.000000 0.000000
vt 1.000000 0.000000
vt 1.000000 1.000000
vt 0.000000 1.000000
vt 0.000000 0.000000
vt 1.000000 0.000000
vt 1.000000 1.000000
vt 0.000000 1.000000
vt 0.000000 0.000000
vt 1.000000 0.000000
vt 1.000000 1.000000
vt 0.000000 1.000000
vt 0.000000 0.000000
vt 1.000000 0.000000
vt 1.000000 1.000000
vt 0.000000 1.000000
vt 0.000000 0.000000
vt 1.000000 0.000000
vt 1.000000 1.000000
vt 0.000000 1.000000
vt 0.000000 0.000000
vt 1.000000 0.000000
vt 1.000000 1.000000
vt 0.000000 1.000000
vt 0.000000 0.000000
vt 1.000000 0.000000
vt 1.000000 1.000000
vt 0.000000 1.000000
vt 0.000000 0.000000
vt 1.000000 0.000000
vt 1.000000 1.000000
vt 0.000000 1.000000
vt 0.000000 0.000000
vt 1.000000 0.000000
vt 1.000000 1.000000
vt 0.000000 1.000000
vt 0.000000 0.000000
vt 1.000000 0.000000
vt 1.000000 1.000000
vt 0.000000 1.000000
vt 0.000000 0.000000
vt 1.000000 0.000000
vt 1.000000 1.000000
vt 0.000000 1.000000
vt 0.000000 0.000000
vt 1.000000 0.000000
vt 1.000000 1.000000
vt 0.000000 1.000000
vt 0.000000 0.000000
vt 0.000000 0.125000
vt 0.000000 0.250000
vt 0.000000 0.375000
vt 0.000000 0.500000
vt 0.000000 0.625000
vt 0.000000 0.750000
vt 0.000000 0.875000
vt 0.062500 0.000000
vt 0.062500 0.125000
vt 0.062500 0.250000
vt 0.062500 0.375000
vt 0.062500 0.500000
vt 0.062500 0.625000
vt 0.062500 0.750000
vt 0.062500 0.875000
vt 0.125000 0.000000
vt 0.125000 0.125000
vt 0.125000 0.250000
vt 0.125000 0.375000
vt 0.125000 0.500000
vt 0.125000 0.625000
vt 0.125000 0.750000
vt 0.125000 0.875000
vt 0.187500 0.000000
vt 0.187500 0.125000
vt 0.187500 0.250000
vt 0.187500 0.375000
vt 0.187500 0.500000
vt 0.187500 0.625000
vt 0.187500 0.750000
vt 0.187500 0.875000
vt 0.250000 0.000000
vt 0.250000 0.125000
vt 0.250000 0.250000
vt 0.250000 0.375000
vt 0.250000 0.500000
vt 0.250000 0.625000
vt 0.250000 0.750000
vt 0.250000 0.875000
vt 0.312500 0.000000
vt 0.312500 0.125000
vt 0.312500 0.250000
vt 0.312500 0.375000
vt 0.312500 0.500000
vt 0.312500 0.625000
vt 0.312500 0.750000
vt 0.312500 0.875000
vt 0.375000 0.000000
vt 0.375000 0.125000
vt 0.375000 0.250000
vt 0.375000 0.375000
vt 0.375000 0.500000
vt 0.375000 0.625000
vt 0.375000 0.750000
vt 0.375000 0.875000
vt 0.437500 0.000000
vt 0.437500 0.125000
vt 0.437500 0.250000
vt 0.437500 0.375000
vt 0.437500 0.500000
vt 0.437500 0.625000
vt 0.437500 0.750000
vt 0.437500 0.875000
vt 0.500000 0.000000
vt 0.500000 0.125000
vt 0.500000 0.250000
vt 0.500000 0.375000
vt 0.500000 0.500000
vt 0.500000 0.625000
vt 0.500000 0.750000
vt 0.500000 0.875000
vt 0.562500 0.000000
vt 0.562500 0.125000
vt 0.562500 0.250000
vt 0.562500 0.375000
vt 0.562500 0.500000
vt 0.562500 0.625000
vt 0.562500 0.750000
vt 0.562500 0.875000
vt 0.625000 0.000000
vt 0.625000 0.125000
vt 0.625000 0.250000
vt 0.625000 0.375000
vt 0.625000 0.500000
vt 0.625000 0.625000
vt 0.625000 0.750000
vt 0.625000 0.875000
vt 0.687500 0.000000
vt 0.687500 0.125000
vt 0.687500 0.250000
vt 0.687500 0.375000
vt 0.687500 0.500000
vt 0.687500 0.625000
vt 0.687500 0.750000
vt 0.687500 0.875000
vt 0.750000 0.000000
vt 0.750000 0.125000
vt 0.750000 0.250000
vt 0.750000 0.375000
vt 0.750000 0.500000
vt 0.750000 0.625000
vt 0.750000 0.750000
vt 0.750000 0.875000
vt 0.812500 0.000000
vt 0.812500 0.125000
vt 0.812500 0.250000
vt 0.812500 0.375000
vt 0.812500 0.500000
vt 0.812500 0.625000
vt 0.812500 0.750000
vt 0.812500 0.875000
vt 0.875000 0.000000
vt 0.875000 0.125000
vt 0.875000 0.250000
vt 0.875000 0.375000
vt 0.875000 0.500000
vt 0.875000 0.625000
vt 0.875000 0.750000
vt 0.875000 0.875000
vt 0.937500 0.000000
vt 0.937500 0.125000
vt 0.937500 0.250000
vt 0.937500 0.375000
vt 0.937500 0.500000
vt 0.937500 0.625000
vt 0.937500 0.750000
vt 0.937500 0.875000
vn 1.000000 0.000000 0.000000
vn 1.000000 0.000000 0.000000
vn 0.980785 0.000000 0.195090
vn 0.980785 0.000000 0.195090
vn 0.923880 0.000000 0.382683
vn 0.923880 0.000000 0.382683
vn 0.831470 0.000000 0.555570
vn 0.831470 0.000000 0.555570
vn 0.707107 0.000000 0.707107
vn 0.707107 0.000000 0.707107
vn 0.555570 0.000000 0.831470
vn 0.555570 0.000000 0.831470
vn 0.382683 0.000000 0.923880
vn 0.382683 0.000000 0.923880
vn 0.195090 0.000000 0.980785
vn 0.195090 0.000000 0.980785
vn 0.000000 0.000000 1.000000
vn 0.000000 0.000000 1.000000
vn -0.195090 0.000000 0.980785
vn -0.195090 0.000000 0.980785
vn -0.382683 0.000000 0.923880
vn -0.382683 0.000000 0.923880
vn -0.555570 0.000000 0.831470
vn -0.555570 0.000000 0.831470
vn -0.707107 0.000000 0.707107
vn -0.707107 0.000000 0.707107
vn -0.831470 0.000000 0.555570
vn -0.831470 0.000000 0.555570
vn -0.923880 0.000000 0.382683
vn -0.923880 0.000000 0.382683
vn -0.980785 0.000000 0.195090
vn -0.980785 0.000000 0.195090
vn -1.000000 0.000000 0.000000
vn -1.000000 0.000000 0.000000
vn -0.980785 0.000000 -0.195090
vn -0.980785 0.000000 -0.195090
vn -0.923880 0.000000 -0.382683
vn -0.923880 0.000000 -0.382683
vn -0.831470 0.000000 -0.555570
vn -0.831470 0.000000 -0.555570
vn -0.707107 0.000000 -0.707107
vn -0.707107 0.000000 -0.707107
vn -0.555570 0.000000 -0.831470
vn -0.555570 0.000000 -0.831470
vn -0.382683 0.000000 -0.923880
vn -0.382683 0.000000 -0.923880
vn -0.195090 0.000000 -0.980785
vn -0.195090 0.000000 -0.980785
vn -0.000000 0.000000 -1.000000
vn -0.000000 0.000000 -1.000000
vn 0.195090 0.000000 -0.980785
vn 0.195090 0.000000 -0.980785
vn 0.382683 0.000000 -0.923880
vn 0.382683 0.000000 -0.923880
vn 0.555570 0.000000 -0.831470
vn 0.555570 0.000000 -0.831470
vn 0.707107 0.000000 -0.707107
vn 0.707107 0.000000 -0.707107
vn 0.831470 0.000000 -0.555570
vn 0.831470 0.000000 -0.555570
vn 0.923880 0.000000 -0.382683
vn 0.923880 0.000000 -0.382683
vn 0.980785 0.000000 -0.195090
vn 0.980785 0.000000 -0.195090
vn 0.000000 1.000000 0.000000
vn 0.000000 -1.000000 0.000000
vn 0.000000 1.000000 0.000000
vn 0.000000 -1.000000 0.000000
vn 0.000000 1.000000 0.000000
vn 0.000000 -1.000000 0.000000
vn 0.000000 1.000000 0.000000
vn 0.000000 -1.000000 0.000000
vn 0.000000 1.000000 0.000000
vn 0.000000 -1.000000 0.000000
vn 0.000000 1.000000 0.000000
vn 0.000000 -1.000000 0.000000
vn 0.000000 1.000000 0.000000
vn 0.000000 -1.000000 0.000000
vn 0.000000 1.000000 0.000000
vn 0.000000 -1.000000 0.000000
vn 0.000000 1.000000 0.000000
vn 0.000000 -1.000000 0.000000
vn 0.000000 1.000000 0.000000
vn 0.000000 -1.000000 0.000000
vn 0.000000 1.000000 0.000000
vn 0.000000 -1.000000 0.000000
vn 0.000000 1.000000 0.000000
vn 0.000000 -1.000000 0.000000
vn 0.000000 1.000000 0.000000
vn 0.000000 -1.000000 0.000000
vn 0.000000 1.000000 0.000000
vn 0.000000 -1.000000 0.000000
vn 0.000000 1.000000 0.000000
vn 0.000000 -1.000000 0.000000
vn 0.000000 1.000000 0.000000
vn 0.000000 -1.000000 0.000000
vn 0.000000 1.000000 0.000000
vn 0.000000 -1.000000 0.000000
vn 0.000000 1.000000 0.000000
vn 0.000000 -1.000000 0.000000
vn 0.000000 1.000000 0.000000
vn 0.000000 -1.000000 0.000000
vn 0.000000 1.000000 0.000000
vn 0.000000 -1.000000 0.000000
vn 0.000000 1.000000 0.000000
vn 0.000000 -1.000000 0.000000
vn 0.000000 1.000000 0.000000
vn 0.000000 -1.000000 0.000000
vn 0.000000 1.000000 0.000000
vn 0.000000 -1.000000 0.000000
vn 0.000000 1.000000 0.000000
vn 0.000000 -1.000000 0.000000
vn 0.000000 1.000000 0.000000
vn 0.000000 -1.000000 0.000000
vn 0.000000 1.000000 0.000000
vn 0.000000 -1.000000 0.000000
vn 0.000000 1.000000 0.000000
vn 0.000000 -1.000000 0.000000
vn 0.000000 1.000000 0.000000
vn 0.000000 -1.000000 0.000000
vn 0.000000 1.000000 0.000000
vn 0.000000 -1.000000 0.000000
vn 0.000000 1.000000 0.000000
vn 0.000000 -1.000000 0.000000
vn 0.000000 1.000000 0.000000
vn 0.000000 -1.000000 0.000000
vn 0.000000 1.000000 0.000000
vn 0.000000 -1.000000 0.000000
vn 0.000000 1.000000 0.000000
vn 0.000000 -1.000000 0.000000
vn 1.000000 0.000000 0.000000
vn 0.923880 0.382683 0.000000
vn 0.707107 0.707107 0.000000
vn 0.382683 0.923880 0.000000
vn 0.000000 1.000000 0.000000
vn -0.382683 0.923880 -0.000000
vn -0.707107 0.707107 -0.000000
vn -0.923880 0.382683 -0.000000
vn -1.000000 0.000000 -0.000000
vn -0.923880 -0.382683 -0.000000
vn -0.707107 -0.707107 -0.000000
vn -0.382683 -0.923880 -0.000000
vn -0.000000 -1.000000 -0.000000
vn 0.382683 -0.923880 0.000000
vn 0.707107 -0.707107 0.000000
vn 0.923880 -0.382683 0.000000
vn 0.980785 0.000000 0.195090
vn 0.906127 0.382683 0.180240
vn 0.693520 0.707107 0.137950
vn 0.375330 0.923880 0.074658
vn 0.000000 1.000000 0.000000
vn -0.375330 0.923880 -0.074658
vn -0.693520 0.707107 -0.137950
vn -0.906127 0.382683 -0.180240
vn -0.980785 0.000000 -0.195090
vn -0.906127 -0.382683 -0.180240
vn -0.693520 -0.707107 -0.137950
vn -0.375330 -0.923880 -0.074658
vn -0.000000 -1.000000 -0.000000
vn 0.375330 -0.923880 0.074658
vn 0.693520 -0.707107 0.137950
vn 0.906127 -0.382683 0.180240
vn 0.923880 0.000000 0.382683
vn 0.853553 0.382683 0.353553
vn 0.653281 0.707107 0.270598
vn 0.353553 0.923880 0.146447
vn 0.000000 1.000000 0.000000
vn -0.353553 0.923880 -0.146447
vn -0.653281 0.707107 -0.270598
vn -0.853553 0.382683 -0.353553
vn -0.923880 0.000000 -0.382683
vn -0.853553 -0.382683 -0.353553
vn -0.653281 -0.707107 -0.270598
vn -0.353553 -0.923880 -0.146447
vn -0.000000 -1.000000 -0.000000
vn 0.353553 -0.923880 0.146447
vn 0.653281 -0.707107 0.270598
vn 0.853553 -0.382683 0.353553
vn 0.831470 0.000000 0.555570
vn 0.768178 0.382683 0.513280
vn 0.587938 0.707107 0.392847
vn 0.318190 0.923880 0.212608
vn 0.000000 1.000000 0.000000
vn -0.318190 0.923880 -0.212608
vn -0.587938 0.707107 -0.392847
vn -0.768178 0.382683 -0.513280
vn -0.831470 0.000000 -0.555570
vn -0.768178 -0.382683 -0.513280
vn -0.587938 -0.707107 -0.392847
vn -0.318190 -0.923880 -0.212608
vn -0.000000 -1.000000 -0.000000
vn 0.318190 -0.923880 0.212608
vn 0.587938 -0.707107 0.392847
vn 0.768178 -0.382683 0.513280
vn 0.707107 0.000000 0.707107
vn 0.653281 0.382683 0.653281
vn 0.500000 0.707107 0.500000
vn 0.270598 0.923880 0.270598
vn 0.000000 1.000000 0.000000
vn -0.270598 0.923880 -0.270598
vn -0.500000 0.707107 -0.500000
vn -0.653281 0.382683 -0.653281
vn -0.707107 0.000000 -0.707107
vn -0.653281 -0.382683 -0.653281
vn -0.500000 -0.707107 -0.500000
vn -0.270598 -0.923880 -0.270598
vn -0.000000 -1.000000 -0.000000
vn 0.270598 -0.923880 0.270598
vn 0.500000 -0.707107 0.500000
vn 0.653281 -0.382683 0.653281
vn 0.555570 0.000000 0.831470
vn 0.513280 0.382683 0.768178
vn 0.392847 0.707107 0.587938
vn 0.212608 0.923880 0.318190
vn 0.000000 1.000000 0.000000
vn -0.212608 0.923880 -0.318190
vn -0.392847 0.707107 -0.587938
vn -0.513280 0.382683 -0.768178
vn -0.555570 0.000000 -0.831470
vn -0.513280 -0.382683 -0.768178
vn -0.392847 -0.707107 -0.587938
vn -0.212608 -0.923880 -0.318190
vn -0.000000 -1.000000 -0.000000
vn 0.212608 -0.923880 0.318190
vn 0.392847 -0.707107 0.587938
vn 0.513280 -0.382683 0.768178
vn 0.382683 0.000000 0.923880
vn 0.353553 0.382683 0.853553
vn 0.270598 0.707107 0.653281
vn 0.146447 0.923880 0.353553
vn 0.000000 1.000000 0.000000
vn -0.146447 0.923880 -0.353553
vn -0.270598 0.707107 -0.653281
vn -0.353553 0.382683 -0.853553
vn -0.382683 0.000000 -0.923880
vn -0.353553 -0.382683 -0.853553
vn -0.270598 -0.707107 -0.653281
vn -0.146447 -0.923880 -0.353553
vn -0.000000 -1.000000 -0.000000
vn 0.146447 -0.923880 0.353553
vn 0.270598 -0.707107 0.653281
vn 0.353553 -0.382683 0.853553
vn 0.195090 0.000000 0.980785
vn 0.180240 0.382683 0.906127
vn 0.137950 0.707107 0.693520
vn 0.074658 0.923880 0.375330
vn 0.000000 1.000000 0.000000
vn -0.074658 0.923880 -0.375330
vn -0.137950 0.707107 -0.693520
vn -0.180240 0.382683 -0.906127
vn -0.195090 0.000000 -0.980785
vn -0.180240 -0.382683 -0.906127
vn -0.137950 -0.707107 -0.693520
vn -0.074658 -0.923880 -0.375330
vn -0.000000 -1.000000 -0.000000
vn 0.074658 -0.923880 0.375330
vn 0.137950 -0.707107 0.693520
vn 0.180240 -0.382683 0.906127
vn 0.000000 0.000000 1.000000
vn 0.000000 0.382683 0.923880
vn 0.000000 0.707107 0.707107
vn 0.000000 0.923880 0.382683
vn 0.000000 1.000000 0.000000
vn -0.000000 0.923880 -0.382683
vn -0.000000 0.707107 -0.707107
vn -0.000000 0.382683 -0.923880
vn -0.000000 0.000000 -1.000000
vn -0.000000 -0.382683 -0.923880
vn -0.000000 -0.707107 -0.707107
vn -0.000000 -0.923880 -0.382683
vn -0.000000 -1.000000 -0.000000
vn 0.000000 -0.923880 0.382683
vn 0.000000 -0.707107 0.707107
vn 0.000000 -0.382683 0.923880
vn -0.195090 0.000000 0.980785
vn -0.180240 0.382683 0.906127
vn -0.137950 0.707107 0.693520
vn -0.074658 0.923880 0.375330
vn -0.000000 1.000000 0.000000
vn 0.074658 0.923880 -0.375330
vn 0.137950 0.707107 -0.693520
vn 0.180240 0.382683 -0.906127
vn 0.195090 0.000000 -0.980785
vn 0.180240 -0.382683 -0.906127
vn 0.137950 -0.707107 -0.693520
vn 0.074658 -0.923880 -0.375330
vn 0.000000 -1.000000 -0.000000
vn -0.074658 -0.923880 0.375330
vn -0.137950 -0.707107 0.693520
vn -0.180240 -0.382683 0.906127
vn -0.382683 0.000000 0.923880
vn -0.353553 0.382683 0.853553
vn -0.270598 0.707107 0.653281
vn -0.146447 0.923880 0.353553
vn -0.000000 1.000000 0.000000
vn 0.146447 0.923880 -0.353553
vn 0.270598 0.707107 -0.653281
vn 0.353553 0.382683 -0.853553
vn 0.382683 0.000000 -0.923880
vn 0.353553 -0.382683 -0.853553
vn 0.270598 -0.707107 -0.653281
vn 0.146447 -0.923880 -0.353553
vn 0.000000 -1.000000 -0.000000
vn -0.146447 -0.923880 0.353553
vn -0.270598 -0.707107 0.653281
vn -0.353553 -0.382683 0.853553
vn -0.555570 0.000000 0.831470
vn -0.513280 0.382683 0.768178
vn -0.392847 0.707107 0.587938
vn -0.212608 0.923880 0.318190
vn -0.000000 1.000000 0.000000
vn 0.212608 0.923880 -0.318190
vn 0.392847 0.707107 -0.587938
vn 0.513280 0.382683 -0.768178
vn 0.555570 0.000000 -0.831470
vn 0.513280 -0.382683 -0.768178
vn 0.392847 -0.707107 -0.587938
vn 0.212608 -0.923880 -0.318190
vn 0.000000 -1.000000 -0.000000
vn -0.212608 -0.923880 0.318190
vn -0.392847 -0.707107 0.587938
vn -0.513280 -0.382683 0.768178
vn -0.707107 0.000000 0.707107
vn -0.653281 0.382683 0.653281
vn -0.500000 0.707107 0.500000
vn -0.270598 0.923880 0.270598
vn -0.000000 1.000000 0.000000
vn 0.270598 0.923880 -0.270598
vn 0.500000 0.707107 -0.500000
vn 0.653281 0.382683 -0.653281
vn 0.707107 0.000000 -0.707107
vn 0.653281 -0.382683 -0.653281
vn 0.500000 -0.707107 -0.500000
vn 0.270598 -0.923880 -0.270598
vn 0.000000 -1.000000 -0.000000
vn -0.270598 -0.923880 0.270598
vn -0.500000 -0.707107 0.500000
vn -0.653281 -0.382683 0.653281
vn -0.831470 0.000000 0.555570
vn -0.768178 0.382683 0.513280
vn -0.587938 0.707107 0.392847
vn -0.318190 0.923880 0.212608
vn -0.000000 1.000000 0.000000
vn 0.318190 0.923880 -0.212608
vn 0.587938 0.707107 -0.392847
vn 0.768178 0.382683 -0.513280
vn 0.831470 0.000000 -0.555570
vn 0.768178 -0.382683 -0.513280
vn 0.587938 -0.707107 -0.392847
vn 0.318190 -0.923880 -0.212608
vn 0.000000 -1.000000 -0.000000
vn -0.318190 -0.923880 0.212608
vn -0.587938 -0.707107 0.392847
vn -0.768178 -0.382683 0.513280
vn -0.923880 0.000000 0.382683
vn -0.853553 0.382683 0.353553
vn -0.653281 0.707107 0.270598
vn -0.353553 0.923880 0.146447
vn -0.000000 1.000000 0.000000
vn 0.353553 0.923880 -0.146447
vn 0.653281 0.707107 -0.270598
vn 0.853553 0.382683 -0.353553
vn 0.923880 0.000000 -0.382683
vn 0.853553 -0.382683 -0.353553
vn 0.653281 -0.707107 -0.270598
vn 0.353553 -0.923880 -0.146447
vn 0.000000 -1.000000 -0.000000
vn -0.353553 -0.923880 0.146447
vn -0.653281 -0.707107 0.270598
vn -0.853553 -0.382683 0.353553
vn -0.980785 0.000000 0.195090
vn -0.906127 0.382683 0.180240
vn -0.693520 0.707107 0.137950
vn -0.375330 0.923880 0.074658
vn -0.000000 1.000000 0.000000
vn 0.375330 0.923880 -0.074658
vn 0.693520 0.707107 -0.137950
vn 0.906127 0.382683 -0.180240
vn 0.980785 0.000000 -0.195090
vn 0.906127 -0.382683 -0.180240
vn 0.693520 -0.707107 -0.137950
vn 0.375330 -0.923880 -0.074658
vn 0.000000 -1.000000 -0.000000
vn -0.375330 -0.923880 0.074658
vn -0.693520 -0.707107 0.137950
vn -0.906127 -0.382683 0.180240
vn -1.000000 0.000000 0.000000
vn -0.923880 0.382683 0.000000
vn -0.707107 0.707107 0.000000
vn -0.382683 0.923880 0.000000
vn -0.000000 1.000000 0.000000
vn 0.382683 0.923880 -0.000000
vn 0.707107 0.707107 -0.000000
vn 0.923880 0.382683 -0.000000
vn 1.000000 0.000000 -0.000000
vn 0.923880 -0.382683 -0.000000
vn 0.707107 -0.707107 -0.000000
vn 0.382683 -0.923880 -0.000000
vn 0.000000 -1.000000 -0.000000
vn -0.382683 -0.923880 0.000000
vn -0.707107 -0.707107 0.000000
vn -0.923880 -0.382683 0.000000
vn -0.980785 0.000000 -0.195090
vn -0.906127 0.382683 -0.180240
vn -0.693520 0.707107 -0.137950
vn -0.375330 0.923880 -0.074658
vn -0.000000 1.000000 -0.000000
vn 0.375330 0.923880 0.074658
vn 0.693520 0.707107 0.137950
vn 0.906127 0.382683 0.180240
vn 0.980785 0.000000 0.195090
vn 0.906127 -0.382683 0.180240
vn 0.693520 -0.707107 0.137950
vn 0.375330 -0.923880 0.074658
vn 0.000000 -1.000000 0.000000
vn -0.375330 -0.923880 -0.074658
vn -0.693520 -0.707107 -0.137950
vn -0.906127 -0.382683 -0.180240
vn -0.923880 0.000000 -0.382683
vn -0.853553 0.382683 -0.353553
vn -0.653281 0.707107 -0.270598
vn -0.353553 0.923880 -0.146447
vn -0.000000 1.000000 -0.000000
vn 0.353553 0.923880 0.146447
vn 0.653281 0.707107 0.270598
vn 0.853553 0.382683 0.353553
vn 0.923880 0.000000 0.382683
vn 0.853553 -0.382683 0.353553
vn 0.653281 -0.707107 0.270598
vn 0.353553 -0.923880 0.146447
vn 0.000000 -1.000000 0.000000
vn -0.353553 -0.923880 -0.146447
vn -0.653281 -0.707107 -0.270598
vn -0.853553 -0.382683 -0.353553
vn -0.831470 0.000000 -0.555570
vn -0.768178 0.382683 -0.513280
vn -0.587938 0.707107 -0.392847
vn -0.318190 0.923880 -0.212608
vn -0.000000 1.000000 -0.000000
vn 0.318190 0.923880 0.212608
vn 0.587938 0.707107 0.392847
vn 0.768178 0.382683 0.513280
vn 0.831470 0.000000 0.555570
vn 0.768178 -0.382683 0.513280
vn 0.587938 -0.707107 0.392847
vn 0.318190 -0.923880 0.212608
vn 0.000000 -1.000000 0.000000
vn -0.318190 -0.923880 -0.212608
vn -0.587938 -0.707107 -0.392847
vn -0.768178 -0.382683 -0.513280
vn -0.707107 0.000000 -0.707107
vn -0.653281 0.382683 -0.653281
vn -0.500000 0.707107 -0.500000
vn -0.270598 0.923880 -0.270598
vn -0.000000 1.000000 -0.000000
vn 0.270598 0.923880 0.270598
vn 0.500000 0.707107 0.500000
vn 0.653281 0.382683 0.653281
vn 0.707107 0.000000 0.707107
vn 0.653281 -0.382683 0.653281
vn 0.500000 -0.707107 0.500000
vn 0.270598 -0.923880 0.270598
vn 0.000000 -1.000000 0.000000
vn -0.270598 -0.923880 -0.270598
vn -0.500000 -0.707107 -0.500000
vn -0.653281 -0.382683 -0.653281
vn -0.555570 0.000000 -0.831470
vn -0.513280 0.382683 -0.768178
vn -0.392847 0.707107 -0.587938
vn -0.212608 0.923880 -0.318190
vn -0.000000 1.000000 -0.000000
vn 0.212608 0.923880 0.318190
vn 0.392847 0.707107 0.587938
vn 0.513280 0.382683 0.768178
vn 0.555570 0.000000 0.831470
vn 0.513280 -0.382683 0.768178
vn 0.392847 -0.707107 0.587938
vn 0.212608 -0.923880 0.318190
vn 0.000000 -1.000000 0.000000
vn -0.212608 -0.923880 -0.318190
vn -0.392847 -0.707107 -0.587938
vn -0.513280 -0.382683 -0.768178
vn -0.382683 0.000000 -0.923880
vn -0.353553 0.382683 -0.853553
vn -0.270598 0.707107 -0.653281
vn -0.146447 0.923880 -0.353553
vn -0.000000 1.000000 -0.000000
vn 0.146447 0.923880 0.353553
vn 0.270598 0.707107 0.653281
vn 0.353553 0.382683 0.853553
vn 0.382683 0.000000 0.923880
vn 0.353553 -0.382683 0.853553
vn 0.270598 -0.707107 0.653281
vn 0.146447 -0.923880 0.353553
vn 0.000000 -1.000000 0.000000
vn -0.146447 -0.923880 -0.353553
vn -0.270598 -0.707107 -0.653281
vn -0.353553 -0.382683 -0.853553
vn -0.195090 0.000000 -0.980785
vn -0.180240 0.382683 -0.906127
vn -0.137950 0.707107 -0.693520
vn -0.074658 0.923880 -0.375330
vn -0.000000 1.000000 -0.000000
vn 0.074658 0.923880 0.375330
vn 0.137950 0.707107 0.693520
vn 0.180240 0.382683 0.906127
vn 0.195090 0.000000 0.980785
vn 0.180240 -0.382683 0.906127
vn 0.137950 -0.707107 0.693520
vn 0.074658 -0.923880 0.375330
vn 0.000000 -1.000000 0.000000
vn -0.074658 -0.923880 -0.375330
vn -0.137950 -0.707107 -0.693520
vn -0.180240 -0.382683 -0.906127
vn -0.000000 0.000000 -1.000000
vn -0.000000 0.382683 -0.923880
vn -0.000000 0.707107 -0.707107
vn -0.000000 0.923880 -0.382683
vn -0.000000 1.000000 -0.000000
vn 0.000000 0.923880 0.382683
vn 0.000000 0.707107 0.707107
vn 0.000000 0.382683 0.923880
vn 0.000000 0.000000 1.000000
vn 0.000000 -0.382683 0.923880
vn 0.000000 -0.707107 0.707107
vn 0.000000 -0.923880 0.382683
vn 0.000000 -1.000000 0.000000
vn -0.000000 -0.923880 -0.382683
vn -0.000000 -0.707107 -0.707107
vn -0.000000 -0.382683 -0.923880
vn 0.195090 0.000000 -0.980785
vn 0.180240 0.382683 -0.906127
vn 0.137950 0.707107 -0.693520
vn 0.074658 0.923880 -0.375330
vn 0.000000 1.000000 -0.000000
vn -0.074658 0.923880 0.375330
vn -0.137950 0.707107 0.693520
vn -0.180240 0.382683 0.906127
vn -0.195090 0.000000 0.980785
vn -0.180240 -0.382683 0.906127
vn -0.137950 -0.707107 0.693520
vn -0.074658 -0.923880 0.375330
vn -0.000000 -1.000000 0.000000
vn 0.074658 -0.923880 -0.375330
vn 0.137950 -0.707107 -0.693520
vn 0.180240 -0.382683 -0.906127
vn 0.382683 0.000000 -0.923880
vn 0.353553 0.382683 -0.853553
vn 0.270598 0.707107 -0.653281
vn 0.146447 0.923880 -0.353553
vn 0.000000 1.000000 -0.000000
vn -0.146447 0.923880 0.353553
vn -0.270598 0.707107 0.653281
vn -0.353553 0.382683 0.853553
vn -0.382683 0.000000 0.923880
vn -0.353553 -0.382683 0.853553
vn -0.270598 -0.707107 0.653281
vn -0.146447 -0.923880 0.353553
vn -0.000000 -1.000000 0.000000
vn 0.146447 -0.923880 -0.353553
vn 0.270598 -0.707107 -0.653281
vn 0.353553 -0.382683 -0.853553
vn 0.555570 0.000000 -0.831470
vn 0.513280 0.382683 -0.768178
vn 0.392847 0.707107 -0.587938
vn 0.212608 0.923880 -0.318190
vn 0.000000 1.000000 -0.000000
vn -0.212608 0.923880 0.318190
vn -0.392847 0.707107 0.587938
vn -0.513280 0.382683 0.768178
vn -0.555570 0.000000 0.831470
vn -0.513280 -0.382683 0.768178
vn -0.392847 -0.707107 0.587938
vn -0.212608 -0.923880 0.318190
vn -0.000000 -1.000000 0.000000
vn 0.212608 -0.923880 -0.318190
vn 0.392847 -0.707107 -0.587938
vn 0.513280 -0.382683 -0.768178
vn 0.707107 0.000000 -0.707107
vn 0.653281 0.382683 -0.653281
vn 0.500000 0.707107 -0.500000
vn 0.270598 0.923880 -0.270598
vn 0.000000 1.000000 -0.000000
vn -0.270598 0.923880 0.270598
vn -0.500000 0.707107 0.500000
vn -0.653281 0.382683 0.653281
vn -0.707107 0.000000 0.707107
vn -0.653281 -0.382683 0.653281
vn -0.500000 -0.707107 0.500000
vn -0.270598 -0.923880 0.270598
vn -0.000000 -1.000000 0.000000
vn 0.270598 -0.923880 -0.270598
vn 0.500000 -0.707107 -0.500000
vn 0.653281 -0.382683 -0.653281
vn 0.831470 0.000000 -0.555570
vn 0.768178 0.382683 -0.513280
vn 0.587938 0.707107 -0.392847
vn 0.318190 0.923880 -0.212608
vn 0.000000 1.000000 -0.000000
vn -0.318190 0.923880 0.212608
vn -0.587938 0.707107 0.392847
vn -0.768178 0.382683 0.513280
vn -0.831470 0.000000 0.555570
vn -0.768178 -0.382683 0.513280
vn -0.587938 -0.707107 0.392847
vn -0.318190 -0.923880 0.212608
vn -0.000000 -1.000000 0.000000
vn 0.318190 -0.923880 -0.212608
vn 0.587938 -0.707107 -0.392847
vn 0.768178 -0.382683 -0.513280
vn 0.923880 0.000000 -0.382683
vn 0.853553 0.382683 -0.353553
vn 0.653281 0.707107 -0.270598
vn 0.353553 0.923880 -0.146447
vn 0.000000 1.000000 -0.000000
vn -0.353553 0.923880 0.146447
vn -0.653281 0.707107 0.270598
vn -0.853553 0.382683 0.353553
vn -0.923880 0.000000 0.382683
vn -0.853553 -0.382683 0.353553
vn -0.653281 -0.707107 0.270598
vn -0.353553 -0.923880 0.146447
vn -0.000000 -1.000000 0.000000
vn 0.353553 -0.923880 -0.146447
vn 0.653281 -0.707107 -0.270598
vn 0.853553 -0.382683 -0.353553
vn 0.980785 0.000000 -0.195090
vn 0.906127 0.382683 -0.180240
vn 0.693520 0.707107 -0.137950
vn 0.375330 0.923880 -0.074658
vn 0.000000 1.000000 -0.000000
vn -0.375330 0.923880 0.074658
vn -0.693520 0.707107 0.137950
vn -0.906127 0.382683 0.180240
vn -0.980785 0.000000 0.195090
vn -0.906127 -0.382683 0.180240
vn -0.693520 -0.707107 0.137950
vn -0.375330 -0.923880 0.074658
vn -0.000000 -1.000000 0.000000
vn 0.375330 -0.923880 -0.074658
vn 0.693520 -0.707107 -0.137950
vn 0.906127 -0.382683 -0.180240
vn 1.000000 0.000000 0.000000
vn 0.923880 0.382683 0.000000
vn 0.707107 0.707107 0.000000
vn 0.382683 0.923880 0.000000
vn 0.000000 1.000000 0.000000
vn -0.382683 0.923880 -0.000000
vn -0.707107 0.707107 -0.000000
vn -0.923880 0.382683 -0.000000
vn -1.000000 0.000000 -0.000000
vn -0.923880 -0.382683 -0.000000
vn -0.707107 -0.707107 -0.000000
vn -0.382683 -0.923880 -0.000000
vn -0.000000 -1.000000 -0.000000
vn 0.382683 -0.923880 0.000000
vn 0.707107 -0.707107 0.000000
vn 0.923880 -0.382683 0.000000
vn 0.980785 0.000000 0.195090
vn 0.906127 0.382683 0.180240
vn 0.693520 0.707107 0.137950
vn 0.375330 0.923880 0.074658
vn 0.000000 1.000000 0.000000
vn -0.375330 0.923880 -0.074658
vn -0.693520 0.707107 -0.137950
vn -0.906127 0.382683 -0.180240
vn -0.980785 0.000000 -0.195090
vn -0.906127 -0.382683 -0.180240
vn -0.693520 -0.707107 -0.137950
vn -0.375330 -0.923880 -0.074658
vn -0.000000 -1.000000 -0.000000
vn 0.375330 -0.923880 0.074658
vn 0.693520 -0.707107 0.137950
vn 0.906127 -0.382683 0.180240
vn 0.923880 0.000000 0.382683
vn 0.853553 0.382683 0.353553
vn 0.653281 0.707107 0.270598
vn 0.353553 0.923880 0.146447
vn 0.000000 1.000000 0.000000
vn -0.353553 0.923880 -0.146447
vn -0.653281 0.707107 -0.270598
vn -0.853553 0.382683 -0.353553
vn -0.923880 0.000000 -0.382683
vn -0.853553 -0.382683 -0.353553
vn -0.653281 -0.707107 -0.270598
vn -0.353553 -0.923880 -0.146447
vn -0.000000 -1.000000 -0.000000
vn 0.353553 -0.923880 0.146447
vn 0.653281 -0.707107 0.270598
vn 0.853553 -0.382683 0.353553
vn 0.831470 0.000000 0.555570
vn 0.768178 0.382683 0.513280
vn 0.587938 0.707107 0.392847
vn 0.318190 0.923880 0.212608
vn 0.000000 1.000000 0.000000
vn -0.318190 0.923880 -0.212608
vn -0.587938 0.707107 -0.392847
vn -0.768178 0.382683 -0.513280
vn -0.831470 0.000000 -0.555570
vn -0.768178 -0.382683 -0.513280
vn -0.587938 -0.707107 -0.392847
vn -0.318190 -0.923880 -0.212608
vn -0.000000 -1.000000 -0.000000
vn 0.318190 -0.923880 0.212608
vn 0.587938 -0.707107 0.392847
vn 0.768178 -0.382683 0.513280
vn 0.707107 0.000000 0.707107
vn 0.653281 0.382683 0.653281
vn 0.500000 0.707107 0.500000
vn 0.270598 0.923880 0.270598
vn 0.000000 1.000000 0.000000
vn -0.270598 0.923880 -0.270598
vn -0.500000 0.707107 -0.500000
vn -0.653281 0.382683 -0.653281
vn -0.707107 0.000000 -0.707107
vn -0.653281 -0.382683 -0.653281
vn -0.500000 -0.707107 -0.500000
vn -0.270598 -0.923880 -0.270598
vn -0.000000 -1.000000 -0.000000
vn 0.270598 -0.923880 0.270598
vn 0.500000 -0.707107 0.500000
vn 0.653281 -0.382683 0.653281
vn 0.555570 0.000000 0.831470
vn 0.513280 0.382683 0.768178
vn 0.392847 0.707107 0.587938
vn 0.212608 0.923880 0.318190
vn 0.000000 1.000000 0.000000
vn -0.212608 0.923880 -0.318190
vn -0.392847 0.707107 -0.587938
vn -0.513280 0.382683 -0.768178
vn -0.555570 0.000000 -0.831470
vn -0.513280 -0.382683 -0.768178
vn -0.392847 -0.707107 -0.587938
vn -0.212608 -0.923880 -0.318190
vn -0.000000 -1.000000 -0.000000
vn 0.212608 -0.923880 0.318190
vn 0.392847 -0.707107 0.587938
vn 0.513280 -0.382683 0.768178
vn 0.382683 0.000000 0.923880
vn 0.353553 0.382683 0.853553
vn 0.270598 0.707107 0.653281
vn 0.146447 0.923880 0.353553
vn 0.000000 1.000000 0.000000
vn -0.146447 0.923880 -0.353553
vn -0.270598 0.707107 -0.653281
vn -0.353553 0.382683 -0.853553
vn -0.382683 0.000000 -0.923880
vn -0.353553 -0.382683 -0.853553
vn -0.270598 -0.707107 -0.653281
vn -0.146447 -0.923880 -0.353553
vn -0.000000 -1.000000 -0.000000
vn 0.146447 -0.923880 0.353553
vn 0.270598 -0.707107 0.653281
vn 0.353553 -0.382683 0.853553
vn 0.195090 0.000000 0.980785
vn 0.180240 0.382683 0.906127
vn 0.137950 0.707107 0.693520
vn 0.074658 0.923880 0.375330
vn 0.000000 1.000000 0.000000
vn -0.074658 0.923880 -0.375330
vn -0.137950 0.707107 -0.693520
vn -0.180240 0.382683 -0.906127
vn -0.195090 0.000000 -0.980785
vn -0.180240 -0.382683 -0.906127
vn -0.137950 -0.707107 -0.693520
vn -0.074658 -0.923880 -0.375330
vn -0.000000 -1.000000 -0.000000
vn 0.074658 -0.923880 0.375330
vn 0.137950 -0.707107 0.693520
vn 0.180240 -0.382683 0.906127
vn 0.000000 0.000000 1.000000
vn 0.000000 0.382683 0.923880
vn 0.000000 0.707107 0.707107
vn 0.000000 0.923880 0.382683
vn 0.000000 1.000000 0.000000
vn -0.000000 0.923880 -0.382683
vn -0.000000 0.707107 -0.707107
vn -0.000000 0.382683 -0.923880
vn -0.000000 0.000000 -1.000000
vn -0.000000 -0.382683 -0.923880
vn -0.000000 -0.707107 -0.707107
vn -0.000000 -0.923880 -0.382683
vn -0.000000 -1.000000 -0.000000
vn 0.000000 -0.923880 0.382683
vn 0.000000 -0.707107 0.707107
vn 0.000000 -0.382683 0.923880
vn -0.195090 0.000000 0.980785
vn -0.180240 0.382683 0.906127
vn -0.137950 0.707107 0.693520
vn -0.074658 0.923880 0.375330
vn -0.000000 1.000000 0.000000
vn 0.074658 0.923880 -0.375330
vn 0.137950 0.707107 -0.693520
vn 0.180240 0.382683 -0.906127
vn 0.195090 0.000000 -0.980785
vn 0.180240 -0.382683 -0.906127
vn 0.137950 -0.707107 -0.693520
vn 0.074658 -0.923880 -0.375330
vn 0.000000 -1.000000 -0.000000
vn -0.074658 -0.923880 0.375330
vn -0.137950 -0.707107 0.693520
vn -0.180240 -0.382683 0.906127
vn -0.382683 0.000000 0.923880
vn -0.353553 0.382683 0.853553
vn -0.270598 0.707107 0.653281
vn -0.146447 0.923880 0.353553
vn -0.000000 1.000000 0.000000
vn 0.146447 0.923880 -0.353553
vn 0.270598 0.707107 -0.653281
vn 0.353553 0.382683 -0.853553
vn 0.382683 0.000000 -0.923880
vn 0.353553 -0.382683 -0.853553
vn 0.270598 -0.707107 -0.653281
vn 0.146447 -0.923880 -0.353553
vn 0.000000 -1.000000 -0.000000
vn -0.146447 -0.923880 0.353553
vn -0.270598 -0.707107 0.653281
vn -0.353553 -0.382683 0.853553
vn -0.555570 0.000000 0.831470
vn -0.513280 0.382683 0.768178
vn -0.392847 0.707107 0.587938
vn -0.212608 0.923880 0.318190
vn -0.000000 1.000000 0.000000
vn 0.212608 0.923880 -0.318190
vn 0.392847 0.707107 -0.587938
vn 0.513280 0.382683 -0.768178
vn 0.555570 0.000000 -0.831470
vn 0.513280 -0.382683 -0.768178
vn 0.392847 -0.707107 -0.587938
vn 0.212608 -0.923880 -0.318190
vn 0.000000 -1.000000 -0.000000
vn -0.212608 -0.923880 0.318190
vn -0.392847 -0.707107 0.587938
vn -0.513280 -0.382683 0.768178
vn -0.707107 0.000000 0.707107
vn -0.653281 0.382683 0.653281
vn -0.500000 0.707107 0.500000
vn -0.270598 0.923880 0.270598
vn -0.000000 1.000000 0.000000
vn 0.270598 0.923880 -0.270598
vn 0.500000 0.707107 -0.500000
vn 0.653281 0.382683 -0.653281
vn 0.707107 0.000000 -0.707107
vn 0.653281 -0.382683 -0.653281
vn 0.500000 -0.707107 -0.500000
vn 0.270598 -0.923880 -0.270598
vn 0.000000 -1.000000 -0.000000
vn -0.270598 -0.923880 0.270598
vn -0.500000 -0.707107 0.500000
vn -0.653281 -0.382683 0.653281
vn -0.831470 0.000000 0.555570
vn -0.768178 0.382683 0.513280
vn -0.587938 0.707107 0.392847
vn -0.318190 0.923880 0.212608
vn -0.000000 1.000000 0.000000
vn 0.318190 0.923880 -0.212608
vn 0.587938 0.707107 -0.392847
vn 0.768178 0.382683 -0.513280
vn 0.831470 0.000000 -0.555570
vn 0.768178 -0.382683 -0.513280
vn 0.587938 -0.707107 -0.392847
vn 0.318190 -0.923880 -0.212608
vn 0.000000 -1.000000 -0.000000
vn -0.318190 -0.923880 0.212608
vn -0.587938 -0.707107 0.392847
vn -0.768178 -0.382683 0.513280
vn -0.923880 0.000000 0.382683
vn -0.853553 0.382683 0.353553
vn -0.653281 0.707107 0.270598
vn -0.353553 0.923880 0.146447
vn -0.000000 1.000000 0.000000
vn 0.353553 0.923880 -0.146447
vn 0.653281 0.707107 -0.270598
vn 0.853553 0.382683 -0.353553
vn 0.923880 0.000000 -0.382683
vn 0.853553 -0.382683 -0.353553
vn 0.653281 -0.707107 -0.270598
vn 0.353553 -0.923880 -0.146447
vn 0.000000 -1.000000 -0.000000
vn -0.353553 -0.923880 0.146447
vn -0.653281 -0.707107 0.270598
vn -0.853553 -0.382683 0.353553
vn -0.980785 0.000000 0.195090
vn -0.906127 0.382683 0.180240
vn -0.693520 0.707107 0.137950
vn -0.375330 0.923880 0.074658
vn -0.000000 1.000000 0.000000
vn 0.375330 0.923880 -0.074658
vn 0.693520 0.707107 -0.137950
vn 0.906127 0.382683 -0.180240
vn 0.980785 0.000000 -0.195090
vn 0.906127 -0.382683 -0.180240
vn 0.693520 -0.707107 -0.137950
vn 0.375330 -0.923880 -0.074658
vn 0.000000 -1.000000 -0.000000
vn -0.375330 -0.923880 0.074658
vn -0.693520 -0.707107 0.137950
vn -0.906127 -0.382683 0.180240
vn -1.000000 0.000000 0.000000
vn -0.923880 0.382683 0.000000
vn -0.707107 0.707107 0.000000
vn -0.382683 0.923880 0.000000
vn -0.000000 1.000000 0.000000
vn 0.382683 0.923880 -0.000000
vn 0.707107 0.707107 -0.000000
vn 0.923880 0.382683 -0.000000
vn 1.000000 0.000000 -0.000000
vn 0.923880 -0.382683 -0.000000
vn 0.707107 -0.707107 -0.000000
vn 0.382683 -0.923880 -0.000000
vn 0.000000 -1.000000 -0.000000
vn -0.382683 -0.923880 0.000000
vn -0.707107 -0.707107 0.000000
vn -0.923880 -0.382683 0.000000
vn -0.980785 0.000000 -0.195090
vn -0.906127 0.382683 -0.180240
vn -0.693520 0.707107 -0.137950
vn -0.375330 0.923880 -0.074658
vn -0.000000 1.000000 -0.000000
vn 0.375330 0.923880 0.074658
vn 0.693520 0.707107 0.137950
vn 0.906127 0.382683 0.180240
vn 0.980785 0.000000 0.195090
vn 0.906127 -0.382683 0.180240
vn 0.693520 -0.707107 0.137950
vn 0.375330 -0.923880 0.074658
vn 0.000000 -1.000000 0.000000
vn -0.375330 -0.923880 -0.074658
vn -0.693520 -0.707107 -0.137950
vn -0.906127 -0.382683 -0.180240
vn -0.923880 0.000000 -0.382683
vn -0.853553 0.382683 -0.353553
vn -0.653281 0.707107 -0.270598
vn -0.353553 0.923880 -0.146447
vn -0.000000 1.000000 -0.000000
vn 0.353553 0.923880 0.146447
vn 0.653281 0.707107 0.270598
vn 0.853553 0.382683 0.353553
vn 0.923880 0.000000 0.382683
vn 0.853553 -0.382683 0.353553
vn 0.653281 -0.707107 0.270598
vn 0.353553 -0.923880 0.146447
vn 0.000000 -1.000000 0.000000
vn -0.353553 -0.923880 -0.146447
vn -0.653281 -0.707107 -0.270598
vn -0.853553 -0.382683 -0.353553
vn -0.831470 0.000000 -0.555570
vn -0.768178 0.382683 -0.513280
vn -0.587938 0.707107 -0.392847
vn -0.318190 0.923880 -0.212608
vn -0.000000 1.000000 -0.000000
vn 0.318190 0.923880 0.212608
vn 0.587938 0.707107 0.392847
vn 0.768178 0.382683 0.513280
vn 0.831470 0.000000 0.555570
vn 0.768178 -0.382683 0.513280
vn 0.587938 -0.707107 0.392847
vn 0.318190 -0.923880 0.212608
vn 0.000000 -1.000000 0.000000
vn -0.318190 -0.923880 -0.212608
vn -0.587938 -0.707107 -0.392847
vn -0.768178 -0.382683 -0.513280
vn -0.707107 0.000000 -0.707107
vn -0.653281 0.382683 -0.653281
vn -0.500000 0.707107 -0.500000
vn -0.270598 0.923880 -0.270598
vn -0.000000 1.000000 -0.000000
vn 0.270598 0.923880 0.270598
vn 0.500000 0.707107 0.500000
vn 0.653281 0.382683 0.653281
vn 0.707107 0.000000 0.707107
vn 0.653281 -0.382683 0.653281
vn 0.500000 -0.707107 0.500000
vn 0.270598 -0.923880 0.270598
vn 0.000000 -1.000000 0.000000
vn -0.270598 -0.923880 -0.270598
vn -0.500000 -0.707107 -0.500000
vn -0.653281 -0.382683 -0.653281
vn -0.555570 0.000000 -0.831470
vn -0.513280 0.382683 -0.768178
vn -0.392847 0.707107 -0.587938
vn -0.212608 0.923880 -0.318190
vn -0.000000 1.000000 -0.000000
vn 0.212608 0.923880 0.318190
vn 0.392847 0.707107 0.587938
vn 0.513280 0.382683 0.768178
vn 0.555570 0.000000 0.831470
vn 0.513280 -0.382683 0.768178
vn 0.392847 -0.707107 0.587938
vn 0.212608 -0.923880 0.318190
vn 0.000000 -1.000000 0.000000
vn -0.212608 -0.923880 -0.318190
vn -0.392847 -0.707107 -0.587938
vn -0.513280 -0.382683 -0.768178
vn -0.382683 0.000000 -0.923880
vn -0.353553 0.382683 -0.853553
vn -0.270598 0.707107 -0.653281
vn -0.146447 0.923880 -0.353553
vn -0.000000 1.000000 -0.000000
vn 0.146447 0.923880 0.353553
vn 0.270598 0.707107 0.653281
vn 0.353553 0.382683 0.853553
vn 0.382683 0.000000 0.923880
vn 0.353553 -0.382683 0.853553
vn 0.270598 -0.707107 0.653281
vn 0.146447 -0.923880 0.353553
vn 0.000000 -1.000000 0.000000
vn -0.146447 -0.923880 -0.353553
vn -0.270598 -0.707107 -0.653281
vn -0.353553 -0.382683 -0.853553
vn -0.195090 0.000000 -0.980785
vn -0.180240 0.382683 -0.906127
vn -0.137950 0.707107 -0.693520
vn -0.074658 0.923880 -0.375330
vn -0.000000 1.000000 -0.000000
vn 0.074658 0.923880 0.375330
vn 0.137950 0.707107 0.693520
vn 0.180240 0.382683 0.906127
vn 0.195090 0.000000 0.980785
vn 0.180240 -0.382683 0.906127
vn 0.137950 -0.707107 0.693520
vn 0.074658 -0.923880 0.375330
vn 0.000000 -1.000000 0.000000
vn -0.074658 -0.923880 -0.375330
vn -0.137950 -0.707107 -0.693520
vn -0.180240 -0.382683 -0.906127
vn -0.000000 0.000000 -1.000000
vn -0.000000 0.382683 -0.923880
vn -0.000000 0.707107 -0.707107
vn -0.000000 0.923880 -0.382683
vn -0.000000 1.000000 -0.000000
vn 0.000000 0.923880 0.382683
vn 0.000000 0.707107 0.707107
vn 0.000000 0.382683 0.923880
vn 0.000000 0.000000 1.000000
vn 0.000000 -0.382683 0.923880
vn 0.000000 -0.707107 0.707107
vn 0.000000 -0.923880 0.382683
vn 0.000000 -1.000000 0.000000
vn -0.000000 -0.923880 -0.382683
vn -0.000000 -0.707107 -0.707107
vn -0.000000 -0.382683 -0.923880
vn 0.195090 0.000000 -0.980785
vn 0.180240 0.382683 -0.906127
vn 0.137950 0.707107 -0.693520
vn 0.074658 0.923880 -0.375330
vn 0.000000 1.000000 -0.000000
vn -0.074658 0.923880 0.375330
vn -0.137950 0.707107 0.693520
vn -0.180240 0.382683 0.906127
vn -0.195090 0.000000 0.980785
vn -0.180240 -0.382683 0.906127
vn -0.137950 -0.707107 0.693520
vn -0.074658 -0.923880 0.375330
vn -0.000000 -1.000000 0.000000
vn 0.074658 -0.923880 -0.375330
vn 0.137950 -0.707107 -0.693520
vn 0.180240 -0.382683 -0.906127
vn 0.382683 0.000000 -0.923880
vn 0.353553 0.382683 -0.853553
vn 0.270598 0.707107 -0.653281
vn 0.146447 0.923880 -0.353553
vn 0.000000 1.000000 -0.000000
vn -0.146447 0.923880 0.353553
vn -0.270598 0.707107 0.653281
vn -0.353553 0.382683 0.853553
vn -0.382683 0.000000 0.923880
vn -0.353553 -0.382683 0.853553
vn -0.270598 -0.707107 0.653281
vn -0.146447 -0.923880 0.353553
vn -0.000000 -1.000000 0.000000
vn 0.146447 -0.923880 -0.353553
vn 0.270598 -0.707107 -0.653281
vn 0.353553 -0.382683 -0.853553
vn 0.555570 0.000000 -0.831470
vn 0.513280 0.382683 -0.768178
vn 0.392847 0.707107 -0.587938
vn 0.212608 0.923880 -0.318190
vn 0.000000 1.000000 -0.000000
vn -0.212608 0.923880 0.318190
vn -0.392847 0.707107 0.587938
vn -0.513280 0.382683 0.768178
vn -0.555570 0.000000 0.831470
vn -0.513280 -0.382683 0.768178
vn -0.392847 -0.707107 0.587938
vn -0.212608 -0.923880 0.318190
vn -0.000000 -1.000000 0.000000
vn 0.212608 -0.923880 -0.318190
vn 0.392847 -0.707107 -0.587938
vn 0.513280 -0.382683 -0.768178
vn 0.707107 0.000000 -0.707107
vn 0.653281 0.382683 -0.653281
vn 0.500000 0.707107 -0.500000
vn 0.270598 0.923880 -0.270598
vn 0.000000 1.000000 -0.000000
vn -0.270598 0.923880 0.270598
vn -0.500000 0.707107 0.500000
vn -0.653281 0.382683 0.653281
vn -0.707107 0.000000 0.707107
vn -0.653281 -0.382683 0.653281
vn -0.500000 -0.707107 0.500000
vn -0.270598 -0.923880 0.270598
vn -0.000000 -1.000000 0.000000
vn 0.270598 -0.923880 -0.270598
vn 0.500000 -0.707107 -0.500000
vn 0.653281 -0.382683 -0.653281
vn 0.831470 0.000000 -0.555570
vn 0.768178 0.382683 -0.513280
vn 0.587938 0.707107 -0.392847
vn 0.318190 0.923880 -0.212608
vn 0.000000 1.000000 -0.000000
vn -0.318190 0.923880 0.212608
vn -0.587938 0.707107 0.392847
vn -0.768178 0.382683 0.513280
vn -0.831470 0.000000 0.555570
vn -0.768178 -0.382683 0.513280
vn -0.587938 -0.707107 0.392847
vn -0.318190 -0.923880 0.212608
vn -0.000000 -1.000000 0.000000
vn 0.318190 -0.923880 -0.212608
vn 0.587938 -0.707107 -0.392847
vn 0.768178 -0.382683 -0.513280
vn 0.923880 0.000000 -0.382683
vn 0.853553 0.382683 -0.353553
vn 0.653281 0.707107 -0.270598
vn 0.353553 0.923880 -0.146447
vn 0.000000 1.000000 -0.000000
vn -0.353553 0.923880 0.146447
vn -0.653281 0.707107 0.270598
vn -0.853553 0.382683 0.353553
vn -0.923880 0.000000 0.382683
vn -0.853553 -0.382683 0.353553
vn -0.653281 -0.707107 0.270598
vn -0.353553 -0.923880 0.146447
vn -0.000000 -1.000000 0.000000
vn 0.353553 -0.923880 -0.146447
vn 0.653281 -0.707107 -0.270598
vn 0.853553 -0.382683 -0.353553
vn 0.980785 0.000000 -0.195090
vn 0.906127 0.382683 -0.180240
vn 0.693520 0.707107 -0.137950
vn 0.375330 0.923880 -0.074658
vn 0.000000 1.000000 -0.000000
vn -0.375330 0.923880 0.074658
vn -0.693520 0.707107 0.137950
vn -0.906127 0.382683 0.180240
vn -0.980785 0.000000 0.195090
vn -0.906127 -0.382683 0.180240
vn -0.693520 -0.707107 0.137950
vn -0.375330 -0.923880 0.074658
vn -0.000000 -1.000000 0.000000
vn 0.375330 -0.923880 -0.074658
vn 0.693520 -0.707107 -0.137950
vn 0.906127 -0.382683 -0.180240
vn 0.000000 0.000000 1.000000
vn 0.000000 0.000000 1.000000
vn 0.000000 0.000000 1.000000
vn 0.000000 0.000000 1.000000
vn 0.000000 0.000000 -1.000000
vn 0.000000 0.000000 -1.000000
vn 0.000000 0.000000 -1.000000
vn 0.000000 0.000000 -1.000000
vn 0.000000 1.000000 0.000000
vn 0.000000 1.000000 0.000000
vn 0.000000 1.000000 0.000000
vn 0.000000 1.000000 0.000000
vn 0.000000 -1.000000 0.000000
vn 0.000000 -1.000000 0.000000
vn 0.000000 -1.000000 0.000000
vn 0.000000 -1.000000 0.000000
vn 1.000000 0.000000 0.000000
vn 1.000000 0.000000 0.000000
vn 1.000000 0.000000 0.000000
vn 1.000000 0.000000 0.000000
vn -1.000000 0.000000 0.000000
vn -1.000000 0.000000 0.000000
vn -1.000000 0.000000 0.000000
vn -1.000000 0.000000 0.000000
vn 0.000000 0.000000 1.000000
vn 0.000000 0.000000 1.000000
vn 0.000000 0.000000 1.000000
vn 0.000000 0.000000 1.000000
vn 0.000000 0.000000 -1.000000
vn 0.000000 0.000000 -1.000000
vn 0.000000 0.000000 -1.000000
vn 0.000000 0.000000 -1.000000
vn 0.000000 1.000000 0.000000
vn 0.000000 1.000000 0.000000
vn 0.000000 1.000000 0.000000
vn 0.000000 1.000000 0.000000
vn 0.000000 -1.000000 0.000000
vn 0.000000 -1.000000 0.000000
vn 0.000000 -1.000000 0.000000
vn 0.000000 -1.000000 0.000000
vn 1.000000 0.000000 0.000000
vn 1.000000 0.000000 0.000000
vn 1.000000 0.000000 0.000000
vn 1.000000 0.000000 0.000000
vn -1.000000 0.000000 0.000000
vn -1.000000 0.000000 0.000000
vn -1.000000 0.000000 0.000000
vn -1.000000 0.000000 0.000000
vn 0.000000 0.000000 1.000000
vn 0.000000 0.000000 1.000000
vn 0.000000 0.000000 1.000000
vn 0.000000 0.000000 1.000000
vn 0.000000 0.000000 -1.000000
vn 0.000000 0.000000 -1.000000
vn 0.000000 0.000000 -1.000000
vn 0.000000 0.000000 -1.000000
vn 0.000000 1.000000 0.000000
vn 0.000000 1.000000 0.000000
vn 0.000000 1.000000 0.000000
vn 0.000000 1.000000 0.000000
vn 0.000000 -1.000000 0.000000
vn 0.000000 -1.000000 0.000000
vn 0.000000 -1.000000 0.000000
vn 0.000000 -1.000000 0.000000
vn 1.000000 0.000000 0.000000
vn 1.000000 0.000000 0.000000
vn 1.000000 0.000000 0.000000
vn 1.000000 0.000000 0.000000
vn -1.000000 0.000000 0.000000
vn -1.000000 0.000000 0.000000
vn -1.000000 0.000000 0.000000
vn -1.000000 0.000000 0.000000
vn 0.000000 0.000000 1.000000
vn 0.000000 0.000000 1.000000
vn 0.000000 0.000000 1.000000
vn 0.000000 0.000000 1.000000
vn 0.000000 0.000000 -1.000000
vn 0.000000 0.000000 -1.000000
vn 0.000000 0.000000 -1.000000
vn 0.000000 0.000000 -1.000000
vn 0.000000 1.000000 0.000000
vn 0.000000 1.000000 0.000000
vn 0.000000 1.000000 0.000000
vn 0.000000 1.000000 0.000000
vn 0.000000 -1.000000 0.000000
vn 0.000000 -1.000000 0.000000
vn 0.000000 -1.000000 0.000000
vn 0.000000 -1.000000 0.000000
vn 1.000000 0.000000 0.000000
vn 1.000000 0.000000 0.000000
vn 1.000000 0.000000 0.000000
vn 1.000000 0.000000 0.000000
vn -1.000000 0.000000 0.000000
vn -1.000000 0.000000 0.000000
vn -1.000000 0.000000 0.000000
vn -1.000000 0.000000 0.000000
vn 0.000000 0.000000 1.000000
vn 0.000000 0.000000 1.000000
vn 0.000000 0.000000 1.000000
vn 0.000000 0.000000 1.000000
vn 0.000000 0.000000 -1.000000
vn 0.000000 0.000000 -1.000000
vn 0.000000 0.000000 -1.000000
vn 0.000000 0.000000 -1.000000
vn 0.000000 1.000000 0.000000
vn 0.000000 1.000000 0.000000
vn 0.000000 1.000000 0.000000
vn 0.000000 1.000000 0.000000
vn 0.000000 -1.000000 0.000000
vn 0.000000 -1.000000 0.000000
vn 0.000000 -1.000000 0.000000
vn 0.000000 -1.000000 0.000000
vn 1.000000 0.000000 0.000000
vn 1.000000 0.000000 0.000000
vn 1.000000 0.000000 0.000000
vn 1.000000 0.000000 0.000000
vn -1.000000 0.000000 0.000000
vn -1.000000 0.000000 0.000000
vn -1.000000 0.000000 0.000000
vn -1.000000 0.000000 0.000000
vn 0.000000 0.000000 1.000000
vn 0.000000 0.000000 1.000000
vn 0.000000 0.000000 1.000000
vn 0.000000 0.000000 1.000000
vn 0.000000 0.000000 -1.000000
vn 0.000000 0.000000 -1.000000
vn 0.000000 0.000000 -1.000000
vn 0.000000 0.000000 -1.000000
vn 0.000000 1.000000 0.000000
vn 0.000000 1.000000 0.000000
vn 0.000000 1.000000 0.000000
vn 0.000000 1.000000 0.000000
vn 0.000000 -1.000000 0.000000
vn 0.000000 -1.000000 0.000000
vn 0.000000 -1.000000 0.000000
vn 0.000000 -1.000000 0.000000
vn 1.000000 0.000000 0.000000
vn 1.000000 0.000000 0.000000
vn 1.000000 0.000000 0.000000
vn 1.000000 0.000000 0.000000
vn -1.000000 0.000000 0.000000
vn -1.000000 0.000000 0.000000
vn -1.000000 0.000000 0.000000
vn -1.000000 0.000000 0.000000
vn 0.000000 0.000000 1.000000
vn 0.000000 0.000000 1.000000
vn 0.000000 0.000000 1.000000
vn 0.000000 0.000000 1.000000
vn 0.000000 0.000000 -1.000000
vn 0.000000 0.000000 -1.000000
vn 0.000000 0.000000 -1.000000
vn 0.000000 0.000000 -1.000000
vn 0.000000 1.000000 0.000000
vn 0.000000 1.000000 0.000000
vn 0.000000 1.000000 0.000000
vn 0.000000 1.000000 0.000000
vn 0.000000 -1.000000 0.000000
vn 0.000000 -1.000000 0.000000
vn 0.000000 -1.000000 0.000000
vn 0.000000 -1.000000 0.000000
vn 1.000000 0.000000 0.000000
vn 1.000000 0.000000 0.000000
vn 1.000000 0.000000 0.000000
vn 1.000000 0.000000 0.000000
vn -1.000000 0.000000 0.000000
vn -1.000000 0.000000 0.000000
vn -1.000000 0.000000 0.000000
vn -1.000000 0.000000 0.000000
vn 0.000000 0.000000 1.000000
vn 0.000000 0.000000 1.000000
vn 0.000000 0.000000 1.000000
vn 0.000000 0.000000 1.000000
vn 0.000000 0.000000 -1.000000
vn 0.000000 0.000000 -1.000000
vn 0.000000 0.000000 -1.000000
vn 0.000000 0.000000 -1.000000
vn 0.000000 1.000000 0.000000
vn 0.000000 1.000000 0.000000
vn 0.000000 1.000000 0.000000
vn 0.000000 1.000000 0.000000
vn 0.000000 -1.000000 0.000000
vn 0.000000 -1.000000 0.000000
vn 0.000000 -1.000000 0.000000
vn 0.000000 -1.000000 0.000000
vn 1.000000 0.000000 0.000000
vn 1.000000 0.000000 0.000000
vn 1.000000 0.000000 0.000000
vn 1.000000 0.000000 0.000000
vn -1.000000 0.000000 0.000000
vn -1.000000 0.000000 0.000000
vn -1.000000 0.000000 0.000000
vn -1.000000 0.000000 0.000000
vn 1.000000 0.000000 0.000000
vn 1.000000 0.000000 0.000000
vn 0.980785 0.195090 0.000000
vn 0.980785 0.195090 0.000000
vn 0.923880 0.382683 0.000000
vn 0.923880 0.382683 0.000000
vn 0.831470 0.555570 0.000000
vn 0.831470 0.555570 0.000000
vn 0.707107 0.707107 0.000000
vn 0.707107 0.707107 0.000000
vn 0.555570 0.831470 0.000000
vn 0.555570 0.831470 0.000000
vn 0.382683 0.923880 0.000000
vn 0.382683 0.923880 0.000000
vn 0.195090 0.980785 0.000000
vn 0.195090 0.980785 0.000000
vn 0.000000 1.000000 0.000000
vn 0.000000 1.000000 0.000000
vn -0.195090 0.980785 0.000000
vn -0.195090 0.980785 0.000000
vn -0.382683 0.923880 0.000000
vn -0.382683 0.923880 0.000000
vn -0.555570 0.831470 0.000000
vn -0.555570 0.831470 0.000000
vn -0.707107 0.707107 0.000000
vn -0.707107 0.707107 0.000000
vn -0.831470 0.555570 0.000000
vn -0.831470 0.555570 0.000000
vn -0.923880 0.382683 0.000000
vn -0.923880 0.382683 0.000000
vn -0.980785 0.195090 0.000000
vn -0.980785 0.195090 0.000000
vn -1.000000 0.000000 0.000000
vn -1.000000 0.000000 0.000000
vn -0.980785 -0.195090 0.000000
vn -0.980785 -0.195090 0.000000
vn -0.923880 -0.382683 0.000000
vn -0.923880 -0.382683 0.000000
vn -0.831470 -0.555570 0.000000
vn -0.831470 -0.555570 0.000000
vn -0.707107 -0.707107 0.000000
vn -0.707107 -0.707107 0.000000
vn -0.555570 -0.831470 0.000000
vn -0.555570 -0.831470 0.000000
vn -0.382683 -0.923880 0.000000
vn -0.382683 -0.923880 0.000000
vn -0.195090 -0.980785 0.000000
vn -0.195090 -0.980785 0.000000
vn -0.000000 -1.000000 0.000000
vn -0.000000 -1.000000 0.000000
vn 0.195090 -0.980785 0.000000
vn 0.195090 -0.980785 0.000000
vn 0.382683 -0.923880 0.000000
vn 0.382683 -0.923880 0.000000
vn 0.555570 -0.831470 0.000000
vn 0.555570 -0.831470 0.000000
vn 0.707107 -0.707107 0.000000
vn 0.707107 -0.707107 0.000000
vn 0.831470 -0.555570 0.000000
vn 0.831470 -0.555570 0.000000
vn 0.923880 -0.382683 0.000000
vn 0.923880 -0.382683 0.000000
vn 0.980785 -0.195090 0.000000
vn 0.980785 -0.195090 0.000000
vn 0.000000 0.000000 1.000000
vn 0.000000 0.000000 -1.000000
vn 0.000000 0.000000 1.000000
vn 0.000000 0.000000 -1.000000
vn 0.000000 0.000000 1.000000
vn 0.000000 0.000000 -1.000000
vn 0.000000 0.000000 1.000000
vn 0.000000 0.000000 -1.000000
vn 0.000000 0.000000 1.000000
vn 0.000000 0.000000 -1.000000
vn 0.000000 0.000000 1.000000
vn 0.000000 0.000000 -1.000000
vn 0.000000 0.000000 1.000000
vn 0.000000 0.000000 -1.000000
vn 0.000000 0.000000 1.000000
vn 0.000000 0.000000 -1.000000
vn 0.000000 0.000000 1.000000
vn 0.000000 0.000000 -1.000000
vn 0.000000 0.000000 1.000000
vn 0.000000 0.000000 -1.000000
vn 0.000000 0.000000 1.000000
vn 0.000000 0.000000 -1.000000
vn 0.000000 0.000000 1.000000
vn 0.000000 0.000000 -1.000000
vn 0.000000 0.000000 1.000000
vn 0.000000 0.000000 -1.000000
vn 0.000000 0.000000 1.000000
vn 0.000000 0.000000 -1.000000
vn 0.000000 0.000000 1.000000
vn 0.000000 0.000000 -1.000000
vn 0.000000 0.000000 1.000000
vn 0.000000 0.000000 -1.000000
vn 0.000000 0.000000 1.000000
vn 0.000000 0.000000 -1.000000
vn 0.000000 0.000000 1.000000
vn 0.000000 0.000000 -1.000000
vn 0.000000 0.000000 1.000000
vn 0.000000 0.000000 -1.000000
vn 0.000000 0.000000 1.000000
vn 0.000000 0.000000 -1.000000
vn 0.000000 0.000000 1.000000
vn 0.000000 0.000000 -1.000000
vn 0.000000 0.000000 1.000000
vn 0.000000 0.000000 -1.000000
vn 0.000000 0.000000 1.000000
vn 0.000000 0.000000 -1.000000
vn 0.000000 0.000000 1.000000
vn 0.000000 0.000000 -1.000000
vn 0.000000 0.000000 1.000000
vn 0.000000 0.000000 -1.000000
vn 0.000000 0.000000 1.000000
vn 0.000000 0.000000 -1.000000
vn 0.000000 0.000000 1.000000
vn 0.000000 0.000000 -1.000000
vn 0.000000 0.000000 1.000000
vn 0.000000 0.000000 -1.000000
vn 0.000000 0.000000 1.000000
vn 0.000000 0.000000 -1.000000
vn 0.000000 0.000000 1.000000
vn 0.000000 0.000000 -1.000000
vn 0.000000 0.000000 1.000000
vn 0.000000 0.000000 -1.000000
vn 0.000000 0.000000 1.000000
vn 0.000000 0.000000 -1.000000
vn 0.000000 0.000000 1.000000
vn 0.000000 0.000000 -1.000000
vn 1.000000 0.000000 0.000000
vn 1.000000 0.000000 0.000000
vn 0.980785 0.195090 0.000000
vn 0.980785 0.195090 0.000000
vn 0.923880 0.382683 0.000000
vn 0.923880 0.382683 0.000000
vn 0.831470 0.555570 0.000000
vn 0.831470 0.555570 0.000000
vn 0.707107 0.707107 0.000000
vn 0.707107 0.707107 0.000000
vn 0.555570 0.831470 0.000000
vn 0.555570 0.831470 0.000000
vn 0.382683 0.923880 0.000000
vn 0.382683 0.923880 0.000000
vn 0.195090 0.980785 0.000000
vn 0.195090 0.980785 0.000000
vn 0.000000 1.000000 0.000000
vn 0.000000 1.000000 0.000000
vn -0.195090 0.980785 0.000000
vn -0.195090 0.980785 0.000000
vn -0.382683 0.923880 0.000000
vn -0.382683 0.923880 0.000000
vn -0.555570 0.831470 0.000000
vn -0.555570 0.831470 0.000000
vn -0.707107 0.707107 0.000000
vn -0.707107 0.707107 0.000000
vn -0.831470 0.555570 0.000000
vn -0.831470 0.555570 0.000000
vn -0.923880 0.382683 0.000000
vn -0.923880 0.382683 0.000000
vn -0.980785 0.195090 0.000000
vn -0.980785 0.195090 0.000000
vn -1.000000 0.000000 0.000000
vn -1.000000 0.000000 0.000000
vn -0.980785 -0.195090 0.000000
vn -0.980785 -0.195090 0.000000
vn -0.923880 -0.382683 0.000000
vn -0.923880 -0.382683 0.000000
vn -0.831470 -0.555570 0.000000
vn -0.831470 -0.555570 0.000000
vn -0.707107 -0.707107 0.000000
vn -0.707107 -0.707107 0.000000
vn -0.555570 -0.831470 0.000000
vn -0.555570 -0.831470 0.000000
vn -0.382683 -0.923880 0.000000
vn -0.382683 -0.923880 0.000000
vn -0.195090 -0.980785 0.000000
vn -0.195090 -0.980785 0.000000
vn -0.000000 -1.000000 0.000000
vn -0.000000 -1.000000 0.000000
vn 0.195090 -0.980785 0.000000
vn 0.195090 -0.980785 0.000000
vn 0.382683 -0.923880 0.000000
vn 0.382683 -0.923880 0.000000
vn 0.555570 -0.831470 0.000000
vn 0.555570 -0.831470 0.000000
vn 0.707107 -0.707107 0.000000
vn 0.707107 -0.707107 0.000000
vn 0.831470 -0.555570 0.000000
vn 0.831470 -0.555570 0.000000
vn 0.923880 -0.382683 0.000000
vn 0.923880 -0.382683 0.000000
vn 0.980785 -0.195090 0.000000
vn 0.980785 -0.195090 0.000000
vn 0.000000 0.000000 1.000000
vn 0.000000 0.000000 -1.000000
vn 0.000000 0.000000 1.000000
vn 0.000000 0.000000 -1.000000
vn 0.000000 0.000000 1.000000
vn 0.000000 0.000000 -1.000000
vn 0.000000 0.000000 1.000000
vn 0.000000 0.000000 -1.000000
vn 0.000000 0.000000 1.000000
vn 0.000000 0.000000 -1.000000
vn 0.000000 0.000000 1.000000
vn 0.000000 0.000000 -1.000000
vn 0.000000 0.000000 1.000000
vn 0.000000 0.000000 -1.000000
vn 0.000000 0.000000 1.000000
vn 0.000000 0.000000 -1.000000
vn 0.000000 0.000000 1.000000
vn 0.000000 0.000000 -1.000000
vn 0.000000 0.000000 1.000000
vn 0.000000 0.000000 -1.000000
vn 0.000000 0.000000 1.000000
vn 0.000000 0.000000 -1.000000
vn 0.000000 0.000000 1.000000
vn 0.000000 0.000000 -1.000000
vn 0.000000 0.000000 1.000000
vn 0.000000 0.000000 -1.000000
vn 0.000000 0.000000 1.000000
vn 0.000000 0.000000 -1.000000
vn 0.000000 0.000000 1.000000
vn 0.000000 0.000000 -1.000000
vn 0.000000 0.000000 1.000000
vn 0.000000 0.000000 -1.000000
vn 0.000000 0.000000 1.000000
vn 0.000000 0.000000 -1.000000
vn 0.000000 0.000000 1.000000
vn 0.000000 0.000000 -1.000000
vn 0.000000 0.000000 1.000000
vn 0.000000 0.000000 -1.000000
vn 0.000000 0.000000 1.000000
vn 0.000000 0.000000 -1.000000
vn 0.000000 0.000000 1.000000
vn 0.000000 0.000000 -1.000000
vn 0.000000 0.000000 1.000000
vn 0.000000 0.000000 -1.000000
vn 0.000000 0.000000 1.000000
vn 0.000000 0.000000 -1.000000
vn 0.000000 0.000000 1.000000
vn 0.000000 0.000000 -1.000000
vn 0.000000 0.000000 1.000000
vn 0.000000 0.000000 -1.000000
vn 0.000000 0.000000 1.000000
vn 0.000000 0.000000 -1.000000
vn 0.000000 0.000000 1.000000
vn 0.000000 0.000000 -1.000000
vn 0.000000 0.000000 1.000000
vn 0.000000 0.000000 -1.000000
vn 0.000000 0.000000 1.000000
vn 0.000000 0.000000 -1.000000
vn 0.000000 0.000000 1.000000
vn 0.000000 0.000000 -1.000000
vn 0.000000 0.000000 1.000000
vn 0.000000 0.000000 -1.000000
vn 0.000000 0.000000 1.000000
vn 0.000000 0.000000 -1.000000
vn 0.000000 0.000000 1.000000
vn 0.000000 0.000000 -1.000000
vn 1.000000 0.000000 0.000000
vn 1.000000 0.000000 0.000000
vn 0.500000 0.866025 0.000000
vn 0.500000 0.866025 0.000000
vn -0.500000 0.866025 0.000000
vn -0.500000 0.866025 0.000000
vn -1.000000 0.000000 0.000000
vn -1.000000 0.000000 0.000000
vn -0.500000 -0.866025 0.000000
vn -0.500000 -0.866025 0.000000
vn 0.500000 -0.866025 0.000000
vn 0.500000 -0.866025 0.000000
vn 0.000000 0.000000 1.000000
vn 0.000000 0.000000 -1.000000
vn 0.000000 0.000000 1.000000
vn 0.000000 0.000000 -1.000000
vn 0.000000 0.000000 1.000000
vn 0.000000 0.000000 -1.000000
vn 0.000000 0.000000 1.000000
vn 0.000000 0.000000 -1.000000
vn 0.000000 0.000000 1.000000
vn 0.000000 0.000000 -1.000000
vn 0.000000 0.000000 1.000000
vn 0.000000 0.000000 -1.000000
vn 0.000000 0.000000 1.000000
vn 0.000000 0.000000 -1.000000
vn 1.000000 0.000000 0.000000
vn 1.000000 0.000000 0.000000
vn 0.500000 0.866025 0.000000
vn 0.500000 0.866025 0.000000
vn -0.500000 0.866025 0.000000
vn -0.500000 0.866025 0.000000
vn -1.000000 0.000000 0.000000
vn -1.000000 0.000000 0.000000
vn -0.500000 -0.866025 0.000000
vn -0.500000 -0.866025 0.000000
vn 0.500000 -0.866025 0.000000
vn 0.500000 -0.866025 0.000000
vn 0.000000 0.000000 1.000000
vn 0.000000 0.000000 -1.000000
vn 0.000000 0.000000 1.000000
vn 0.000000 0.000000 -1.000000
vn 0.000000 0.000000 1.000000
vn 0.000000 0.000000 -1.000000
vn 0.000000 0.000000 1.000000
vn 0.000000 0.000000 -1.000000
vn 0.000000 0.000000 1.000000
vn 0.000000 0.000000 -1.000000
vn 0.000000 0.000000 1.000000
vn 0.000000 0.000000 -1.000000
vn 0.000000 0.000000 1.000000
vn 0.000000 0.000000 -1.000000
vn 1.000000 0.000000 0.000000
vn 1.000000 0.000000 0.000000
vn 0.500000 0.866025 0.000000
vn 0.500000 0.866025 0.000000
vn -0.500000 0.866025 0.000000
vn -0.500000 0.866025 0.000000
vn -1.000000 0.000000 0.000000
vn -1.000000 0.000000 0.000000
vn -0.500000 -0.866025 0.000000
vn -0.500000 -0.866025 0.000000
vn 0.500000 -0.866025 0.000000
vn 0.500000 -0.866025 0.000000
vn 0.000000 0.000000 1.000000
vn 0.000000 0.000000 -1.000000
vn 0.000000 0.000000 1.000000
vn 0.000000 0.000000 -1.000000
vn 0.000000 0.000000 1.000000
vn 0.000000 0.000000 -1.000000
vn 0.000000 0.000000 1.000000
vn 0.000000 0.000000 -1.000000
vn 0.000000 0.000000 1.000000
vn 0.000000 0.000000 -1.000000
vn 0.000000 0.000000 1.000000
vn 0.000000 0.000000 -1.000000
vn 0.000000 0.000000 1.000000
vn 0.000000 0.000000 -1.000000
vn 1.000000 0.000000 0.000000
vn 1.000000 0.000000 0.000000
vn 0.500000 0.866025 0.000000
vn 0.500000 0.866025 0.000000
vn -0.500000 0.866025 0.000000
vn -0.500000 0.866025 0.000000
vn -1.000000 0.000000 0.000000
vn -1.000000 0.000000 0.000000
vn -0.500000 -0.866025 0.000000
vn -0.500000 -0.866025 0.000000
vn 0.500000 -0.866025 0.000000
vn 0.500000 -0.866025 0.000000
vn 0.000000 0.000000 1.000000
vn 0.000000 0.000000 -1.000000
vn 0.000000 0.000000 1.000000
vn 0.000000 0.000000 -1.000000
vn 0.000000 0.000000 1.000000
vn 0.000000 0.000000 -1.000000
vn 0.000000 0.000000 1.000000
vn 0.000000 0.000000 -1.000000
vn 0.000000 0.000000 1.000000
vn 0.000000 0.000000 -1.000000
vn 0.000000 0.000000 1.000000
vn 0.000000 0.000000 -1.000000
vn 0.000000 0.000000 1.000000
vn 0.000000 0.000000 -1.000000
vn 1.000000 0.000000 0.000000
vn 1.000000 0.000000 0.000000
vn 0.500000 0.866025 0.000000
vn 0.500000 0.866025 0.000000
vn -0.500000 0.866025 0.000000
vn -0.500000 0.866025 0.000000
vn -1.000000 0.000000 0.000000
vn -1.000000 0.000000 0.000000
vn -0.500000 -0.866025 0.000000
vn -0.500000 -0.866025 0.000000
vn 0.500000 -0.866025 0.000000
vn 0.500000 -0.866025 0.000000
vn 0.000000 0.000000 1.000000
vn 0.000000 0.000000 -1.000000
vn 0.000000 0.000000 1.000000
vn 0.000000 0.000000 -1.000000
vn 0.000000 0.000000 1.000000
vn 0.000000 0.000000 -1.000000
vn 0.000000 0.000000 1.000000
vn 0.000000 0.000000 -1.000000
vn 0.000000 0.000000 1.000000
vn 0.000000 0.000000 -1.000000
vn 0.000000 0.000000 1.000000
vn 0.000000 0.000000 -1.000000
vn 0.000000 0.000000 1.000000
vn 0.000000 0.000000 -1.000000
vn 1.000000 0.000000 0.000000
vn 1.000000 0.000000 0.000000
vn 0.500000 0.866025 0.000000
vn 0.500000 0.866025 0.000000
vn -0.500000 0.866025 0.000000
vn -0.500000 0.866025 0.000000
vn -1.000000 0.000000 0.000000
vn -1.000000 0.000000 0.000000
vn -0.500000 -0.866025 0.000000
vn -0.500000 -0.866025 0.000000
vn 0.500000 -0.866025 0.000000
vn 0.500000 -0.866025 0.000000
vn 0.000000 0.000000 1.000000
vn 0.000000 0.000000 -1.000000
vn 0.000000 0.000000 1.000000
vn 0.000000 0.000000 -1.000000
vn 0.000000 0.000000 1.000000
vn 0.000000 0.000000 -1.000000
vn 0.000000 0.000000 1.000000
vn 0.000000 0.000000 -1.000000
vn 0.000000 0.000000 1.000000
vn 0.000000 0.000000 -1.000000
vn 0.000000 0.000000 1.000000
vn 0.000000 0.000000 -1.000000
vn 0.000000 0.000000 1.000000
vn 0.000000 0.000000 -1.000000
vn 1.000000 0.000000 0.000000
vn 1.000000 0.000000 0.000000
vn 0.500000 0.866025 0.000000
vn 0.500000 0.866025 0.000000
vn -0.500000 0.866025 0.000000
vn -0.500000 0.866025 0.000000
vn -1.000000 0.000000 0.000000
vn -1.000000 0.000000 0.000000
vn -0.500000 -0.866025 0.000000
vn -0.500000 -0.866025 0.000000
vn 0.500000 -0.866025 0.000000
vn 0.500000 -0.866025 0.000000
vn 0.000000 0.000000 1.000000
vn 0.000000 0.000000 -1.000000
vn 0.000000 0.000000 1.000000
vn 0.000000 0.000000 -1.000000
vn 0.000000 0.000000 1.000000
vn 0.000000 0.000000 -1.000000
vn 0.000000 0.000000 1.000000
vn 0.000000 0.000000 -1.000000
vn 0.000000 0.000000 1.000000
vn 0.000000 0.000000 -1.000000
vn 0.000000 0.000000 1.000000
vn 0.000000 0.000000 -1.000000
vn 0.000000 0.000000 1.000000
vn 0.000000 0.000000 -1.000000
vn 1.000000 0.000000 0.000000
vn 1.000000 0.000000 0.000000
vn 0.500000 0.866025 0.000000
vn 0.500000 0.866025 0.000000
vn -0.500000 0.866025 0.000000
vn -0.500000 0.866025 0.000000
vn -1.000000 0.000000 0.000000
vn -1.000000 0.000000 0.000000
vn -0.500000 -0.866025 0.000000
vn -0.500000 -0.866025 0.000000
vn 0.500000 -0.866025 0.000000
vn 0.500000 -0.866025 0.000000
vn 0.000000 0.000000 1.000000
vn 0.000000 0.000000 -1.000000
vn 0.000000 0.000000 1.000000
vn 0.000000 0.000000 -1.000000
vn 0.000000 0.000000 1.000000
vn 0.000000 0.000000 -1.000000
vn 0.000000 0.000000 1.000000
vn 0.000000 0.000000 -1.000000
vn 0.000000 0.000000 1.000000
vn 0.000000 0.000000 -1.000000
vn 0.000000 0.000000 1.000000
vn 0.000000 0.000000 -1.000000
vn 0.000000 0.000000 1.000000
vn 0.000000 0.000000 -1.000000
vn 1.000000 0.000000 0.000000
vn 1.000000 0.000000 0.000000
vn 0.980785 0.195090 0.000000
vn 0.980785 0.195090 0.000000
vn 0.923880 0.382683 0.000000
vn 0.923880 0.382683 0.000000
vn 0.831470 0.555570 0.000000
vn 0.831470 0.555570 0.000000
vn 0.707107 0.707107 0.000000
vn 0.707107 0.707107 0.000000
vn 0.555570 0.831470 0.000000
vn 0.555570 0.831470 0.000000
vn 0.382683 0.923880 0.000000
vn 0.382683 0.923880 0.000000
vn 0.195090 0.980785 0.000000
vn 0.195090 0.980785 0.000000
vn 0.000000 1.000000 0.000000
vn 0.000000 1.000000 0.000000
vn -0.195090 0.980785 0.000000
vn -0.195090 0.980785 0.000000
vn -0.382683 0.923880 0.000000
vn -0.382683 0.923880 0.000000
vn -0.555570 0.831470 0.000000
vn -0.555570 0.831470 0.000000
vn -0.707107 0.707107 0.000000
vn -0.707107 0.707107 0.000000
vn -0.831470 0.555570 0.000000
vn -0.831470 0.555570 0.000000
vn -0.923880 0.382683 0.000000
vn -0.923880 0.382683 0.000000
vn -0.980785 0.195090 0.000000
vn -0.980785 0.195090 0.000000
vn -1.000000 0.000000 0.000000
vn -1.000000 0.000000 0.000000
vn -0.980785 -0.195090 0.000000
vn -0.980785 -0.195090 0.000000
vn -0.923880 -0.382683 0.000000
vn -0.923880 -0.382683 0.000000
vn -0.831470 -0.555570 0.000000
vn -0.831470 -0.555570 0.000000
vn -0.707107 -0.707107 0.000000
vn -0.707107 -0.707107 0.000000
vn -0.555570 -0.831470 0.000000
vn -0.555570 -0.831470 0.000000
vn -0.382683 -0.923880 0.000000
vn -0.382683 -0.923880 0.000000
vn -0.195090 -0.980785 0.000000
vn -0.195090 -0.980785 0.000000
vn -0.000000 -1.000000 0.000000
vn -0.000000 -1.000000 0.000000
vn 0.195090 -0.980785 0.000000
vn 0.195090 -0.980785 0.000000
vn 0.382683 -0.923880 0.000000
vn 0.382683 -0.923880 0.000000
vn 0.555570 -0.831470 0.000000
vn 0.555570 -0.831470 0.000000
vn 0.707107 -0.707107 0.000000
vn 0.707107 -0.707107 0.000000
vn 0.831470 -0.555570 0.000000
vn 0.831470 -0.555570 0.000000
vn 0.923880 -0.382683 0.000000
vn 0.923880 -0.382683 0.000000
vn 0.980785 -0.195090 0.000000
vn 0.980785 -0.195090 0.000000
vn 0.000000 0.000000 1.000000
vn 0.000000 0.000000 -1.000000
vn 0.000000 0.000000 1.000000
vn 0.000000 0.000000 -1.000000
vn 0.000000 0.000000 1.000000
vn 0.000000 0.000000 -1.000000
vn 0.000000 0.000000 1.000000
vn 0.000000 0.000000 -1.000000
vn 0.000000 0.000000 1.000000
vn 0.000000 0.000000 -1.000000
vn 0.000000 0.000000 1.000000
vn 0.000000 0.000000 -1.000000
vn 0.000000 0.000000 1.000000
vn 0.000000 0.000000 -1.000000
vn 0.000000 0.000000 1.000000
vn 0.000000 0.000000 -1.000000
vn 0.000000 0.000000 1.000000
vn 0.000000 0.000000 -1.000000
vn 0.000000 0.000000 1.000000
vn 0.000000 0.000000 -1.000000
vn 0.000000 0.000000 1.000000
vn 0.000000 0.000000 -1.000000
vn 0.000000 0.000000 1.000000
vn 0.000000 0.000000 -1.000000
vn 0.000000 0.000000 1.000000
vn 0.000000 0.000000 -1.000000
vn 0.000000 0.000000 1.000000
vn 0.000000 0.000000 -1.000000
vn 0.000000 0.000000 1.000000
vn 0.000000 0.000000 -1.000000
vn 0.000000 0.000000 1.000000
vn 0.000000 0.000000 -1.000000
vn 0.000000 0.000000 1.000000
vn 0.000000 0.000000 -1.000000
vn 0.000000 0.000000 1.000000
vn 0.000000 0.000000 -1.000000
vn 0.000000 0.000000 1.000000
vn 0.000000 0.000000 -1.000000
vn 0.000000 0.000000 1.000000
vn 0.000000 0.000000 -1.000000
vn 0.000000 0.000000 1.000000
vn 0.000000 0.000000 -1.000000
vn 0.000000 0.000000 1.000000
vn 0.000000 0.000000 -1.000000
vn 0.000000 0.000000 1.000000
vn 0.000000 0.000000 -1.000000
vn 0.000000 0.000000 1.000000
vn 0.000000 0.000000 -1.000000
vn 0.000000 0.000000 1.000000
vn 0.000000 0.000000 -1.000000
vn 0.000000 0.000000 1.000000
vn 0.000000 0.000000 -1.000000
vn 0.000000 0.000000 1.000000
vn 0.000000 0.000000 -1.000000
vn 0.000000 0.000000 1.000000
vn 0.000000 0.000000 -1.000000
vn 0.000000 0.000000 1.000000
vn 0.000000 0.000000 -1.000000
vn 0.000000 0.000000 1.000000
vn 0.000000 0.000000 -1.000000
vn 0.000000 0.000000 1.000000
vn 0.000000 0.000000 -1.000000
vn 0.000000 0.000000 1.000000
vn 0.000000 0.000000 -1.000000
vn 0.000000 0.000000 1.000000
vn 0.000000 0.000000 -1.000000
vn 0.000000 0.000000 1.000000
vn 0.000000 0.000000 1.000000
vn 0.000000 0.000000 1.000000
vn 0.000000 0.000000 1.000000
vn 0.000000 0.000000 -1.000000
vn 0.000000 0.000000 -1.000000
vn 0.000000 0.000000 -1.000000
vn 0.000000 0.000000 -1.000000
vn 0.000000 1.000000 0.000000
vn 0.000000 1.000000 0.000000
vn 0.000000 1.000000 0.000000
vn 0.000000 1.000000 0.000000
vn 0.000000 -1.000000 0.000000
vn 0.000000 -1.000000 0.000000
vn 0.000000 -1.000000 0.000000
vn 0.000000 -1.000000 0.000000
vn 1.000000 0.000000 0.000000
vn 1.000000 0.000000 0.000000
vn 1.000000 0.000000 0.000000
vn 1.000000 0.000000 0.000000
vn -1.000000 0.000000 0.000000
vn -1.000000 0.000000 0.000000
vn -1.000000 0.000000 0.000000
vn -1.000000 0.000000 0.000000
vn 0.000000 0.000000 1.000000
vn 0.000000 0.000000 1.000000
vn 0.000000 0.000000 1.000000
vn 0.000000 0.000000 1.000000
vn 0.000000 0.000000 -1.000000
vn 0.000000 0.000000 -1.000000
vn 0.000000 0.000000 -1.000000
vn 0.000000 0.000000 -1.000000
vn 0.000000 1.000000 0.000000
vn 0.000000 1.000000 0.000000
vn 0.000000 1.000000 0.000000
vn 0.000000 1.000000 0.000000
vn 0.000000 -1.000000 0.000000
vn 0.000000 -1.000000 0.000000
vn 0.000000 -1.000000 0.000000
vn 0.000000 -1.000000 0.000000
vn 1.000000 0.000000 0.000000
vn 1.000000 0.000000 0.000000
vn 1.000000 0.000000 0.000000
vn 1.000000 0.000000 0.000000
vn -1.000000 0.000000 0.000000
vn -1.000000 0.000000 0.000000
vn -1.000000 0.000000 0.000000
vn -1.000000 0.000000 0.000000
vn 1.000000 0.000000 0.000000
vn 0.707107 0.707107 0.000000
vn 0.000000 1.000000 0.000000
vn -0.707107 0.707107 -0.000000
vn -1.000000 0.000000 -0.000000
vn -0.707107 -0.707107 -0.000000
vn -0.000000 -1.000000 -0.000000
vn 0.707107 -0.707107 0.000000
vn 0.923880 0.000000 0.382683
vn 0.653281 0.707107 0.270598
vn 0.000000 1.000000 0.000000
vn -0.653281 0.707107 -0.270598
vn -0.923880 0.000000 -0.382683
vn -0.653281 -0.707107 -0.270598
vn -0.000000 -1.000000 -0.000000
vn 0.653281 -0.707107 0.270598
vn 0.707107 0.000000 0.707107
vn 0.500000 0.707107 0.500000
vn 0.000000 1.000000 0.000000
vn -0.500000 0.707107 -0.500000
vn -0.707107 0.000000 -0.707107
vn -0.500000 -0.707107 -0.500000
vn -0.000000 -1.000000 -0.000000
vn 0.500000 -0.707107 0.500000
vn 0.382683 0.000000 0.923880
vn 0.270598 0.707107 0.653281
vn 0.000000 1.000000 0.000000
vn -0.270598 0.707107 -0.653281
vn -0.382683 0.000000 -0.923880
vn -0.270598 -0.707107 -0.653281
vn -0.000000 -1.000000 -0.000000
vn 0.270598 -0.707107 0.653281
vn 0.000000 0.000000 1.000000
vn 0.000000 0.707107 0.707107
vn 0.000000 1.000000 0.000000
vn -0.000000 0.707107 -0.707107
vn -0.000000 0.000000 -1.000000
vn -0.000000 -0.707107 -0.707107
vn -0.000000 -1.000000 -0.000000
vn 0.000000 -0.707107 0.707107
vn -0.382683 0.000000 0.923880
vn -0.270598 0.707107 0.653281
vn -0.000000 1.000000 0.000000
vn 0.270598 0.707107 -0.653281
vn 0.382683 0.000000 -0.923880
vn 0.270598 -0.707107 -0.653281
vn 0.000000 -1.000000 -0.000000
vn -0.270598 -0.707107 0.653281
vn -0.707107 0.000000 0.707107
vn -0.500000 0.707107 0.500000
vn -0.000000 1.000000 0.000000
vn 0.500000 0.707107 -0.500000
vn 0.707107 0.000000 -0.707107
vn 0.500000 -0.707107 -0.500000
vn 0.000000 -1.000000 -0.000000
vn -0.500000 -0.707107 0.500000
vn -0.923880 0.000000 0.382683
vn -0.653281 0.707107 0.270598
vn -0.000000 1.000000 0.000000
vn 0.653281 0.707107 -0.270598
vn 0.923880 0.000000 -0.382683
vn 0.653281 -0.707107 -0.270598
vn 0.000000 -1.000000 -0.000000
vn -0.653281 -0.707107 0.270598
vn -1.000000 0.000000 0.000000
vn -0.707107 0.707107 0.000000
vn -0.000000 1.000000 0.000000
vn 0.707107 0.707107 -0.000000
vn 1.000000 0.000000 -0.000000
vn 0.707107 -0.707107 -0.000000
vn 0.000000 -1.000000 -0.000000
vn -0.707107 -0.707107 0.000000
vn -0.923880 0.000000 -0.382683
vn -0.653281 0.707107 -0.270598
vn -0.000000 1.000000 -0.000000
vn 0.653281 0.707107 0.270598
vn 0.923880 0.000000 0.382683
vn 0.653281 -0.707107 0.270598
vn 0.000000 -1.000000 0.000000
vn -0.653281 -0.707107 -0.270598
vn -0.707107 0.000000 -0.707107
vn -0.500000 0.707107 -0.500000
vn -0.000000 1.000000 -0.000000
vn 0.500000 0.707107 0.500000
vn 0.707107 0.000000 0.707107
vn 0.500000 -0.707107 0.500000
vn 0.000000 -1.000000 0.000000
vn -0.500000 -0.707107 -0.500000
vn -0.382683 0.000000 -0.923880
vn -0.270598 0.707107 -0.653281
vn -0.000000 1.000000 -0.000000
vn 0.270598 0.707107 0.653281
vn 0.382683 0.000000 0.923880
vn 0.270598 -0.707107 0.653281
vn 0.000000 -1.000000 0.000000
vn -0.270598 -0.707107 -0.653281
vn -0.000000 0.000000 -1.000000
vn -0.000000 0.707107 -0.707107
vn -0.000000 1.000000 -0.000000
vn 0.000000 0.707107 0.707107
vn 0.000000 0.000000 1.000000
vn 0.000000 -0.707107 0.707107
vn 0.000000 -1.000000 0.000000
vn -0.000000 -0.707107 -0.707107
vn 0.382683 0.000000 -0.923880
vn 0.270598 0.707107 -0.653281
vn 0.000000 1.000000 -0.000000
vn -0.270598 0.707107 0.653281
vn -0.382683 0.000000 0.923880
vn -0.270598 -0.707107 0.653281
vn -0.000000 -1.000000 0.000000
vn 0.270598 -0.707107 -0.653281
vn 0.707107 0.000000 -0.707107
vn 0.500000 0.707107 -0.500000
vn 0.000000 1.000000 -0.000000
vn -0.500000 0.707107 0.500000
vn -0.707107 0.000000 0.707107
vn -0.500000 -0.707107 0.500000
vn -0.000000 -1.000000 0.000000
vn 0.500000 -0.707107 -0.500000
vn 0.923880 0.000000 -0.382683
vn 0.653281 0.707107 -0.270598
vn 0.000000 1.000000 -0.000000
vn -0.653281 0.707107 0.270598
vn -0.923880 0.000000 0.382683
vn -0.653281 -0.707107 0.270598
vn -0.000000 -1.000000 0.000000
vn 0.653281 -0.707107 -0.270598
usemtl 01_Steel
f 1/1/1 2/2/2 4/4/4
f 1/1/1 4/4/4 3/3/3
f 3/3/3 4/4/4 6/6/6
f 3/3/3 6/6/6 5/5/5
f 5/5/5 6/6/6 8/8/8
f 5/5/5 8/8/8 7/7/7
f 7/7/7 8/8/8 10/10/10
f 7/7/7 10/10/10 9/9/9
f 9/9/9 10/10/10 12/12/12
f 9/9/9 12/12/12 11/11/11
f 11/11/11 12/12/12 14/14/14
f 11/11/11 14/14/14 13/13/13
f 13/13/13 14/14/14 16/16/16
f 13/13/13 16/16/16 15/15/15
f 15/15/15 16/16/16 18/18/18
f 15/15/15 18/18/18 17/17/17
f 17/17/17 18/18/18 20/20/20
f 17/17/17 20/20/20 19/19/19
f 19/19/19 20/20/20 22/22/22
f 19/19/19 22/22/22 21/21/21
f 21/21/21 22/22/22 24/24/24
f 21/21/21 24/24/24 23/23/23
f 23/23/23 24/24/24 26/26/26
f 23/23/23 26/26/26 25/25/25
f 25/25/25 26/26/26 28/28/28
f 25/25/25 28/28/28 27/27/27
f 27/27/27 28/28/28 30/30/30
f 27/27/27 30/30/30 29/29/29
f 29/29/29 30/30/30 32/32/32
f 29/29/29 32/32/32 31/31/31
f 31/31/31 32/32/32 34/34/34
f 31/31/31 34/34/34 33/33/33
f 33/33/33 34/34/34 36/36/36
f 33/33/33 36/36/36 35/35/35
f 35/35/35 36/36/36 38/38/38
f 35/35/35 38/38/38 37/37/37
f 37/37/37 38/38/38 40/40/40
f 37/37/37 40/40/40 39/39/39
f 39/39/39 40/40/40 42/42/42
f 39/39/39 42/42/42 41/41/41
f 41/41/41 42/42/42 44/44/44
f 41/41/41 44/44/44 43/43/43
f 43/43/43 44/44/44 46/46/46
f 43/43/43 46/46/46 45/45/45
f 45/45/45 46/46/46 48/48/48
f 45/45/45 48/48/48 47/47/47
f 47/47/47 48/48/48 50/50/50
f 47/47/47 50/50/50 49/49/49
f 49/49/49 50/50/50 52/52/52
f 49/49/49 52/52/52 51/51/51
f 51/51/51 52/52/52 54/54/54
f 51/51/51 54/54/54 53/53/53
f 53/53/53 54/54/54 56/56/56
f 53/53/53 56/56/56 55/55/55
f 55/55/55 56/56/56 58/58/58
f 55/55/55 58/58/58 57/57/57
f 57/57/57 58/58/58 60/60/60
f 57/57/57 60/60/60 59/59/59
f 59/59/59 60/60/60 62/62/62
f 59/59/59 62/62/62 61/61/61
f 61/61/61 62/62/62 64/64/64
f 61/61/61 64/64/64 63/63/63
f 63/63/63 64/64/64 2/2/2
f 63/63/63 2/2/2 1/1/1
f 65/65/65 67/67/67 69/69/69
f 66/66/66 70/70/70 68/68/68
f 65/65/65 69/69/69 71/71/71
f 66/66/66 72/72/72 70/70/70
f 65/65/65 71/71/71 73/73/73
f 66/66/66 74/74/74 72/72/72
f 65/65/65 73/73/73 75/75/75
f 66/66/66 76/76/76 74/74/74
f 65/65/65 75/75/75 77/77/77
f 66/66/66 78/78/78 76/76/76
f 65/65/65 77/77/77 79/79/79
f 66/66/66 80/80/80 78/78/78
f 65/65/65 79/79/79 81/81/81
f 66/66/66 82/82/82 80/80/80
f 65/65/65 81/81/81 83/83/83
f 66/66/66 84/84/84 82/82/82
f 65/65/65 83/83/83 85/85/85
f 66/66/66 86/86/86 84/84/84
f 65/65/65 85/85/85 87/87/87
f 66/66/66 88/88/88 86/86/86
f 65/65/65 87/87/87 89/89/89
f 66/66/66 90/90/90 88/88/88
f 65/65/65 89/89/89 91/91/91
f 66/66/66 92/92/92 90/90/90
f 65/65/65 91/91/91 93/93/93
f 66/66/66 94/94/94 92/92/92
f 65/65/65 93/93/93 95/95/95
f 66/66/66 96/96/96 94/94/94
f 65/65/65 95/95/95 97/97/97
f 66/66/66 98/98/98 96/96/96
f 65/65/65 97/97/97 99/99/99
f 66/66/66 100/100/100 98/98/98
f 65/65/65 99/99/99 101/101/101
f 66/66/66 102/102/102 100/100/100
f 65/65/65 101/101/101 103/103/103
f 66/66/66 104/104/104 102/102/102
f 65/65/65 103/103/103 105/105/105
f 66/66/66 106/106/106 104/104/104
f 65/65/65 105/105/105 107/107/107
f 66/66/66 108/108/108 106/106/106
f 65/65/65 107/107/107 109/109/109
f 66/66/66 110/110/110 108/108/108
f 65/65/65 109/109/109 111/111/111
f 66/66/66 112/112/112 110/110/110
f 65/65/65 111/111/111 113/113/113
f 66/66/66 114/114/114 112/112/112
f 65/65/65 113/113/113 115/115/115
f 66/66/66 116/116/116 114/114/114
f 65/65/65 115/115/115 117/117/117
f 66/66/66 118/118/118 116/116/116
f 65/65/65 117/117/117 119/119/119
f 66/66/66 120/120/120 118/118/118
f 65/65/65 119/119/119 121/121/121
f 66/66/66 122/122/122 120/120/120
f 65/65/65 121/121/121 123/123/123
f 66/66/66 124/124/124 122/122/122
f 65/65/65 123/123/123 125/125/125
f 66/66/66 126/126/126 124/124/124
f 65/65/65 125/125/125 127/127/127
f 66/66/66 128/128/128 126/126/126
f 65/65/65 127/127/127 129/129/129
f 66/66/66 130/130/130 128/128/128
f 65/65/65 129/129/129 67/67/67
f 66/66/66 68/68/68 130/130/130
f 131/131/131 147/147/147 148/148/148
f 131/131/131 148/148/148 132/132/132
f 132/132/132 148/148/148 149/149/149
f 132/132/132 149/149/149 133/133/133
f 133/133/133 149/149/149 150/150/150
f 133/133/133 150/150/150 134/134/134
f 134/134/134 150/150/150 151/151/151
f 134/134/134 151/151/151 135/135/135
f 135/135/135 151/151/151 152/152/152
f 135/135/135 152/152/152 136/136/136
f 136/136/136 152/152/152 153/153/153
f 136/136/136 153/153/153 137/137/137
f 137/137/137 153/153/153 154/154/154
f 137/137/137 154/154/154 138/138/138
f 138/138/138 154/154/154 155/155/155
f 138/138/138 155/155/155 139/139/139
f 139/139/139 155/155/155 156/156/156
f 139/139/139 156/156/156 140/140/140
f 140/140/140 156/156/156 157/157/157
f 140/140/140 157/157/157 141/141/141
f 141/141/141 157/157/157 158/158/158
f 141/141/141 158/158/158 142/142/142
f 142/142/142 158/158/158 159/159/159
f 142/142/142 159/159/159 143/143/143
f 143/143/143 159/159/159 160/160/160
f 143/143/143 160/160/160 144/144/144
f 144/144/144 160/160/160 161/161/161
f 144/144/144 161/161/161 145/145/145
f 145/145/145 161/161/161 162/162/162
f 145/145/145 162/162/162 146/146/146
f 146/146/146 162/162/162 147/147/147
f 146/146/146 147/147/147 131/131/131
f 147/147/147 163/163/163 164/164/164
f 147/147/147 164/164/164 148/148/148
f 148/148/148 164/164/164 165/165/165
f 148/148/148 165/165/165 149/149/149
f 149/149/149 165/165/165 166/166/166
f 149/149/149 166/166/166 150/150/150
f 150/150/150 166/166/166 167/167/167
f 150/150/150 167/167/167 151/151/151
f 151/151/151 167/167/167 168/168/168
f 151/151/151 168/168/168 152/152/152
f 152/152/152 168/168/168 169/169/169
f 152/152/152 169/169/169 153/153/153
f 153/153/153 169/169/169 170/170/170
f 153/153/153 170/170/170 154/154/154
f 154/154/154 170/170/170 171/171/171
f 154/154/154 171/171/171 155/155/155
f 155/155/155 171/171/171 172/172/172
f 155/155/155 172/172/172 156/156/156
f 156/156/156 172/172/172 173/173/173
f 156/156/156 173/173/173 157/157/157
f 157/157/157 173/173/173 174/174/174
f 157/157/157 174/174/174 158/158/158
f 158/158/158 174/174/174 175/175/175
f 158/158/158 175/175/175 159/159/159
f 159/159/159 175/175/175 176/176/176
f 159/159/159 176/176/176 160/160/160
f 160/160/160 176/176/176 177/177/177
f 160/160/160 177/177/177 161/161/161
f 161/161/161 177/177/177 178/178/178
f 161/161/161 178/178/178 162/162/162
f 162/162/162 178/178/178 163/163/163
f 162/162/162 163/163/163 147/147/147
f 163/163/163 179/179/179 180/180/180
f 163/163/163 180/180/180 164/164/164
f 164/164/164 180/180/180 181/181/181
f 164/164/164 181/181/181 165/165/165
f 165/165/165 181/181/181 182/182/182
f 165/165/165 182/182/182 166/166/166
f 166/166/166 182/182/182 183/183/183
f 166/166/166 183/183/183 167/167/167
f 167/167/167 183/183/183 184/184/184
f 167/167/167 184/184/184 168/168/168
f 168/168/168 184/184/184 185/185/185
f 168/168/168 185/185/185 169/169/169
f 169/169/169 185/185/185 186/186/186
f 169/169/169 186/186/186 170/170/170
f 170/170/170 186/186/186 187/187/187
f 170/170/170 187/187/187 171/171/171
f 171/171/171 187/187/187 188/188/188
f 171/171/171 188/188/188 172/172/172
f 172/172/172 188/188/188 189/189/189
f 172/172/172 189/189/189 173/173/173
f 173/173/173 189/189/189 190/190/190
f 173/173/173 190/190/190 174/174/174
f 174/174/174 190/190/190 191/191/191
f 174/174/174 191/191/191 175/175/175
f 175/175/175 191/191/191 192/192/192
f 175/175/175 192/192/192 176/176/176
f 176/176/176 192/192/192 193/193/193
f 176/176/176 193/193/193 177/177/177
f 177/177/177 193/193/193 194/194/194
f 177/177/177 194/194/194 178/178/178
f 178/178/178 194/194/194 179/179/179
f 178/178/178 179/179/179 163/163/163
f 179/179/179 195/195/195 196/196/196
f 179/179/179 196/196/196 180/180/180
f 180/180/180 196/196/196 197/197/197
f 180/180/180 197/197/197 181/181/181
f 181/181/181 197/197/197 198/198/198
f 181/181/181 198/198/198 182/182/182
f 182/182/182 198/198/198 199/199/199
f 182/182/182 199/199/199 183/183/183
f 183/183/183 199/199/199 200/200/200
f 183/183/183 200/200/200 184/184/184
f 184/184/184 200/200/200 201/201/201
f 184/184/184 201/201/201 185/185/185
f 185/185/185 201/201/201 202/202/202
f 185/185/185 202/202/202 186/186/186
f 186/186/186 202/202/202 203/203/203
f 186/186/186 203/203/203 187/187/187
f 187/187/187 203/203/203 204/204/204
f 187/187/187 204/204/204 188/188/188
f 188/188/188 204/204/204 205/205/205
f 188/188/188 205/205/205 189/189/189
f 189/189/189 205/205/205 206/206/206
f 189/189/189 206/206/206 190/190/190
f 190/190/190 206/206/206 207/207/207
f 190/190/190 207/207/207 191/191/191
f 191/191/191 207/207/207 208/208/208
f 191/191/191 208/208/208 192/192/192
f 192/192/192 208/208/208 209/209/209
f 192/192/192 209/209/209 193/193/193
f 193/193/193 209/209/209 210/210/210
f 193/193/193 210/210/210 194/194/194
f 194/194/194 210/210/210 195/195/195
f 194/194/194 195/195/195 179/179/179
f 195/195/195 211/211/211 212/212/212
f 195/195/195 212/212/212 196/196/196
f 196/196/196 212/212/212 213/213/213
f 196/196/196 213/213/213 197/197/197
f 197/197/197 213/213/213 214/214/214
f 197/197/197 214/214/214 198/198/198
f 198/198/198 214/214/214 215/215/215
f 198/198/198 215/215/215 199/199/199
f 199/199/199 215/215/215 216/216/216
f 199/199/199 216/216/216 200/200/200
f 200/200/200 216/216/216 217/217/217
f 200/200/200 217/217/217 201/201/201
f 201/201/201 217/217/217 218/218/218
f 201/201/201 218/218/218 202/202/202
f 202/202/202 218/218/218 219/219/219
f 202/202/202 219/219/219 203/203/203
f 203/203/203 219/219/219 220/220/220
f 203/203/203 220/220/220 204/204/204
f 204/204/204 220/220/220 221/221/221
f 204/204/204 221/221/221 205/205/205
f 205/205/205 221/221/221 222/222/222
f 205/205/205 222/222/222 206/206/206
f 206/206/206 222/222/222 223/223/223
f 206/206/206 223/223/223 207/207/207
f 207/207/207 223/223/223 224/224/224
f 207/207/207 224/224/224 208/208/208
f 208/208/208 224/224/224 225/225/225
f 208/208/208 225/225/225 209/209/209
f 209/209/209 225/225/225 226/226/226
f 209/209/209 226/226/226 210/210/210
f 210/210/210 226/226/226 211/211/211
f 210/210/210 211/211/211 195/195/195
f 211/211/211 227/227/227 228/228/228
f 211/211/211 228/228/228 212/212/212
f 212/212/212 228/228/228 229/229/229
f 212/212/212 229/229/229 213/213/213
f 213/213/213 229/229/229 230/230/230
f 213/213/213 230/230/230 214/214/214
f 214/214/214 230/230/230 231/231/231
f 214/214/214 231/231/231 215/215/215
f 215/215/215 231/231/231 232/232/232
f 215/215/215 232/232/232 216/216/216
f 216/216/216 232/232/232 233/233/233
f 216/216/216 233/233/233 217/217/217
f 217/217/217 233/233/233 234/234/234
f 217/217/217 234/234/234 218/218/218
f 218/218/218 234/234/234 235/235/235
f 218/218/218 235/235/235 219/219/219
f 219/219/219 235/235/235 236/236/236
f 219/219/219 236/236/236 220/220/220
f 220/220/220 236/236/236 237/237/237
f 220/220/220 237/237/237 221/221/221
f 221/221/221 237/237/237 238/238/238
f 221/221/221 238/238/238 222/222/222
f 222/222/222 238/238/238 239/239/239
f 222/222/222 239/239/239 223/223/223
f 223/223/223 239/239/239 240/240/240
f 223/223/223 240/240/240 224/224/224
f 224/224/224 240/240/240 241/241/241
f 224/224/224 241/241/241 225/225/225
f 225/225/225 241/241/241 242/242/242
f 225/225/225 242/242/242 226/226/226
f 226/226/226 242/242/242 227/227/227
f 226/226/226 227/227/227 211/211/211
f 227/227/227 243/243/243 244/244/244
f 227/227/227 244/244/244 228/228/228
f 228/228/228 244/244/244 245/245/245
f 228/228/228 245/245/245 229/229/229
f 229/229/229 245/245/245 246/246/246
f 229/229/229 246/246/246 230/230/230
f 230/230/230 246/246/246 247/247/247
f 230/230/230 247/247/247 231/231/231
f 231/231/231 247/247/247 248/248/248
f 231/231/231 248/248/248 232/232/232
f 232/232/232 248/248/248 249/249/249
f 232/232/232 249/249/249 233/233/233
f 233/233/233 249/249/249 250/250/250
f 233/233/233 250/250/250 234/234/234
f 234/234/234 250/250/250 251/251/251
f 234/234/234 251/251/251 235/235/235
f 235/235/235 251/251/251 252/252/252
f 235/235/235 252/252/252 236/236/236
f 236/236/236 252/252/252 253/253/253
f 236/236/236 253/253/253 237/237/237
f 237/237/237 253/253/253 254/254/254
f 237/237/237 254/254/254 238/238/238
f 238/238/238 254/254/254 255/255/255
f 238/238/238 255/255/255 239/239/239
f 239/239/239 255/255/255 256/256/256
f 239/239/239 256/256/256 240/240/240
f 240/240/240 256/256/256 257/257/257
f 240/240/240 257/257/257 241/241/241
f 241/241/241 257/257/257 258/258/258
f 241/241/241 258/258/258 242/242/242
f 242/242/242 258/258/258 243/243/243
f 242/242/242 243/243/243 227/227/227
f 243/243/243 259/259/259 260/260/260
f 243/243/243 260/260/260 244/244/244
f 244/244/244 260/260/260 261/261/261
f 244/244/244 261/261/261 245/245/245
f 245/245/245 261/261/261 262/262/262
f 245/245/245 262/262/262 246/246/246
f 246/246/246 262/262/262 263/263/263
f 246/246/246 263/263/263 247/247/247
f 247/247/247 263/263/263 264/264/264
f 247/247/247 264/264/264 248/248/248
f 248/248/248 264/264/264 265/265/265
f 248/248/248 265/265/265 249/249/249
f 249/249/249 265/265/265 266/266/266
f 249/249/249 266/266/266 250/250/250
f 250/250/250 266/266/266 267/267/267
f 250/250/250 267/267/267 251/251/251
f 251/251/251 267/267/267 268/268/268
f 251/251/251 268/268/268 252/252/252
f 252/252/252 268/268/268 269/269/269
f 252/252/252 269/269/269 253/253/253
f 253/253/253 269/269/269 270/270/270
f 253/253/253 270/270/270 254/254/254
f 254/254/254 270/270/270 271/271/271
f 254/254/254 271/271/271 255/255/255
f 255/255/255 271/271/271 272/272/272
f 255/255/255 272/272/272 256/256/256
f 256/256/256 272/272/272 273/273/273
f 256/256/256 273/273/273 257/257/257
f 257/257/257 273/273/273 274/274/274
f 257/257/257 274/274/274 258/258/258
f 258/258/258 274/274/274 259/259/259
f 258/258/258 259/259/259 243/243/243
f 259/259/259 275/275/275 276/276/276
f 259/259/259 276/276/276 260/260/260
f 260/260/260 276/276/276 277/277/277
f 260/260/260 277/277/277 261/261/261
f 261/261/261 277/277/277 278/278/278
f 261/261/261 278/278/278 262/262/262
f 262/262/262 278/278/278 279/279/279
f 262/262/262 279/279/279 263/263/263
f 263/263/263 279/279/279 280/280/280
f 263/263/263 280/280/280 264/264/264
f 264/264/264 280/280/280 281/281/281
f 264/264/264 281/281/281 265/265/265
f 265/265/265 281/281/281 282/282/282
f 265/265/265 282/282/282 266/266/266
f 266/266/266 282/282/282 283/283/283
f 266/266/266 283/283/283 267/267/267
f 267/267/267 283/283/283 284/284/284
f 267/267/267 284/284/284 268/268/268
f 268/268/268 284/284/284 285/285/285
f 268/268/268 285/285/285 269/269/269
f 269/269/269 285/285/285 286/286/286
f 269/269/269 286/286/286 270/270/270
f 270/270/270 286/286/286 287/287/287
f 270/270/270 287/287/287 271/271/271
f 271/271/271 287/287/287 288/288/288
f 271/271/271 288/288/288 272/272/272
f 272/272/272 288/288/288 289/289/289
f 272/272/272 289/289/289 273/273/273
f 273/273/273 289/289/289 290/290/290
f 273/273/273 290/290/290 274/274/274
f 274/274/274 290/290/290 275/275/275
f 274/274/274 275/275/275 259/259/259
f 275/275/275 291/291/291 292/292/292
f 275/275/275 292/292/292 276/276/276
f 276/276/276 292/292/292 293/293/293
f 276/276/276 293/293/293 277/277/277
f 277/277/277 293/293/293 294/294/294
f 277/277/277 294/294/294 278/278/278
f 278/278/278 294/294/294 295/295/295
f 278/278/278 295/295/295 279/279/279
f 279/279/279 295/295/295 296/296/296
f 279/279/279 296/296/296 280/280/280
f 280/280/280 296/296/296 297/297/297
f 280/280/280 297/297/297 281/281/281
f 281/281/281 297/297/297 298/298/298
f 281/281/281 298/298/298 282/282/282
f 282/282/282 298/298/298 299/299/299
f 282/282/282 299/299/299 283/283/283
f 283/283/283 299/299/299 300/300/300
f 283/283/283 300/300/300 284/284/284
f 284/284/284 300/300/300 301/301/301
f 284/284/284 301/301/301 285/285/285
f 285/285/285 301/301/301 302/302/302
f 285/285/285 302/302/302 286/286/286
f 286/286/286 302/302/302 303/303/303
f 286/286/286 303/303/303 287/287/287
f 287/287/287 303/303/303 304/304/304
f 287/287/287 304/304/304 288/288/288
f 288/288/288 304/304/304 305/305/305
f 288/288/288 305/305/305 289/289/289
f 289/289/289 305/305/305 306/306/306
f 289/289/289 306/306/306 290/290/290
f 290/290/290 306/306/306 291/291/291
f 290/290/290 291/291/291 275/275/275
f 291/291/291 307/307/307 308/308/308
f 291/291/291 308/308/308 292/292/292
f 292/292/292 308/308/308 309/309/309
f 292/292/292 309/309/309 293/293/293
f 293/293/293 309/309/309 310/310/310
f 293/293/293 310/310/310 294/294/294
f 294/294/294 310/310/310 311/311/311
f 294/294/294 311/311/311 295/295/295
f 295/295/295 311/311/311 312/312/312
f 295/295/295 312/312/312 296/296/296
f 296/296/296 312/312/312 313/313/313
f 296/296/296 313/313/313 297/297/297
f 297/297/297 313/313/313 314/314/314
f 297/297/297 314/314/314 298/298/298
f 298/298/298 314/314/314 315/315/315
f 298/298/298 315/315/315 299/299/299
f 299/299/299 315/315/315 316/316/316
f 299/299/299 316/316/316 300/300/300
f 300/300/300 316/316/316 317/317/317
f 300/300/300 317/317/317 301/301/301
f 301/301/301 317/317/317 318/318/318
f 301/301/301 318/318/318 302/302/302
f 302/302/302 318/318/318 319/319/319
f 302/302/302 319/319/319 303/303/303
f 303/303/303 319/319/319 320/320/320
f 303/303/303 320/320/320 304/304/304
f 304/304/304 320/320/320 321/321/321
f 304/304/304 321/321/321 305/305/305
f 305/305/305 321/321/321 322/322/322
f 305/305/305 322/322/322 306/306/306
f 306/306/306 322/322/322 307/307/307
f 306/306/306 307/307/307 291/291/291
f 307/307/307 323/323/323 324/324/324
f 307/307/307 324/324/324 308/308/308
f 308/308/308 324/324/324 325/325/325
f 308/308/308 325/325/325 309/309/309
f 309/309/309 325/325/325 326/326/326
f 309/309/309 326/326/326 310/310/310
f 310/310/310 326/326/326 327/327/327
f 310/310/310 327/327/327 311/311/311
f 311/311/311 327/327/327 328/328/328
f 311/311/311 328/328/328 312/312/312
f 312/312/312 328/328/328 329/329/329
f 312/312/312 329/329/329 313/313/313
f 313/313/313 329/329/329 330/330/330
f 313/313/313 330/330/330 314/314/314
f 314/314/314 330/330/330 331/331/331
f 314/314/314 331/331/331 315/315/315
f 315/315/315 331/331/331 332/332/332
f 315/315/315 332/332/332 316/316/316
f 316/316/316 332/332/332 333/333/333
f 316/316/316 333/333/333 317/317/317
f 317/317/317 333/333/333 334/334/334
f 317/317/317 334/334/334 318/318/318
f 318/318/318 334/334/334 335/335/335
f 318/318/318 335/335/335 319/319/319
f 319/319/319 335/335/335 336/336/336
f 319/319/319 336/336/336 320/320/320
f 320/320/320 336/336/336 337/337/337
f 320/320/320 337/337/337 321/321/321
f 321/321/321 337/337/337 338/338/338
f 321/321/321 338/338/338 322/322/322
f 322/322/322 338/338/338 323/323/323
f 322/322/322 323/323/323 307/307/307
f 323/323/323 339/339/339 340/340/340
f 323/323/323 340/340/340 324/324/324
f 324/324/324 340/340/340 341/341/341
f 324/324/324 341/341/341 325/325/325
f 325/325/325 341/341/341 342/342/342
f 325/325/325 342/342/342 326/326/326
f 326/326/326 342/342/342 343/343/343
f 326/326/326 343/343/343 327/327/327
f 327/327/327 343/343/343 344/344/344
f 327/327/327 344/344/344 328/328/328
f 328/328/328 344/344/344 345/345/345
f 328/328/328 345/345/345 329/329/329
f 329/329/329 345/345/345 346/346/346
f 329/329/329 346/346/346 330/330/330
f 330/330/330 346/346/346 347/347/347
f 330/330/330 347/347/347 331/331/331
f 331/331/331 347/347/347 348/348/348
f 331/331/331 348/348/348 332/332/332
f 332/332/332 348/348/348 349/349/349
f 332/332/332 349/349/349 333/333/333
f 333/333/333 349/349/349 350/350/350
f 333/333/333 350/350/350 334/334/334
f 334/334/334 350/350/350 351/351/351
f 334/334/334 351/351/351 335/335/335
f 335/335/335 351/351/351 352/352/352
f 335/335/335 352/352/352 336/336/336
f 336/336/336 352/352/352 353/353/353
f 336/336/336 353/353/353 337/337/337
f 337/337/337 353/353/353 354/354/354
f 337/337/337 354/354/354 338/338/338
f 338/338/338 354/354/354 339/339/339
f 338/338/338 339/339/339 323/323/323
f 339/339/339 355/355/355 356/356/356
f 339/339/339 356/356/356 340/340/340
f 340/340/340 356/356/356 357/357/357
f 340/340/340 357/357/357 341/341/341
f 341/341/341 357/357/357 358/358/358
f 341/341/341 358/358/358 342/342/342
f 342/342/342 358/358/358 359/359/359
f 342/342/342 359/359/359 343/343/343
f 343/343/343 359/359/359 360/360/360
f 343/343/343 360/360/360 344/344/344
f 344/344/344 360/360/360 361/361/361
f 344/344/344 361/361/361 345/345/345
f 345/345/345 361/361/361 362/362/362
f 345/345/345 362/362/362 346/346/346
f 346/346/346 362/362/362 363/363/363
f 346/346/346 363/363/363 347/347/347
f 347/347/347 363/363/363 364/364/364
f 347/347/347 364/364/364 348/348/348
f 348/348/348 364/364/364 365/365/365
f 348/348/348 365/365/365 349/349/349
f 349/349/349 365/365/365 366/366/366
f 349/349/349 366/366/366 350/350/350
f 350/350/350 366/366/366 367/367/367
f 350/350/350 367/367/367 351/351/351
f 351/351/351 367/367/367 368/368/368
f 351/351/351 368/368/368 352/352/352
f 352/352/352 368/368/368 369/369/369
f 352/352/352 369/369/369 353/353/353
f 353/353/353 369/369/369 370/370/370
f 353/353/353 370/370/370 354/354/354
f 354/354/354 370/370/370 355/355/355
f 354/354/354 355/355/355 339/339/339
f 355/355/355 371/371/371 372/372/372
f 355/355/355 372/372/372 356/356/356
f 356/356/356 372/372/372 373/373/373
f 356/356/356 373/373/373 357/357/357
f 357/357/357 373/373/373 374/374/374
f 357/357/357 374/374/374 358/358/358
f 358/358/358 374/374/374 375/375/375
f 358/358/358 375/375/375 359/359/359
f 359/359/359 375/375/375 376/376/376
f 359/359/359 376/376/376 360/360/360
f 360/360/360 376/376/376 377/377/377
f 360/360/360 377/377/377 361/361/361
f 361/361/361 377/377/377 378/378/378
f 361/361/361 378/378/378 362/362/362
f 362/362/362 378/378/378 379/379/379
f 362/362/362 379/379/379 363/363/363
f 363/363/363 379/379/379 380/380/380
f 363/363/363 380/380/380 364/364/364
f 364/364/364 380/380/380 381/381/381
f 364/364/364 381/381/381 365/365/365
f 365/365/365 381/381/381 382/382/382
f 365/365/365 382/382/382 366/366/366
f 366/366/366 382/382/382 383/383/383
f 366/366/366 383/383/383 367/367/367
f 367/367/367 383/383/383 384/384/384
f 367/367/367 384/384/384 368/368/368
f 368/368/368 384/384/384 385/385/385
f 368/368/368 385/385/385 369/369/369
f 369/369/369 385/385/385 386/386/386
f 369/369/369 386/386/386 370/370/370
f 370/370/370 386/386/386 371/371/371
f 370/370/370 371/371/371 355/355/355
f 371/371/371 387/387/387 388/388/388
f 371/371/371 388/388/388 372/372/372
f 372/372/372 388/388/388 389/389/389
f 372/372/372 389/389/389 373/373/373
f 373/373/373 389/389/389 390/390/390
f 373/373/373 390/390/390 374/374/374
f 374/374/374 390/390/390 391/391/391
f 374/374/374 391/391/391 375/375/375
f 375/375/375 391/391/391 392/392/392
f 375/375/375 392/392/392 376/376/376
f 376/376/376 392/392/392 393/393/393
f 376/376/376 393/393/393 377/377/377
f 377/377/377 393/393/393 394/394/394
f 377/377/377 394/394/394 378/378/378
f 378/378/378 394/394/394 395/395/395
f 378/378/378 395/395/395 379/379/379
f 379/379/379 395/395/395 396/396/396
f 379/379/379 396/396/396 380/380/380
f 380/380/380 396/396/396 397/397/397
f 380/380/380 397/397/397 381/381/381
f 381/381/381 397/397/397 398/398/398
f 381/381/381 398/398/398 382/382/382
f 382/382/382 398/398/398 399/399/399
f 382/382/382 399/399/399 383/383/383
f 383/383/383 399/399/399 400/400/400
f 383/383/383 400/400/400 384/384/384
f 384/384/384 400/400/400 401/401/401
f 384/384/384 401/401/401 385/385/385
f 385/385/385 401/401/401 402/402/402
f 385/385/385 402/402/402 386/386/386
f 386/386/386 402/402/402 387/387/387
f 386/386/386 387/387/387 371/371/371
f 387/387/387 403/403/403 404/404/404
f 387/387/387 404/404/404 388/388/388
f 388/388/388 404/404/404 405/405/405
f 388/388/388 405/405/405 389/389/389
f 389/389/389 405/405/405 406/406/406
f 389/389/389 406/406/406 390/390/390
f 390/390/390 406/406/406 407/407/407
f 390/390/390 407/407/407 391/391/391
f 391/391/391 407/407/407 408/408/408
f 391/391/391 408/408/408 392/392/392
f 392/392/392 408/408/408 409/409/409
f 392/392/392 409/409/409 393/393/393
f 393/393/393 409/409/409 410/410/410
f 393/393/393 410/410/410 394/394/394
f 394/394/394 410/410/410 411/411/411
f 394/394/394 411/411/411 395/395/395
f 395/395/395 411/411/411 412/412/412
f 395/395/395 412/412/412 396/396/396
f 396/396/396 412/412/412 413/413/413
f 396/396/396 413/413/413 397/397/397
f 397/397/397 413/413/413 414/414/414
f 397/397/397 414/414/414 398/398/398
f 398/398/398 414/414/414 415/415/415
f 398/398/398 415/415/415 399/399/399
f 399/399/399 415/415/415 416/416/416
f 399/399/399 416/416/416 400/400/400
f 400/400/400 416/416/416 417/417/417
f 400/400/400 417/417/417 401/401/401
f 401/401/401 417/417/417 418/418/418
f 401/401/401 418/418/418 402/402/402
f 402/402/402 418/418/418 403/403/403
f 402/402/402 403/403/403 387/387/387
f 403/403/403 419/419/419 420/420/420
f 403/403/403 420/420/420 404/404/404
f 404/404/404 420/420/420 421/421/421
f 404/404/404 421/421/421 405/405/405
f 405/405/405 421/421/421 422/422/422
f 405/405/405 422/422/422 406/406/406
f 406/406/406 422/422/422 423/423/423
f 406/406/406 423/423/423 407/407/407
f 407/407/407 423/423/423 424/424/424
f 407/407/407 424/424/424 408/408/408
f 408/408/408 424/424/424 425/425/425
f 408/408/408 425/425/425 409/409/409
f 409/409/409 425/425/425 426/426/426
f 409/409/409 426/426/426 410/410/410
f 410/410/410 426/426/426 427/427/427
f 410/410/410 427/427/427 411/411/411
f 411/411/411 427/427/427 428/428/428
f 411/411/411 428/428/428 412/412/412
f 412/412/412 428/428/428 429/429/429
f 412/412/412 429/429/429 413/413/413
f 413/413/413 429/429/429 430/430/430
f 413/413/413 430/430/430 414/414/414
f 414/414/414 430/430/430 431/431/431
f 414/414/414 431/431/431 415/415/415
f 415/415/415 431/431/431 432/432/432
f 415/415/415 432/432/432 416/416/416
f 416/416/416 432/432/432 433/433/433
f 416/416/416 433/433/433 417/417/417
f 417/417/417 433/433/433 434/434/434
f 417/417/417 434/434/434 418/418/418
f 418/418/418 434/434/434 419/419/419
f 418/418/418 419/419/419 403/403/403
f 419/419/419 435/435/435 436/436/436
f 419/419/419 436/436/436 420/420/420
f 420/420/420 436/436/436 437/437/437
f 420/420/420 437/437/437 421/421/421
f 421/421/421 437/437/437 438/438/438
f 421/421/421 438/438/438 422/422/422
f 422/422/422 438/438/438 439/439/439
f 422/422/422 439/439/439 423/423/423
f 423/423/423 439/439/439 440/440/440
f 423/423/423 440/440/440 424/424/424
f 424/424/424 440/440/440 441/441/441
f 424/424/424 441/441/441 425/425/425
f 425/425/425 441/441/441 442/442/442
f 425/425/425 442/442/442 426/426/426
f 426/426/426 442/442/442 443/443/443
f 426/426/426 443/443/443 427/427/427
f 427/427/427 443/443/443 444/444/444
f 427/427/427 444/444/444 428/428/428
f 428/428/428 444/444/444 445/445/445
f 428/428/428 445/445/445 429/429/429
f 429/429/429 445/445/445 446/446/446
f 429/429/429 446/446/446 430/430/430
f 430/430/430 446/446/446 447/447/447
f 430/430/430 447/447/447 431/431/431
f 431/431/431 447/447/447 448/448/448
f 431/431/431 448/448/448 432/432/432
f 432/432/432 448/448/448 449/449/449
f 432/432/432 449/449/449 433/433/433
f 433/433/433 449/449/449 450/450/450
f 433/433/433 450/450/450 434/434/434
f 434/434/434 450/450/450 435/435/435
f 434/434/434 435/435/435 419/419/419
f 435/435/435 451/451/451 452/452/452
f 435/435/435 452/452/452 436/436/436
f 436/436/436 452/452/452 453/453/453
f 436/436/436 453/453/453 437/437/437
f 437/437/437 453/453/453 454/454/454
f 437/437/437 454/454/454 438/438/438
f 438/438/438 454/454/454 455/455/455
f 438/438/438 455/455/455 439/439/439
f 439/439/439 455/455/455 456/456/456
f 439/439/439 456/456/456 440/440/440
f 440/440/440 456/456/456 457/457/457
f 440/440/440 457/457/457 441/441/441
f 441/441/441 457/457/457 458/458/458
f 441/441/441 458/458/458 442/442/442
f 442/442/442 458/458/458 459/459/459
f 442/442/442 459/459/459 443/443/443
f 443/443/443 459/459/459 460/460/460
f 443/443/443 460/460/460 444/444/444
f 444/444/444 460/460/460 461/461/461
f 444/444/444 461/461/461 445/445/445
f 445/445/445 461/461/461 462/462/462
f 445/445/445 462/462/462 446/446/446
f 446/446/446 462/462/462 463/463/463
f 446/446/446 463/463/463 447/447/447
f 447/447/447 463/463/463 464/464/464
f 447/447/447 464/464/464 448/448/448
f 448/448/448 464/464/464 465/465/465
f 448/448/448 465/465/465 449/449/449
f 449/449/449 465/465/465 466/466/466
f 449/449/449 466/466/466 450/450/450
f 450/450/450 466/466/466 451/451/451
f 450/450/450 451/451/451 435/435/435
f 451/451/451 467/467/467 468/468/468
f 451/451/451 468/468/468 452/452/452
f 452/452/452 468/468/468 469/469/469
f 452/452/452 469/469/469 453/453/453
f 453/453/453 469/469/469 470/470/470
f 453/453/453 470/470/470 454/454/454
f 454/454/454 470/470/470 471/471/471
f 454/454/454 471/471/471 455/455/455
f 455/455/455 471/471/471 472/472/472
f 455/455/455 472/472/472 456/456/456
f 456/456/456 472/472/472 473/473/473
f 456/456/456 473/473/473 457/457/457
f 457/457/457 473/473/473 474/474/474
f 457/457/457 474/474/474 458/458/458
f 458/458/458 474/474/474 475/475/475
f 458/458/458 475/475/475 459/459/459
f 459/459/459 475/475/475 476/476/476
f 459/459/459 476/476/476 460/460/460
f 460/460/460 476/476/476 477/477/477
f 460/460/460 477/477/477 461/461/461
f 461/461/461 477/477/477 478/478/478
f 461/461/461 478/478/478 462/462/462
f 462/462/462 478/478/478 479/479/479
f 462/462/462 479/479/479 463/463/463
f 463/463/463 479/479/479 480/480/480
f 463/463/463 480/480/480 464/464/464
f 464/464/464 480/480/480 481/481/481
f 464/464/464 481/481/481 465/465/465
f 465/465/465 481/481/481 482/482/482
f 465/465/465 482/482/482 466/466/466
f 466/466/466 482/482/482 467/467/467
f 466/466/466 467/467/467 451/451/451
f 467/467/467 483/483/483 484/484/484
f 467/467/467 484/484/484 468/468/468
f 468/468/468 484/484/484 485/485/485
f 468/468/468 485/485/485 469/469/469
f 469/469/469 485/485/485 486/486/486
f 469/469/469 486/486/486 470/470/470
f 470/470/470 486/486/486 487/487/487
f 470/470/470 487/487/487 471/471/471
f 471/471/471 487/487/487 488/488/488
f 471/471/471 488/488/488 472/472/472
f 472/472/472 488/488/488 489/489/489
f 472/472/472 489/489/489 473/473/473
f 473/473/473 489/489/489 490/490/490
f 473/473/473 490/490/490 474/474/474
f 474/474/474 490/490/490 491/491/491
f 474/474/474 491/491/491 475/475/475
f 475/475/475 491/491/491 492/492/492
f 475/475/475 492/492/492 476/476/476
f 476/476/476 492/492/492 493/493/493
f 476/476/476 493/493/493 477/477/477
f 477/477/477 493/493/493 494/494/494
f 477/477/477 494/494/494 478/478/478
f 478/478/478 494/494/494 495/495/495
f 478/478/478 495/495/495 479/479/479
f 479/479/479 495/495/495 496/496/496
f 479/479/479 496/496/496 480/480/480
f 480/480/480 496/496/496 497/497/497
f 480/480/480 497/497/497 481/481/481
f 481/481/481 497/497/497 498/498/498
f 481/481/481 498/498/498 482/482/482
f 482/482/482 498/498/498 483/483/483
f 482/482/482 483/483/483 467/467/467
f 483/483/483 499/499/499 500/500/500
f 483/483/483 500/500/500 484/484/484
f 484/484/484 500/500/500 501/501/501
f 484/484/484 501/501/501 485/485/485
f 485/485/485 501/501/501 502/502/502
f 485/485/485 502/502/502 486/486/486
f 486/486/486 502/502/502 503/503/503
f 486/486/486 503/503/503 487/487/487
f 487/487/487 503/503/503 504/504/504
f 487/487/487 504/504/504 488/488/488
f 488/488/488 504/504/504 505/505/505
f 488/488/488 505/505/505 489/489/489
f 489/489/489 505/505/505 506/506/506
f 489/489/489 506/506/506 490/490/490
f 490/490/490 506/506/506 507/507/507
f 490/490/490 507/507/507 491/491/491
f 491/491/491 507/507/507 508/508/508
f 491/491/491 508/508/508 492/492/492
f 492/492/492 508/508/508 509/509/509
f 492/492/492 509/509/509 493/493/493
f 493/493/493 509/509/509 510/510/510
f 493/493/493 510/510/510 494/494/494
f 494/494/494 510/510/510 511/511/511
f 494/494/494 511/511/511 495/495/495
f 495/495/495 511/511/511 512/512/512
f 495/495/495 512/512/512 496/496/496
f 496/496/496 512/512/512 513/513/513
f 496/496/496 513/513/513 497/497/497
f 497/497/497 513/513/513 514/514/514
f 497/497/497 514/514/514 498/498/498
f 498/498/498 514/514/514 499/499/499
f 498/498/498 499/499/499 483/483/483
f 499/499/499 515/515/515 516/516/516
f 499/499/499 516/516/516 500/500/500
f 500/500/500 516/516/516 517/517/517
f 500/500/500 517/517/517 501/501/501
f 501/501/501 517/517/517 518/518/518
f 501/501/501 518/518/518 502/502/502
f 502/502/502 518/518/518 519/519/519
f 502/502/502 519/519/519 503/503/503
f 503/503/503 519/519/519 520/520/520
f 503/503/503 520/520/520 504/504/504
f 504/504/504 520/520/520 521/521/521
f 504/504/504 521/521/521 505/505/505
f 505/505/505 521/521/521 522/522/522
f 505/505/505 522/522/522 506/506/506
f 506/506/506 522/522/522 523/523/523
f 506/506/506 523/523/523 507/507/507
f 507/507/507 523/523/523 524/524/524
f 507/507/507 524/524/524 508/508/508
f 508/508/508 524/524/524 525/525/525
f 508/508/508 525/525/525 509/509/509
f 509/509/509 525/525/525 526/526/526
f 509/509/509 526/526/526 510/510/510
f 510/510/510 526/526/526 527/527/527
f 510/510/510 527/527/527 511/511/511
f 511/511/511 527/527/527 528/528/528
f 511/511/511 528/528/528 512/512/512
f 512/512/512 528/528/528 529/529/529
f 512/512/512 529/529/529 513/513/513
f 513/513/513 529/529/529 530/530/530
f 513/513/513 530/530/530 514/514/514
f 514/514/514 530/530/530 515/515/515
f 514/514/514 515/515/515 499/499/499
f 515/515/515 531/531/531 532/532/532
f 515/515/515 532/532/532 516/516/516
f 516/516/516 532/532/532 533/533/533
f 516/516/516 533/533/533 517/517/517
f 517/517/517 533/533/533 534/534/534
f 517/517/517 534/534/534 518/518/518
f 518/518/518 534/534/534 535/535/535
f 518/518/518 535/535/535 519/519/519
f 519/519/519 535/535/535 536/536/536
f 519/519/519 536/536/536 520/520/520
f 520/520/520 536/536/536 537/537/537
f 520/520/520 537/537/537 521/521/521
f 521/521/521 537/537/537 538/538/538
f 521/521/521 538/538/538 522/522/522
f 522/522/522 538/538/538 539/539/539
f 522/522/522 539/539/539 523/523/523
f 523/523/523 539/539/539 540/540/540
f 523/523/523 540/540/540 524/524/524
f 524/524/524 540/540/540 541/541/541
f 524/524/524 541/541/541 525/525/525
f 525/525/525 541/541/541 542/542/542
f 525/525/525 542/542/542 526/526/526
f 526/526/526 542/542/542 543/543/543
f 526/526/526 543/543/543 527/527/527
f 527/527/527 543/543/543 544/544/544
f 527/527/527 544/544/544 528/528/528
f 528/528/528 544/544/544 545/545/545
f 528/528/528 545/545/545 529/529/529
f 529/529/529 545/545/545 546/546/546
f 529/529/529 546/546/546 530/530/530
f 530/530/530 546/546/546 531/531/531
f 530/530/530 531/531/531 515/515/515
f 531/531/531 547/547/547 548/548/548
f 531/531/531 548/548/548 532/532/532
f 532/532/532 548/548/548 549/549/549
f 532/532/532 549/549/549 533/533/533
f 533/533/533 549/549/549 550/550/550
f 533/533/533 550/550/550 534/534/534
f 534/534/534 550/550/550 551/551/551
f 534/534/534 551/551/551 535/535/535
f 535/535/535 551/551/551 552/552/552
f 535/535/535 552/552/552 536/536/536
f 536/536/536 552/552/552 553/553/553
f 536/536/536 553/553/553 537/537/537
f 537/537/537 553/553/553 554/554/554
f 537/537/537 554/554/554 538/538/538
f 538/538/538 554/554/554 555/555/555
f 538/538/538 555/555/555 539/539/539
f 539/539/539 555/555/555 556/556/556
f 539/539/539 556/556/556 540/540/540
f 540/540/540 556/556/556 557/557/557
f 540/540/540 557/557/557 541/541/541
f 541/541/541 557/557/557 558/558/558
f 541/541/541 558/558/558 542/542/542
f 542/542/542 558/558/558 559/559/559
f 542/542/542 559/559/559 543/543/543
f 543/543/543 559/559/559 560/560/560
f 543/543/543 560/560/560 544/544/544
f 544/544/544 560/560/560 561/561/561
f 544/544/544 561/561/561 545/545/545
f 545/545/545 561/561/561 562/562/562
f 545/545/545 562/562/562 546/546/546
f 546/546/546 562/562/562 547/547/547
f 546/546/546 547/547/547 531/531/531
f 547/547/547 563/563/563 564/564/564
f 547/547/547 564/564/564 548/548/548
f 548/548/548 564/564/564 565/565/565
f 548/548/548 565/565/565 549/549/549
f 549/549/549 565/565/565 566/566/566
f 549/549/549 566/566/566 550/550/550
f 550/550/550 566/566/566 567/567/567
f 550/550/550 567/567/567 551/551/551
f 551/551/551 567/567/567 568/568/568
f 551/551/551 568/568/568 552/552/552
f 552/552/552 568/568/568 569/569/569
f 552/552/552 569/569/569 553/553/553
f 553/553/553 569/569/569 570/570/570
f 553/553/553 570/570/570 554/554/554
f 554/554/554 570/570/570 571/571/571
f 554/554/554 571/571/571 555/555/555
f 555/555/555 571/571/571 572/572/572
f 555/555/555 572/572/572 556/556/556
f 556/556/556 572/572/572 573/573/573
f 556/556/556 573/573/573 557/557/557
f 557/557/557 573/573/573 574/574/574
f 557/557/557 574/574/574 558/558/558
f 558/558/558 574/574/574 575/575/575
f 558/558/558 575/575/575 559/559/559
f 559/559/559 575/575/575 576/576/576
f 559/559/559 576/576/576 560/560/560
f 560/560/560 576/576/576 577/577/577
f 560/560/560 577/577/577 561/561/561
f 561/561/561 577/577/577 578/578/578
f 561/561/561 578/578/578 562/562/562
f 562/562/562 578/578/578 563/563/563
f 562/562/562 563/563/563 547/547/547
f 563/563/563 579/579/579 580/580/580
f 563/563/563 580/580/580 564/564/564
f 564/564/564 580/580/580 581/581/581
f 564/564/564 581/581/581 565/565/565
f 565/565/565 581/581/581 582/582/582
f 565/565/565 582/582/582 566/566/566
f 566/566/566 582/582/582 583/583/583
f 566/566/566 583/583/583 567/567/567
f 567/567/567 583/583/583 584/584/584
f 567/567/567 584/584/584 568/568/568
f 568/568/568 584/584/584 585/585/585
f 568/568/568 585/585/585 569/569/569
f 569/569/569 585/585/585 586/586/586
f 569/569/569 586/586/586 570/570/570
f 570/570/570 586/586/586 587/587/587
f 570/570/570 587/587/587 571/571/571
f 571/571/571 587/587/587 588/588/588
f 571/571/571 588/588/588 572/572/572
f 572/572/572 588/588/588 589/589/589
f 572/572/572 589/589/589 573/573/573
f 573/573/573 589/589/589 590/590/590
f 573/573/573 590/590/590 574/574/574
f 574/574/574 590/590/590 591/591/591
f 574/574/574 591/591/591 575/575/575
f 575/575/575 591/591/591 592/592/592
f 575/575/575 592/592/592 576/576/576
f 576/576/576 592/592/592 593/593/593
f 576/576/576 593/593/593 577/577/577
f 577/577/577 593/593/593 594/594/594
f 577/577/577 594/594/594 578/578/578
f 578/578/578 594/594/594 579/579/579
f 578/578/578 579/579/579 563/563/563
f 579/579/579 595/595/595 596/596/596
f 579/579/579 596/596/596 580/580/580
f 580/580/580 596/596/596 597/597/597
f 580/580/580 597/597/597 581/581/581
f 581/581/581 597/597/597 598/598/598
f 581/581/581 598/598/598 582/582/582
f 582/582/582 598/598/598 599/599/599
f 582/582/582 599/599/599 583/583/583
f 583/583/583 599/599/599 600/600/600
f 583/583/583 600/600/600 584/584/584
f 584/584/584 600/600/600 601/601/601
f 584/584/584 601/601/601 585/585/585
f 585/585/585 601/601/601 602/602/602
f 585/585/585 602/602/602 586/586/586
f 586/586/586 602/602/602 603/603/603
f 586/586/586 603/603/603 587/587/587
f 587/587/587 603/603/603 604/604/604
f 587/587/587 604/604/604 588/588/588
f 588/588/588 604/604/604 605/605/605
f 588/588/588 605/605/605 589/589/589
f 589/589/589 605/605/605 606/606/606
f 589/589/589 606/606/606 590/590/590
f 590/590/590 606/606/606 607/607/607
f 590/590/590 607/607/607 591/591/591
f 591/591/591 607/607/607 608/608/608
f 591/591/591 608/608/608 592/592/592
f 592/592/592 608/608/608 609/609/609
f 592/592/592 609/609/609 593/593/593
f 593/593/593 609/609/609 610/610/610
f 593/593/593 610/610/610 594/594/594
f 594/594/594 610/610/610 595/595/595
f 594/594/594 595/595/595 579/579/579
f 595/595/595 611/611/611 612/612/612
f 595/595/595 612/612/612 596/596/596
f 596/596/596 612/612/612 613/613/613
f 596/596/596 613/613/613 597/597/597
f 597/597/597 613/613/613 614/614/614
f 597/597/597 614/614/614 598/598/598
f 598/598/598 614/614/614 615/615/615
f 598/598/598 615/615/615 599/599/599
f 599/599/599 615/615/615 616/616/616
f 599/599/599 616/616/616 600/600/600
f 600/600/600 616/616/616 617/617/617
f 600/600/600 617/617/617 601/601/601
f 601/601/601 617/617/617 618/618/618
f 601/601/601 618/618/618 602/602/602
f 602/602/602 618/618/618 619/619/619
f 602/602/602 619/619/619 603/603/603
f 603/603/603 619/619/619 620/620/620
f 603/603/603 620/620/620 604/604/604
f 604/604/604 620/620/620 621/621/621
f 604/604/604 621/621/621 605/605/605
f 605/605/605 621/621/621 622/622/622
f 605/605/605 622/622/622 606/606/606
f 606/606/606 622/622/622 623/623/623
f 606/606/606 623/623/623 607/607/607
f 607/607/607 623/623/623 624/624/624
f 607/607/607 624/624/624 608/608/608
f 608/608/608 624/624/624 625/625/625
f 608/608/608 625/625/625 609/609/609
f 609/609/609 625/625/625 626/626/626
f 609/609/609 626/626/626 610/610/610
f 610/610/610 626/626/626 611/611/611
f 610/610/610 611/611/611 595/595/595
f 611/611/611 627/627/627 628/628/628
f 611/611/611 628/628/628 612/612/612
f 612/612/612 628/628/628 629/629/629
f 612/612/612 629/629/629 613/613/613
f 613/613/613 629/629/629 630/630/630
f 613/613/613 630/630/630 614/614/614
f 614/614/614 630/630/630 631/631/631
f 614/614/614 631/631/631 615/615/615
f 615/615/615 631/631/631 632/632/632
f 615/615/615 632/632/632 616/616/616
f 616/616/616 632/632/632 633/633/633
f 616/616/616 633/633/633 617/617/617
f 617/617/617 633/633/633 634/634/634
f 617/617/617 634/634/634 618/618/618
f 618/618/618 634/634/634 635/635/635
f 618/618/618 635/635/635 619/619/619
f 619/619/619 635/635/635 636/636/636
f 619/619/619 636/636/636 620/620/620
f 620/620/620 636/636/636 637/637/637
f 620/620/620 637/637/637 621/621/621
f 621/621/621 637/637/637 638/638/638
f 621/621/621 638/638/638 622/622/622
f 622/622/622 638/638/638 639/639/639
f 622/622/622 639/639/639 623/623/623
f 623/623/623 639/639/639 640/640/640
f 623/623/623 640/640/640 624/624/624
f 624/624/624 640/640/640 641/641/641
f 624/624/624 641/641/641 625/625/625
f 625/625/625 641/641/641 642/642/642
f 625/625/625 642/642/642 626/626/626
f 626/626/626 642/642/642 627/627/627
f 626/626/626 627/627/627 611/611/611
f 627/627/627 131/131/131 132/132/132
f 627/627/627 132/132/132 628/628/628
f 628/628/628 132/132/132 133/133/133
f 628/628/628 133/133/133 629/629/629
f 629/629/629 133/133/133 134/134/134
f 629/629/629 134/134/134 630/630/630
f 630/630/630 134/134/134 135/135/135
f 630/630/630 135/135/135 631/631/631
f 631/631/631 135/135/135 136/136/136
f 631/631/631 136/136/136 632/632/632
f 632/632/632 136/136/136 137/137/137
f 632/632/632 137/137/137 633/633/633
f 633/633/633 137/137/137 138/138/138
f 633/633/633 138/138/138 634/634/634
f 634/634/634 138/138/138 139/139/139
f 634/634/634 139/139/139 635/635/635
f 635/635/635 139/139/139 140/140/140
f 635/635/635 140/140/140 636/636/636
f 636/636/636 140/140/140 141/141/141
f 636/636/636 141/141/141 637/637/637
f 637/637/637 141/141/141 142/142/142
f 637/637/637 142/142/142 638/638/638
f 638/638/638 142/142/142 143/143/143
f 638/638/638 143/143/143 639/639/639
f 639/639/639 143/143/143 144/144/144
f 639/639/639 144/144/144 640/640/640
f 640/640/640 144/144/144 145/145/145
f 640/640/640 145/145/145 641/641/641
f 641/641/641 145/145/145 146/146/146
f 641/641/641 146/146/146 642/642/642
f 642/642/642 146/146/146 131/131/131
f 642/642/642 131/131/131 627/627/627
f 643/643/643 659/659/659 660/660/660
f 643/643/643 660/660/660 644/644/644
f 644/644/644 660/660/660 661/661/661
f 644/644/644 661/661/661 645/645/645
f 645/645/645 661/661/661 662/662/662
f 645/645/645 662/662/662 646/646/646
f 646/646/646 662/662/662 663/663/663
f 646/646/646 663/663/663 647/647/647
f 647/647/647 663/663/663 664/664/664
f 647/647/647 664/664/664 648/648/648
f 648/648/648 664/664/664 665/665/665
f 648/648/648 665/665/665 649/649/649
f 649/649/649 665/665/665 666/666/666
f 649/649/649 666/666/666 650/650/650
f 650/650/650 666/666/666 667/667/667
f 650/650/650 667/667/667 651/651/651
f 651/651/651 667/667/667 668/668/668
f 651/651/651 668/668/668 652/652/652
f 652/652/652 668/668/668 669/669/669
f 652/652/652 669/669/669 653/653/653
f 653/653/653 669/669/669 670/670/670
f 653/653/653 670/670/670 654/654/654
f 654/654/654 670/670/670 671/671/671
f 654/654/654 671/671/671 655/655/655
f 655/655/655 671/671/671 672/672/672
f 655/655/655 672/672/672 656/656/656
f 656/656/656 672/672/672 673/673/673
f 656/656/656 673/673/673 657/657/657
f 657/657/657 673/673/673 674/674/674
f 657/657/657 674/674/674 658/658/658
f 658/658/658 674/674/674 659/659/659
f 658/658/658 659/659/659 643/643/643
f 659/659/659 675/675/675 676/676/676
f 659/659/659 676/676/676 660/660/660
f 660/660/660 676/676/676 677/677/677
f 660/660/660 677/677/677 661/661/661
f 661/661/661 677/677/677 678/678/678
f 661/661/661 678/678/678 662/662/662
f 662/662/662 678/678/678 679/679/679
f 662/662/662 679/679/679 663/663/663
f 663/663/663 679/679/679 680/680/680
f 663/663/663 680/680/680 664/664/664
f 664/664/664 680/680/680 681/681/681
f 664/664/664 681/681/681 665/665/665
f 665/665/665 681/681/681 682/682/682
f 665/665/665 682/682/682 666/666/666
f 666/666/666 682/682/682 683/683/683
f 666/666/666 683/683/683 667/667/667
f 667/667/667 683/683/683 684/684/684
f 667/667/667 684/684/684 668/668/668
f 668/668/668 684/684/684 685/685/685
f 668/668/668 685/685/685 669/669/669
f 669/669/669 685/685/685 686/686/686
f 669/669/669 686/686/686 670/670/670
f 670/670/670 686/686/686 687/687/687
f 670/670/670 687/687/687 671/671/671
f 671/671/671 687/687/687 688/688/688
f 671/671/671 688/688/688 672/672/672
f 672/672/672 688/688/688 689/689/689
f 672/672/672 689/689/689 673/673/673
f 673/673/673 689/689/689 690/690/690
f 673/673/673 690/690/690 674/674/674
f 674/674/674 690/690/690 675/675/675
f 674/674/674 675/675/675 659/659/659
f 675/675/675 691/691/691 692/692/692
f 675/675/675 692/692/692 676/676/676
f 676/676/676 692/692/692 693/693/693
f 676/676/676 693/693/693 677/677/677
f 677/677/677 693/693/693 694/694/694
f 677/677/677 694/694/694 678/678/678
f 678/678/678 694/694/694 695/695/695
f 678/678/678 695/695/695 679/679/679
f 679/679/679 695/695/695 696/696/696
f 679/679/679 696/696/696 680/680/680
f 680/680/680 696/696/696 697/697/697
f 680/680/680 697/697/697 681/681/681
f 681/681/681 697/697/697 698/698/698
f 681/681/681 698/698/698 682/682/682
f 682/682/682 698/698/698 699/699/699
f 682/682/682 699/699/699 683/683/683
f 683/683/683 699/699/699 700/700/700
f 683/683/683 700/700/700 684/684/684
f 684/684/684 700/700/700 701/701/701
f 684/684/684 701/701/701 685/685/685
f 685/685/685 701/701/701 702/702/702
f 685/685/685 702/702/702 686/686/686
f 686/686/686 702/702/702 703/703/703
f 686/686/686 703/703/703 687/687/687
f 687/687/687 703/703/703 704/704/704
f 687/687/687 704/704/704 688/688/688
f 688/688/688 704/704/704 705/705/705
f 688/688/688 705/705/705 689/689/689
f 689/689/689 705/705/705 706/706/706
f 689/689/689 706/706/706 690/690/690
f 690/690/690 706/706/706 691/691/691
f 690/690/690 691/691/691 675/675/675
f 691/691/691 707/707/707 708/708/708
f 691/691/691 708/708/708 692/692/692
f 692/692/692 708/708/708 709/709/709
f 692/692/692 709/709/709 693/693/693
f 693/693/693 709/709/709 710/710/710
f 693/693/693 710/710/710 694/694/694
f 694/694/694 710/710/710 711/711/711
f 694/694/694 711/711/711 695/695/695
f 695/695/695 711/711/711 712/712/712
f 695/695/695 712/712/712 696/696/696
f 696/696/696 712/712/712 713/713/713
f 696/696/696 713/713/713 697/697/697
f 697/697/697 713/713/713 714/714/714
f 697/697/697 714/714/714 698/698/698
f 698/698/698 714/714/714 715/715/715
f 698/698/698 715/715/715 699/699/699
f 699/699/699 715/715/715 716/716/716
f 699/699/699 716/716/716 700/700/700
f 700/700/700 716/716/716 717/717/717
f 700/700/700 717/717/717 701/701/701
f 701/701/701 717/717/717 718/718/718
f 701/701/701 718/718/718 702/702/702
f 702/702/702 718/718/718 719/719/719
f 702/702/702 719/719/719 703/703/703
f 703/703/703 719/719/719 720/720/720
f 703/703/703 720/720/720 704/704/704
f 704/704/704 720/720/720 721/721/721
f 704/704/704 721/721/721 705/705/705
f 705/705/705 721/721/721 722/722/722
f 705/705/705 722/722/722 706/706/706
f 706/706/706 722/722/722 707/707/707
f 706/706/706 707/707/707 691/691/691
f 707/707/707 723/723/723 724/724/724
f 707/707/707 724/724/724 708/708/708
f 708/708/708 724/724/724 725/725/725
f 708/708/708 725/725/725 709/709/709
f 709/709/709 725/725/725 726/726/726
f 709/709/709 726/726/726 710/710/710
f 710/710/710 726/726/726 727/727/727
f 710/710/710 727/727/727 711/711/711
f 711/711/711 727/727/727 728/728/728
f 711/711/711 728/728/728 712/712/712
f 712/712/712 728/728/728 729/729/729
f 712/712/712 729/729/729 713/713/713
f 713/713/713 729/729/729 730/730/730
f 713/713/713 730/730/730 714/714/714
f 714/714/714 730/730/730 731/731/731
f 714/714/714 731/731/731 715/715/715
f 715/715/715 731/731/731 732/732/732
f 715/715/715 732/732/732 716/716/716
f 716/716/716 732/732/732 733/733/733
f 716/716/716 733/733/733 717/717/717
f 717/717/717 733/733/733 734/734/734
f 717/717/717 734/734/734 718/718/718
f 718/718/718 734/734/734 735/735/735
f 718/718/718 735/735/735 719/719/719
f 719/719/719 735/735/735 736/736/736
f 719/719/719 736/736/736 720/720/720
f 720/720/720 736/736/736 737/737/737
f 720/720/720 737/737/737 721/721/721
f 721/721/721 737/737/737 738/738/738
f 721/721/721 738/738/738 722/722/722
f 722/722/722 738/738/738 723/723/723
f 722/722/722 723/723/723 707/707/707
f 723/723/723 739/739/739 740/740/740
f 723/723/723 740/740/740 724/724/724
f 724/724/724 740/740/740 741/741/741
f 724/724/724 741/741/741 725/725/725
f 725/725/725 741/741/741 742/742/742
f 725/725/725 742/742/742 726/726/726
f 726/726/726 742/742/742 743/743/743
f 726/726/726 743/743/743 727/727/727
f 727/727/727 743/743/743 744/744/744
f 727/727/727 744/744/744 728/728/728
f 728/728/728 744/744/744 745/745/745
f 728/728/728 745/745/745 729/729/729
f 729/729/729 745/745/745 746/746/746
f 729/729/729 746/746/746 730/730/730
f 730/730/730 746/746/746 747/747/747
f 730/730/730 747/747/747 731/731/731
f 731/731/731 747/747/747 748/748/748
f 731/731/731 748/748/748 732/732/732
f 732/732/732 748/748/748 749/749/749
f 732/732/732 749/749/749 733/733/733
f 733/733/733 749/749/749 750/750/750
f 733/733/733 750/750/750 734/734/734
f 734/734/734 750/750/750 751/751/751
f 734/734/734 751/751/751 735/735/735
f 735/735/735 751/751/751 752/752/752
f 735/735/735 752/752/752 736/736/736
f 736/736/736 752/752/752 753/753/753
f 736/736/736 753/753/753 737/737/737
f 737/737/737 753/753/753 754/754/754
f 737/737/737 754/754/754 738/738/738
f 738/738/738 754/754/754 739/739/739
f 738/738/738 739/739/739 723/723/723
f 739/739/739 755/755/755 756/756/756
f 739/739/739 756/756/756 740/740/740
f 740/740/740 756/756/756 757/757/757
f 740/740/740 757/757/757 741/741/741
f 741/741/741 757/757/757 758/758/758
f 741/741/741 758/758/758 742/742/742
f 742/742/742 758/758/758 759/759/759
f 742/742/742 759/759/759 743/743/743
f 743/743/743 759/759/759 760/760/760
f 743/743/743 760/760/760 744/744/744
f 744/744/744 760/760/760 761/761/761
f 744/744/744 761/761/761 745/745/745
f 745/745/745 761/761/761 762/762/762
f 745/745/745 762/762/762 746/746/746
f 746/746/746 762/762/762 763/763/763
f 746/746/746 763/763/763 747/747/747
f 747/747/747 763/763/763 764/764/764
f 747/747/747 764/764/764 748/748/748
f 748/748/748 764/764/764 765/765/765
f 748/748/748 765/765/765 749/749/749
f 749/749/749 765/765/765 766/766/766
f 749/749/749 766/766/766 750/750/750
f 750/750/750 766/766/766 767/767/767
f 750/750/750 767/767/767 751/751/751
f 751/751/751 767/767/767 768/768/768
f 751/751/751 768/768/768 752/752/752
f 752/752/752 768/768/768 769/769/769
f 752/752/752 769/769/769 753/753/753
f 753/753/753 769/769/769 770/770/770
f 753/753/753 770/770/770 754/754/754
f 754/754/754 770/770/770 755/755/755
f 754/754/754 755/755/755 739/739/739
f 755/755/755 771/771/771 772/772/772
f 755/755/755 772/772/772 756/756/756
f 756/756/756 772/772/772 773/773/773
f 756/756/756 773/773/773 757/757/757
f 757/757/757 773/773/773 774/774/774
f 757/757/757 774/774/774 758/758/758
f 758/758/758 774/774/774 775/775/775
f 758/758/758 775/775/775 759/759/759
f 759/759/759 775/775/775 776/776/776
f 759/759/759 776/776/776 760/760/760
f 760/760/760 776/776/776 777/777/777
f 760/760/760 777/777/777 761/761/761
f 761/761/761 777/777/777 778/778/778
f 761/761/761 778/778/778 762/762/762
f 762/762/762 778/778/778 779/779/779
f 762/762/762 779/779/779 763/763/763
f 763/763/763 779/779/779 780/780/780
f 763/763/763 780/780/780 764/764/764
f 764/764/764 780/780/780 781/781/781
f 764/764/764 781/781/781 765/765/765
f 765/765/765 781/781/781 782/782/782
f 765/765/765 782/782/782 766/766/766
f 766/766/766 782/782/782 783/783/783
f 766/766/766 783/783/783 767/767/767
f 767/767/767 783/783/783 784/784/784
f 767/767/767 784/784/784 768/768/768
f 768/768/768 784/784/784 785/785/785
f 768/768/768 785/785/785 769/769/769
f 769/769/769 785/785/785 786/786/786
f 769/769/769 786/786/786 770/770/770
f 770/770/770 786/786/786 771/771/771
f 770/770/770 771/771/771 755/755/755
f 771/771/771 787/787/787 788/788/788
f 771/771/771 788/788/788 772/772/772
f 772/772/772 788/788/788 789/789/789
f 772/772/772 789/789/789 773/773/773
f 773/773/773 789/789/789 790/790/790
f 773/773/773 790/790/790 774/774/774
f 774/774/774 790/790/790 791/791/791
f 774/774/774 791/791/791 775/775/775
f 775/775/775 791/791/791 792/792/792
f 775/775/775 792/792/792 776/776/776
f 776/776/776 792/792/792 793/793/793
f 776/776/776 793/793/793 777/777/777
f 777/777/777 793/793/793 794/794/794
f 777/777/777 794/794/794 778/778/778
f 778/778/778 794/794/794 795/795/795
f 778/778/778 795/795/795 779/779/779
f 779/779/779 795/795/795 796/796/796
f 779/779/779 796/796/796 780/780/780
f 780/780/780 796/796/796 797/797/797
f 780/780/780 797/797/797 781/781/781
f 781/781/781 797/797/797 798/798/798
f 781/781/781 798/798/798 782/782/782
f 782/782/782 798/798/798 799/799/799
f 782/782/782 799/799/799 783/783/783
f 783/783/783 799/799/799 800/800/800
f 783/783/783 800/800/800 784/784/784
f 784/784/784 800/800/800 801/801/801
f 784/784/784 801/801/801 785/785/785
f 785/785/785 801/801/801 802/802/802
f 785/785/785 802/802/802 786/786/786
f 786/786/786 802/802/802 787/787/787
f 786/786/786 787/787/787 771/771/771
f 787/787/787 803/803/803 804/804/804
f 787/787/787 804/804/804 788/788/788
f 788/788/788 804/804/804 805/805/805
f 788/788/788 805/805/805 789/789/789
f 789/789/789 805/805/805 806/806/806
f 789/789/789 806/806/806 790/790/790
f 790/790/790 806/806/806 807/807/807
f 790/790/790 807/807/807 791/791/791
f 791/791/791 807/807/807 808/808/808
f 791/791/791 808/808/808 792/792/792
f 792/792/792 808/808/808 809/809/809
f 792/792/792 809/809/809 793/793/793
f 793/793/793 809/809/809 810/810/810
f 793/793/793 810/810/810 794/794/794
f 794/794/794 810/810/810 811/811/811
f 794/794/794 811/811/811 795/795/795
f 795/795/795 811/811/811 812/812/812
f 795/795/795 812/812/812 796/796/796
f 796/796/796 812/812/812 813/813/813
f 796/796/796 813/813/813 797/797/797
f 797/797/797 813/813/813 814/814/814
f 797/797/797 814/814/814 798/798/798
f 798/798/798 814/814/814 815/815/815
f 798/798/798 815/815/815 799/799/799
f 799/799/799 815/815/815 816/816/816
f 799/799/799 816/816/816 800/800/800
f 800/800/800 816/816/816 817/817/817
f 800/800/800 817/817/817 801/801/801
f 801/801/801 817/817/817 818/818/818
f 801/801/801 818/818/818 802/802/802
f 802/802/802 818/818/818 803/803/803
f 802/802/802 803/803/803 787/787/787
f 803/803/803 819/819/819 820/820/820
f 803/803/803 820/820/820 804/804/804
f 804/804/804 820/820/820 821/821/821
f 804/804/804 821/821/821 805/805/805
f 805/805/805 821/821/821 822/822/822
f 805/805/805 822/822/822 806/806/806
f 806/806/806 822/822/822 823/823/823
f 806/806/806 823/823/823 807/807/807
f 807/807/807 823/823/823 824/824/824
f 807/807/807 824/824/824 808/808/808
f 808/808/808 824/824/824 825/825/825
f 808/808/808 825/825/825 809/809/809
f 809/809/809 825/825/825 826/826/826
f 809/809/809 826/826/826 810/810/810
f 810/810/810 826/826/826 827/827/827
f 810/810/810 827/827/827 811/811/811
f 811/811/811 827/827/827 828/828/828
f 811/811/811 828/828/828 812/812/812
f 812/812/812 828/828/828 829/829/829
f 812/812/812 829/829/829 813/813/813
f 813/813/813 829/829/829 830/830/830
f 813/813/813 830/830/830 814/814/814
f 814/814/814 830/830/830 831/831/831
f 814/814/814 831/831/831 815/815/815
f 815/815/815 831/831/831 832/832/832
f 815/815/815 832/832/832 816/816/816
f 816/816/816 832/832/832 833/833/833
f 816/816/816 833/833/833 817/817/817
f 817/817/817 833/833/833 834/834/834
f 817/817/817 834/834/834 818/818/818
f 818/818/818 834/834/834 819/819/819
f 818/818/818 819/819/819 803/803/803
f 819/819/819 835/835/835 836/836/836
f 819/819/819 836/836/836 820/820/820
f 820/820/820 836/836/836 837/837/837
f 820/820/820 837/837/837 821/821/821
f 821/821/821 837/837/837 838/838/838
f 821/821/821 838/838/838 822/822/822
f 822/822/822 838/838/838 839/839/839
f 822/822/822 839/839/839 823/823/823
f 823/823/823 839/839/839 840/840/840
f 823/823/823 840/840/840 824/824/824
f 824/824/824 840/840/840 841/841/841
f 824/824/824 841/841/841 825/825/825
f 825/825/825 841/841/841 842/842/842
f 825/825/825 842/842/842 826/826/826
f 826/826/826 842/842/842 843/843/843
f 826/826/826 843/843/843 827/827/827
f 827/827/827 843/843/843 844/844/844
f 827/827/827 844/844/844 828/828/828
f 828/828/828 844/844/844 845/845/845
f 828/828/828 845/845/845 829/829/829
f 829/829/829 845/845/845 846/846/846
f 829/829/829 846/846/846 830/830/830
f 830/830/830 846/846/846 847/847/847
f 830/830/830 847/847/847 831/831/831
f 831/831/831 847/847/847 848/848/848
f 831/831/831 848/848/848 832/832/832
f 832/832/832 848/848/848 849/849/849
f 832/832/832 849/849/849 833/833/833
f 833/833/833 849/849/849 850/850/850
f 833/833/833 850/850/850 834/834/834
f 834/834/834 850/850/850 835/835/835
f 834/834/834 835/835/835 819/819/819
f 835/835/835 851/851/851 852/852/852
f 835/835/835 852/852/852 836/836/836
f 836/836/836 852/852/852 853/853/853
f 836/836/836 853/853/853 837/837/837
f 837/837/837 853/853/853 854/854/854
f 837/837/837 854/854/854 838/838/838
f 838/838/838 854/854/854 855/855/855
f 838/838/838 855/855/855 839/839/839
f 839/839/839 855/855/855 856/856/856
f 839/839/839 856/856/856 840/840/840
f 840/840/840 856/856/856 857/857/857
f 840/840/840 857/857/857 841/841/841
f 841/841/841 857/857/857 858/858/858
f 841/841/841 858/858/858 842/842/842
f 842/842/842 858/858/858 859/859/859
f 842/842/842 859/859/859 843/843/843
f 843/843/843 859/859/859 860/860/860
f 843/843/843 860/860/860 844/844/844
f 844/844/844 860/860/860 861/861/861
f 844/844/844 861/861/861 845/845/845
f 845/845/845 861/861/861 862/862/862
f 845/845/845 862/862/862 846/846/846
f 846/846/846 862/862/862 863/863/863
f 846/846/846 863/863/863 847/847/847
f 847/847/847 863/863/863 864/864/864
f 847/847/847 864/864/864 848/848/848
f 848/848/848 864/864/864 865/865/865
f 848/848/848 865/865/865 849/849/849
f 849/849/849 865/865/865 866/866/866
f 849/849/849 866/866/866 850/850/850
f 850/850/850 866/866/866 851/851/851
f 850/850/850 851/851/851 835/835/835
f 851/851/851 867/867/867 868/868/868
f 851/851/851 868/868/868 852/852/852
f 852/852/852 868/868/868 869/869/869
f 852/852/852 869/869/869 853/853/853
f 853/853/853 869/869/869 870/870/870
f 853/853/853 870/870/870 854/854/854
f 854/854/854 870/870/870 871/871/871
f 854/854/854 871/871/871 855/855/855
f 855/855/855 871/871/871 872/872/872
f 855/855/855 872/872/872 856/856/856
f 856/856/856 872/872/872 873/873/873
f 856/856/856 873/873/873 857/857/857
f 857/857/857 873/873/873 874/874/874
f 857/857/857 874/874/874 858/858/858
f 858/858/858 874/874/874 875/875/875
f 858/858/858 875/875/875 859/859/859
f 859/859/859 875/875/875 876/876/876
f 859/859/859 876/876/876 860/860/860
f 860/860/860 876/876/876 877/877/877
f 860/860/860 877/877/877 861/861/861
f 861/861/861 877/877/877 878/878/878
f 861/861/861 878/878/878 862/862/862
f 862/862/862 878/878/878 879/879/879
f 862/862/862 879/879/879 863/863/863
f 863/863/863 879/879/879 880/880/880
f 863/863/863 880/880/880 864/864/864
f 864/864/864 880/880/880 881/881/881
f 864/864/864 881/881/881 865/865/865
f 865/865/865 881/881/881 882/882/882
f 865/865/865 882/882/882 866/866/866
f 866/866/866 882/882/882 867/867/867
f 866/866/866 867/867/867 851/851/851
f 867/867/867 883/883/883 884/884/884
f 867/867/867 884/884/884 868/868/868
f 868/868/868 884/884/884 885/885/885
f 868/868/868 885/885/885 869/869/869
f 869/869/869 885/885/885 886/886/886
f 869/869/869 886/886/886 870/870/870
f 870/870/870 886/886/886 887/887/887
f 870/870/870 887/887/887 871/871/871
f 871/871/871 887/887/887 888/888/888
f 871/871/871 888/888/888 872/872/872
f 872/872/872 888/888/888 889/889/889
f 872/872/872 889/889/889 873/873/873
f 873/873/873 889/889/889 890/890/890
f 873/873/873 890/890/890 874/874/874
f 874/874/874 890/890/890 891/891/891
f 874/874/874 891/891/891 875/875/875
f 875/875/875 891/891/891 892/892/892
f 875/875/875 892/892/892 876/876/876
f 876/876/876 892/892/892 893/893/893
f 876/876/876 893/893/893 877/877/877
f 877/877/877 893/893/893 894/894/894
f 877/877/877 894/894/894 878/878/878
f 878/878/878 894/894/894 895/895/895
f 878/878/878 895/895/895 879/879/879
f 879/879/879 895/895/895 896/896/896
f 879/879/879 896/896/896 880/880/880
f 880/880/880 896/896/896 897/897/897
f 880/880/880 897/897/897 881/881/881
f 881/881/881 897/897/897 898/898/898
f 881/881/881 898/898/898 882/882/882
f 882/882/882 898/898/898 883/883/883
f 882/882/882 883/883/883 867/867/867
f 883/883/883 899/899/899 900/900/900
f 883/883/883 900/900/900 884/884/884
f 884/884/884 900/900/900 901/901/901
f 884/884/884 901/901/901 885/885/885
f 885/885/885 901/901/901 902/902/902
f 885/885/885 902/902/902 886/886/886
f 886/886/886 902/902/902 903/903/903
f 886/886/886 903/903/903 887/887/887
f 887/887/887 903/903/903 904/904/904
f 887/887/887 904/904/904 888/888/888
f 888/888/888 904/904/904 905/905/905
f 888/888/888 905/905/905 889/889/889
f 889/889/889 905/905/905 906/906/906
f 889/889/889 906/906/906 890/890/890
f 890/890/890 906/906/906 907/907/907
f 890/890/890 907/907/907 891/891/891
f 891/891/891 907/907/907 908/908/908
f 891/891/891 908/908/908 892/892/892
f 892/892/892 908/908/908 909/909/909
f 892/892/892 909/909/909 893/893/893
f 893/893/893 909/909/909 910/910/910
f 893/893/893 910/910/910 894/894/894
f 894/894/894 910/910/910 911/911/911
f 894/894/894 911/911/911 895/895/895
f 895/895/895 911/911/911 912/912/912
f 895/895/895 912/912/912 896/896/896
f 896/896/896 912/912/912 913/913/913
f 896/896/896 913/913/913 897/897/897
f 897/897/897 913/913/913 914/914/914
f 897/897/897 914/914/914 898/898/898
f 898/898/898 914/914/914 899/899/899
f 898/898/898 899/899/899 883/883/883
f 899/899/899 915/915/915 916/916/916
f 899/899/899 916/916/916 900/900/900
f 900/900/900 916/916/916 917/917/917
f 900/900/900 917/917/917 901/901/901
f 901/901/901 917/917/917 918/918/918
f 901/901/901 918/918/918 902/902/902
f 902/902/902 918/918/918 919/919/919
f 902/902/902 919/919/919 903/903/903
f 903/903/903 919/919/919 920/920/920
f 903/903/903 920/920/920 904/904/904
f 904/904/904 920/920/920 921/921/921
f 904/904/904 921/921/921 905/905/905
f 905/905/905 921/921/921 922/922/922
f 905/905/905 922/922/922 906/906/906
f 906/906/906 922/922/922 923/923/923
f 906/906/906 923/923/923 907/907/907
f 907/907/907 923/923/923 924/924/924
f 907/907/907 924/924/924 908/908/908
f 908/908/908 924/924/924 925/925/925
f 908/908/908 925/925/925 909/909/909
f 909/909/909 925/925/925 926/926/926
f 909/909/909 926/926/926 910/910/910
f 910/910/910 926/926/926 927/927/927
f 910/910/910 927/927/927 911/911/911
f 911/911/911 927/927/927 928/928/928
f 911/911/911 928/928/928 912/912/912
f 912/912/912 928/928/928 929/929/929
f 912/912/912 929/929/929 913/913/913
f 913/913/913 929/929/929 930/930/930
f 913/913/913 930/930/930 914/914/914
f 914/914/914 930/930/930 915/915/915
f 914/914/914 915/915/915 899/899/899
f 915/915/915 931/931/931 932/932/932
f 915/915/915 932/932/932 916/916/916
f 916/916/916 932/932/932 933/933/933
f 916/916/916 933/933/933 917/917/917
f 917/917/917 933/933/933 934/934/934
f 917/917/917 934/934/934 918/918/918
f 918/918/918 934/934/934 935/935/935
f 918/918/918 935/935/935 919/919/919
f 919/919/919 935/935/935 936/936/936
f 919/919/919 936/936/936 920/920/920
f 920/920/920 936/936/936 937/937/937
f 920/920/920 937/937/937 921/921/921
f 921/921/921 937/937/937 938/938/938
f 921/921/921 938/938/938 922/922/922
f 922/922/922 938/938/938 939/939/939
f 922/922/922 939/939/939 923/923/923
f 923/923/923 939/939/939 940/940/940
f 923/923/923 940/940/940 924/924/924
f 924/924/924 940/940/940 941/941/941
f 924/924/924 941/941/941 925/925/925
f 925/925/925 941/941/941 942/942/942
f 925/925/925 942/942/942 926/926/926
f 926/926/926 942/942/942 943/943/943
f 926/926/926 943/943/943 927/927/927
f 927/927/927 943/943/943 944/944/944
f 927/927/927 944/944/944 928/928/928
f 928/928/928 944/944/944 945/945/945
f 928/928/928 945/945/945 929/929/929
f 929/929/929 945/945/945 946/946/946
f 929/929/929 946/946/946 930/930/930
f 930/930/930 946/946/946 931/931/931
f 930/930/930 931/931/931 915/915/915
f 931/931/931 947/947/947 948/948/948
f 931/931/931 948/948/948 932/932/932
f 932/932/932 948/948/948 949/949/949
f 932/932/932 949/949/949 933/933/933
f 933/933/933 949/949/949 950/950/950
f 933/933/933 950/950/950 934/934/934
f 934/934/934 950/950/950 951/951/951
f 934/934/934 951/951/951 935/935/935
f 935/935/935 951/951/951 952/952/952
f 935/935/935 952/952/952 936/936/936
f 936/936/936 952/952/952 953/953/953
f 936/936/936 953/953/953 937/937/937
f 937/937/937 953/953/953 954/954/954
f 937/937/937 954/954/954 938/938/938
f 938/938/938 954/954/954 955/955/955
f 938/938/938 955/955/955 939/939/939
f 939/939/939 955/955/955 956/956/956
f 939/939/939 956/956/956 940/940/940
f 940/940/940 956/956/956 957/957/957
f 940/940/940 957/957/957 941/941/941
f 941/941/941 957/957/957 958/958/958
f 941/941/941 958/958/958 942/942/942
f 942/942/942 958/958/958 959/959/959
f 942/942/942 959/959/959 943/943/943
f 943/943/943 959/959/959 960/960/960
f 943/943/943 960/960/960 944/944/944
f 944/944/944 960/960/960 961/961/961
f 944/944/944 961/961/961 945/945/945
f 945/945/945 961/961/961 962/962/962
f 945/945/945 962/962/962 946/946/946
f 946/946/946 962/962/962 947/947/947
f 946/946/946 947/947/947 931/931/931
f 947/947/947 963/963/963 964/964/964
f 947/947/947 964/964/964 948/948/948
f 948/948/948 964/964/964 965/965/965
f 948/948/948 965/965/965 949/949/949
f 949/949/949 965/965/965 966/966/966
f 949/949/949 966/966/966 950/950/950
f 950/950/950 966/966/966 967/967/967
f 950/950/950 967/967/967 951/951/951
f 951/951/951 967/967/967 968/968/968
f 951/951/951 968/968/968 952/952/952
f 952/952/952 968/968/968 969/969/969
f 952/952/952 969/969/969 953/953/953
f 953/953/953 969/969/969 970/970/970
f 953/953/953 970/970/970 954/954/954
f 954/954/954 970/970/970 971/971/971
f 954/954/954 971/971/971 955/955/955
f 955/955/955 971/971/971 972/972/972
f 955/955/955 972/972/972 956/956/956
f 956/956/956 972/972/972 973/973/973
f 956/956/956 973/973/973 957/957/957
f 957/957/957 973/973/973 974/974/974
f 957/957/957 974/974/974 958/958/958
f 958/958/958 974/974/974 975/975/975
f 958/958/958 975/975/975 959/959/959
f 959/959/959 975/975/975 976/976/976
f 959/959/959 976/976/976 960/960/960
f 960/960/960 976/976/976 977/977/977
f 960/960/960 977/977/977 961/961/961
f 961/961/961 977/977/977 978/978/978
f 961/961/961 978/978/978 962/962/962
f 962/962/962 978/978/978 963/963/963
f 962/962/962 963/963/963 947/947/947
f 963/963/963 979/979/979 980/980/980
f 963/963/963 980/980/980 964/964/964
f 964/964/964 980/980/980 981/981/981
f 964/964/964 981/981/981 965/965/965
f 965/965/965 981/981/981 982/982/982
f 965/965/965 982/982/982 966/966/966
f 966/966/966 982/982/982 983/983/983
f 966/966/966 983/983/983 967/967/967
f 967/967/967 983/983/983 984/984/984
f 967/967/967 984/984/984 968/968/968
f 968/968/968 984/984/984 985/985/985
f 968/968/968 985/985/985 969/969/969
f 969/969/969 985/985/985 986/986/986
f 969/969/969 986/986/986 970/970/970
f 970/970/970 986/986/986 987/987/987
f 970/970/970 987/987/987 971/971/971
f 971/971/971 987/987/987 988/988/988
f 971/971/971 988/988/988 972/972/972
f 972/972/972 988/988/988 989/989/989
f 972/972/972 989/989/989 973/973/973
f 973/973/973 989/989/989 990/990/990
f 973/973/973 990/990/990 974/974/974
f 974/974/974 990/990/990 991/991/991
f 974/974/974 991/991/991 975/975/975
f 975/975/975 991/991/991 992/992/992
f 975/975/975 992/992/992 976/976/976
f 976/976/976 992/992/992 993/993/993
f 976/976/976 993/993/993 977/977/977
f 977/977/977 993/993/993 994/994/994
f 977/977/977 994/994/994 978/978/978
f 978/978/978 994/994/994 979/979/979
f 978/978/978 979/979/979 963/963/963
f 979/979/979 995/995/995 996/996/996
f 979/979/979 996/996/996 980/980/980
f 980/980/980 996/996/996 997/997/997
f 980/980/980 997/997/997 981/981/981
f 981/981/981 997/997/997 998/998/998
f 981/981/981 998/998/998 982/982/982
f 982/982/982 998/998/998 999/999/999
f 982/982/982 999/999/999 983/983/983
f 983/983/983 999/999/999 1000/1000/1000
f 983/983/983 1000/1000/1000 984/984/984
f 984/984/984 1000/1000/1000 1001/1001/1001
f 984/984/984 1001/1001/1001 985/985/985
f 985/985/985 1001/1001/1001 1002/1002/1002
f 985/985/985 1002/1002/1002 986/986/986
f 986/986/986 1002/1002/1002 1003/1003/1003
f 986/986/986 1003/1003/1003 987/987/987
f 987/987/987 1003/1003/1003 1004/1004/1004
f 987/987/987 1004/1004/1004 988/988/988
f 988/988/988 1004/1004/1004 1005/1005/1005
f 988/988/988 1005/1005/1005 989/989/989
f 989/989/989 1005/1005/1005 1006/1006/1006
f 989/989/989 1006/1006/1006 990/990/990
f 990/990/990 1006/1006/1006 1007/1007/1007
f 990/990/990 1007/1007/1007 991/991/991
f 991/991/991 1007/1007/1007 1008/1008/1008
f 991/991/991 1008/1008/1008 992/992/992
f 992/992/992 1008/1008/1008 1009/1009/1009
f 992/992/992 1009/1009/1009 993/993/993
f 993/993/993 1009/1009/1009 1010/1010/1010
f 993/993/993 1010/1010/1010 994/994/994
f 994/994/994 1010/1010/1010 995/995/995
f 994/994/994 995/995/995 979/979/979
f 995/995/995 1011/1011/1011 1012/1012/1012
f 995/995/995 1012/1012/1012 996/996/996
f 996/996/996 1012/1012/1012 1013/1013/1013
f 996/996/996 1013/1013/1013 997/997/997
f 997/997/997 1013/1013/1013 1014/1014/1014
f 997/997/997 1014/1014/1014 998/998/998
f 998/998/998 1014/1014/1014 1015/1015/1015
f 998/998/998 1015/1015/1015 999/999/999
f 999/999/999 1015/1015/1015 1016/1016/1016
f 999/999/999 1016/1016/1016 1000/1000/1000
f 1000/1000/1000 1016/1016/1016 1017/1017/1017
f 1000/1000/1000 1017/1017/1017 1001/1001/1001
f 1001/1001/1001 1017/1017/1017 1018/1018/1018
f 1001/1001/1001 1018/1018/1018 1002/1002/1002
f 1002/1002/1002 1018/1018/1018 1019/1019/1019
f 1002/1002/1002 1019/1019/1019 1003/1003/1003
f 1003/1003/1003 1019/1019/1019 1020/1020/1020
f 1003/1003/1003 1020/1020/1020 1004/1004/1004
f 1004/1004/1004 1020/1020/1020 1021/1021/1021
f 1004/1004/1004 1021/1021/1021 1005/1005/1005
f 1005/1005/1005 1021/1021/1021 1022/1022/1022
f 1005/1005/1005 1022/1022/1022 1006/1006/1006
f 1006/1006/1006 1022/1022/1022 1023/1023/1023
f 1006/1006/1006 1023/1023/1023 1007/1007/1007
f 1007/1007/1007 1023/1023/1023 1024/1024/1024
f 1007/1007/1007 1024/1024/1024 1008/1008/1008
f 1008/1008/1008 1024/1024/1024 1025/1025/1025
f 1008/1008/1008 1025/1025/1025 1009/1009/1009
f 1009/1009/1009 1025/1025/1025 1026/1026/1026
f 1009/1009/1009 1026/1026/1026 1010/1010/1010
f 1010/1010/1010 1026/1026/1026 1011/1011/1011
f 1010/1010/1010 1011/1011/1011 995/995/995
f 1011/1011/1011 1027/1027/1027 1028/1028/1028
f 1011/1011/1011 1028/1028/1028 1012/1012/1012
f 1012/1012/1012 1028/1028/1028 1029/1029/1029
f 1012/1012/1012 1029/1029/1029 1013/1013/1013
f 1013/1013/1013 1029/1029/1029 1030/1030/1030
f 1013/1013/1013 1030/1030/1030 1014/1014/1014
f 1014/1014/1014 1030/1030/1030 1031/1031/1031
f 1014/1014/1014 1031/1031/1031 1015/1015/1015
f 1015/1015/1015 1031/1031/1031 1032/1032/1032
f 1015/1015/1015 1032/1032/1032 1016/1016/1016
f 1016/1016/1016 1032/1032/1032 1033/1033/1033
f 1016/1016/1016 1033/1033/1033 1017/1017/1017
f 1017/1017/1017 1033/1033/1033 1034/1034/1034
f 1017/1017/1017 1034/1034/1034 1018/1018/1018
f 1018/1018/1018 1034/1034/1034 1035/1035/1035
f 1018/1018/1018 1035/1035/1035 1019/1019/1019
f 1019/1019/1019 1035/1035/1035 1036/1036/1036
f 1019/1019/1019 1036/1036/1036 1020/1020/1020
f 1020/1020/1020 1036/1036/1036 1037/1037/1037
f 1020/1020/1020 1037/1037/1037 1021/1021/1021
f 1021/1021/1021 1037/1037/1037 1038/1038/1038
f 1021/1021/1021 1038/1038/1038 1022/1022/1022
f 1022/1022/1022 1038/1038/1038 1039/1039/1039
f 1022/1022/1022 1039/1039/1039 1023/1023/1023
f 1023/1023/1023 1039/1039/1039 1040/1040/1040
f 1023/1023/1023 1040/1040/1040 1024/1024/1024
f 1024/1024/1024 1040/1040/1040 1041/1041/1041
f 1024/1024/1024 1041/1041/1041 1025/1025/1025
f 1025/1025/1025 1041/1041/1041 1042/1042/1042
f 1025/1025/1025 1042/1042/1042 1026/1026/1026
f 1026/1026/1026 1042/1042/1042 1027/1027/1027
f 1026/1026/1026 1027/1027/1027 1011/1011/1011
f 1027/1027/1027 1043/1043/1043 1044/1044/1044
f 1027/1027/1027 1044/1044/1044 1028/1028/1028
f 1028/1028/1028 1044/1044/1044 1045/1045/1045
f 1028/1028/1028 1045/1045/1045 1029/1029/1029
f 1029/1029/1029 1045/1045/1045 1046/1046/1046
f 1029/1029/1029 1046/1046/1046 1030/1030/1030
f 1030/1030/1030 1046/1046/1046 1047/1047/1047
f 1030/1030/1030 1047/1047/1047 1031/1031/1031
f 1031/1031/1031 1047/1047/1047 1048/1048/1048
f 1031/1031/1031 1048/1048/1048 1032/1032/1032
f 1032/1032/1032 1048/1048/1048 1049/1049/1049
f 1032/1032/1032 1049/1049/1049 1033/1033/1033
f 1033/1033/1033 1049/1049/1049 1050/1050/1050
f 1033/1033/1033 1050/1050/1050 1034/1034/1034
f 1034/1034/1034 1050/1050/1050 1051/1051/1051
f 1034/1034/1034 1051/1051/1051 1035/1035/1035
f 1035/1035/1035 1051/1051/1051 1052/1052/1052
f 1035/1035/1035 1052/1052/1052 1036/1036/1036
f 1036/1036/1036 1052/1052/1052 1053/1053/1053
f 1036/1036/1036 1053/1053/1053 1037/1037/1037
f 1037/1037/1037 1053/1053/1053 1054/1054/1054
f 1037/1037/1037 1054/1054/1054 1038/1038/1038
f 1038/1038/1038 1054/1054/1054 1055/1055/1055
f 1038/1038/1038 1055/1055/1055 1039/1039/1039
f 1039/1039/1039 1055/1055/1055 1056/1056/1056
f 1039/1039/1039 1056/1056/1056 1040/1040/1040
f 1040/1040/1040 1056/1056/1056 1057/1057/1057
f 1040/1040/1040 1057/1057/1057 1041/1041/1041
f 1041/1041/1041 1057/1057/1057 1058/1058/1058
f 1041/1041/1041 1058/1058/1058 1042/1042/1042
f 1042/1042/1042 1058/1058/1058 1043/1043/1043
f 1042/1042/1042 1043/1043/1043 1027/1027/1027
f 1043/1043/1043 1059/1059/1059 1060/1060/1060
f 1043/1043/1043 1060/1060/1060 1044/1044/1044
f 1044/1044/1044 1060/1060/1060 1061/1061/1061
f 1044/1044/1044 1061/1061/1061 1045/1045/1045
f 1045/1045/1045 1061/1061/1061 1062/1062/1062
f 1045/1045/1045 1062/1062/1062 1046/1046/1046
f 1046/1046/1046 1062/1062/1062 1063/1063/1063
f 1046/1046/1046 1063/1063/1063 1047/1047/1047
f 1047/1047/1047 1063/1063/1063 1064/1064/1064
f 1047/1047/1047 1064/1064/1064 1048/1048/1048
f 1048/1048/1048 1064/1064/1064 1065/1065/1065
f 1048/1048/1048 1065/1065/1065 1049/1049/1049
f 1049/1049/1049 1065/1065/1065 1066/1066/1066
f 1049/1049/1049 1066/1066/1066 1050/1050/1050
f 1050/1050/1050 1066/1066/1066 1067/1067/1067
f 1050/1050/1050 1067/1067/1067 1051/1051/1051
f 1051/1051/1051 1067/1067/1067 1068/1068/1068
f 1051/1051/1051 1068/1068/1068 1052/1052/1052
f 1052/1052/1052 1068/1068/1068 1069/1069/1069
f 1052/1052/1052 1069/1069/1069 1053/1053/1053
f 1053/1053/1053 1069/1069/1069 1070/1070/1070
f 1053/1053/1053 1070/1070/1070 1054/1054/1054
f 1054/1054/1054 1070/1070/1070 1071/1071/1071
f 1054/1054/1054 1071/1071/1071 1055/1055/1055
f 1055/1055/1055 1071/1071/1071 1072/1072/1072
f 1055/1055/1055 1072/1072/1072 1056/1056/1056
f 1056/1056/1056 1072/1072/1072 1073/1073/1073
f 1056/1056/1056 1073/1073/1073 1057/1057/1057
f 1057/1057/1057 1073/1073/1073 1074/1074/1074
f 1057/1057/1057 1074/1074/1074 1058/1058/1058
f 1058/1058/1058 1074/1074/1074 1059/1059/1059
f 1058/1058/1058 1059/1059/1059 1043/1043/1043
f 1059/1059/1059 1075/1075/1075 1076/1076/1076
f 1059/1059/1059 1076/1076/1076 1060/1060/1060
f 1060/1060/1060 1076/1076/1076 1077/1077/1077
f 1060/1060/1060 1077/1077/1077 1061/1061/1061
f 1061/1061/1061 1077/1077/1077 1078/1078/1078
f 1061/1061/1061 1078/1078/1078 1062/1062/1062
f 1062/1062/1062 1078/1078/1078 1079/1079/1079
f 1062/1062/1062 1079/1079/1079 1063/1063/1063
f 1063/1063/1063 1079/1079/1079 1080/1080/1080
f 1063/1063/1063 1080/1080/1080 1064/1064/1064
f 1064/1064/1064 1080/1080/1080 1081/1081/1081
f 1064/1064/1064 1081/1081/1081 1065/1065/1065
f 1065/1065/1065 1081/1081/1081 1082/1082/1082
f 1065/1065/1065 1082/1082/1082 1066/1066/1066
f 1066/1066/1066 1082/1082/1082 1083/1083/1083
f 1066/1066/1066 1083/1083/1083 1067/1067/1067
f 1067/1067/1067 1083/1083/1083 1084/1084/1084
f 1067/1067/1067 1084/1084/1084 1068/1068/1068
f 1068/1068/1068 1084/1084/1084 1085/1085/1085
f 1068/1068/1068 1085/1085/1085 1069/1069/1069
f 1069/1069/1069 1085/1085/1085 1086/1086/1086
f 1069/1069/1069 1086/1086/1086 1070/1070/1070
f 1070/1070/1070 1086/1086/1086 1087/1087/1087
f 1070/1070/1070 1087/1087/1087 1071/1071/1071
f 1071/1071/1071 1087/1087/1087 1088/1088/1088
f 1071/1071/1071 1088/1088/1088 1072/1072/1072
f 1072/1072/1072 1088/1088/1088 1089/1089/1089
f 1072/1072/1072 1089/1089/1089 1073/1073/1073
f 1073/1073/1073 1089/1089/1089 1090/1090/1090
f 1073/1073/1073 1090/1090/1090 1074/1074/1074
f 1074/1074/1074 1090/1090/1090 1075/1075/1075
f 1074/1074/1074 1075/1075/1075 1059/1059/1059
f 1075/1075/1075 1091/1091/1091 1092/1092/1092
f 1075/1075/1075 1092/1092/1092 1076/1076/1076
f 1076/1076/1076 1092/1092/1092 1093/1093/1093
f 1076/1076/1076 1093/1093/1093 1077/1077/1077
f 1077/1077/1077 1093/1093/1093 1094/1094/1094
f 1077/1077/1077 1094/1094/1094 1078/1078/1078
f 1078/1078/1078 1094/1094/1094 1095/1095/1095
f 1078/1078/1078 1095/1095/1095 1079/1079/1079
f 1079/1079/1079 1095/1095/1095 1096/1096/1096
f 1079/1079/1079 1096/1096/1096 1080/1080/1080
f 1080/1080/1080 1096/1096/1096 1097/1097/1097
f 1080/1080/1080 1097/1097/1097 1081/1081/1081
f 1081/1081/1081 1097/1097/1097 1098/1098/1098
f 1081/1081/1081 1098/1098/1098 1082/1082/1082
f 1082/1082/1082 1098/1098/1098 1099/1099/1099
f 1082/1082/1082 1099/1099/1099 1083/1083/1083
f 1083/1083/1083 1099/1099/1099 1100/1100/1100
f 1083/1083/1083 1100/1100/1100 1084/1084/1084
f 1084/1084/1084 1100/1100/1100 1101/1101/1101
f 1084/1084/1084 1101/1101/1101 1085/1085/1085
f 1085/1085/1085 1101/1101/1101 1102/1102/1102
f 1085/1085/1085 1102/1102/1102 1086/1086/1086
f 1086/1086/1086 1102/1102/1102 1103/1103/1103
f 1086/1086/1086 1103/1103/1103 1087/1087/1087
f 1087/1087/1087 1103/1103/1103 1104/1104/1104
f 1087/1087/1087 1104/1104/1104 1088/1088/1088
f 1088/1088/1088 1104/1104/1104 1105/1105/1105
f 1088/1088/1088 1105/1105/1105 1089/1089/1089
f 1089/1089/1089 1105/1105/1105 1106/1106/1106
f 1089/1089/1089 1106/1106/1106 1090/1090/1090
f 1090/1090/1090 1106/1106/1106 1091/1091/1091
f 1090/1090/1090 1091/1091/1091 1075/1075/1075
f 1091/1091/1091 1107/1107/1107 1108/1108/1108
f 1091/1091/1091 1108/1108/1108 1092/1092/1092
f 1092/1092/1092 1108/1108/1108 1109/1109/1109
f 1092/1092/1092 1109/1109/1109 1093/1093/1093
f 1093/1093/1093 1109/1109/1109 1110/1110/1110
f 1093/1093/1093 1110/1110/1110 1094/1094/1094
f 1094/1094/1094 1110/1110/1110 1111/1111/1111
f 1094/1094/1094 1111/1111/1111 1095/1095/1095
f 1095/1095/1095 1111/1111/1111 1112/1112/1112
f 1095/1095/1095 1112/1112/1112 1096/1096/1096
f 1096/1096/1096 1112/1112/1112 1113/1113/1113
f 1096/1096/1096 1113/1113/1113 1097/1097/1097
f 1097/1097/1097 1113/1113/1113 1114/1114/1114
f 1097/1097/1097 1114/1114/1114 1098/1098/1098
f 1098/1098/1098 1114/1114/1114 1115/1115/1115
f 1098/1098/1098 1115/1115/1115 1099/1099/1099
f 1099/1099/1099 1115/1115/1115 1116/1116/1116
f 1099/1099/1099 1116/1116/1116 1100/1100/1100
f 1100/1100/1100 1116/1116/1116 1117/1117/1117
f 1100/1100/1100 1117/1117/1117 1101/1101/1101
f 1101/1101/1101 1117/1117/1117 1118/1118/1118
f 1101/1101/1101 1118/1118/1118 1102/1102/1102
f 1102/1102/1102 1118/1118/1118 1119/1119/1119
f 1102/1102/1102 1119/1119/1119 1103/1103/1103
f 1103/1103/1103 1119/1119/1119 1120/1120/1120
f 1103/1103/1103 1120/1120/1120 1104/1104/1104
f 1104/1104/1104 1120/1120/1120 1121/1121/1121
f 1104/1104/1104 1121/1121/1121 1105/1105/1105
f 1105/1105/1105 1121/1121/1121 1122/1122/1122
f 1105/1105/1105 1122/1122/1122 1106/1106/1106
f 1106/1106/1106 1122/1122/1122 1107/1107/1107
f 1106/1106/1106 1107/1107/1107 1091/1091/1091
f 1107/1107/1107 1123/1123/1123 1124/1124/1124
f 1107/1107/1107 1124/1124/1124 1108/1108/1108
f 1108/1108/1108 1124/1124/1124 1125/1125/1125
f 1108/1108/1108 1125/1125/1125 1109/1109/1109
f 1109/1109/1109 1125/1125/1125 1126/1126/1126
f 1109/1109/1109 1126/1126/1126 1110/1110/1110
f 1110/1110/1110 1126/1126/1126 1127/1127/1127
f 1110/1110/1110 1127/1127/1127 1111/1111/1111
f 1111/1111/1111 1127/1127/1127 1128/1128/1128
f 1111/1111/1111 1128/1128/1128 1112/1112/1112
f 1112/1112/1112 1128/1128/1128 1129/1129/1129
f 1112/1112/1112 1129/1129/1129 1113/1113/1113
f 1113/1113/1113 1129/1129/1129 1130/1130/1130
f 1113/1113/1113 1130/1130/1130 1114/1114/1114
f 1114/1114/1114 1130/1130/1130 1131/1131/1131
f 1114/1114/1114 1131/1131/1131 1115/1115/1115
f 1115/1115/1115 1131/1131/1131 1132/1132/1132
f 1115/1115/1115 1132/1132/1132 1116/1116/1116
f 1116/1116/1116 1132/1132/1132 1133/1133/1133
f 1116/1116/1116 1133/1133/1133 1117/1117/1117
f 1117/1117/1117 1133/1133/1133 1134/1134/1134
f 1117/1117/1117 1134/1134/1134 1118/1118/1118
f 1118/1118/1118 1134/1134/1134 1135/1135/1135
f 1118/1118/1118 1135/1135/1135 1119/1119/1119
f 1119/1119/1119 1135/1135/1135 1136/1136/1136
f 1119/1119/1119 1136/1136/1136 1120/1120/1120
f 1120/1120/1120 1136/1136/1136 1137/1137/1137
f 1120/1120/1120 1137/1137/1137 1121/1121/1121
f 1121/1121/1121 1137/1137/1137 1138/1138/1138
f 1121/1121/1121 1138/1138/1138 1122/1122/1122
f 1122/1122/1122 1138/1138/1138 1123/1123/1123
f 1122/1122/1122 1123/1123/1123 1107/1107/1107
f 1123/1123/1123 1139/1139/1139 1140/1140/1140
f 1123/1123/1123 1140/1140/1140 1124/1124/1124
f 1124/1124/1124 1140/1140/1140 1141/1141/1141
f 1124/1124/1124 1141/1141/1141 1125/1125/1125
f 1125/1125/1125 1141/1141/1141 1142/1142/1142
f 1125/1125/1125 1142/1142/1142 1126/1126/1126
f 1126/1126/1126 1142/1142/1142 1143/1143/1143
f 1126/1126/1126 1143/1143/1143 1127/1127/1127
f 1127/1127/1127 1143/1143/1143 1144/1144/1144
f 1127/1127/1127 1144/1144/1144 1128/1128/1128
f 1128/1128/1128 1144/1144/1144 1145/1145/1145
f 1128/1128/1128 1145/1145/1145 1129/1129/1129
f 1129/1129/1129 1145/1145/1145 1146/1146/1146
f 1129/1129/1129 1146/1146/1146 1130/1130/1130
f 1130/1130/1130 1146/1146/1146 1147/1147/1147
f 1130/1130/1130 1147/1147/1147 1131/1131/1131
f 1131/1131/1131 1147/1147/1147 1148/1148/1148
f 1131/1131/1131 1148/1148/1148 1132/1132/1132
f 1132/1132/1132 1148/1148/1148 1149/1149/1149
f 1132/1132/1132 1149/1149/1149 1133/1133/1133
f 1133/1133/1133 1149/1149/1149 1150/1150/1150
f 1133/1133/1133 1150/1150/1150 1134/1134/1134
f 1134/1134/1134 1150/1150/1150 1151/1151/1151
f 1134/1134/1134 1151/1151/1151 1135/1135/1135
f 1135/1135/1135 1151/1151/1151 1152/1152/1152
f 1135/1135/1135 1152/1152/1152 1136/1136/1136
f 1136/1136/1136 1152/1152/1152 1153/1153/1153
f 1136/1136/1136 1153/1153/1153 1137/1137/1137
f 1137/1137/1137 1153/1153/1153 1154/1154/1154
f 1137/1137/1137 1154/1154/1154 1138/1138/1138
f 1138/1138/1138 1154/1154/1154 1139/1139/1139
f 1138/1138/1138 1139/1139/1139 1123/1123/1123
f 1139/1139/1139 643/643/643 644/644/644
f 1139/1139/1139 644/644/644 1140/1140/1140
f 1140/1140/1140 644/644/644 645/645/645
f 1140/1140/1140 645/645/645 1141/1141/1141
f 1141/1141/1141 645/645/645 646/646/646
f 1141/1141/1141 646/646/646 1142/1142/1142
f 1142/1142/1142 646/646/646 647/647/647
f 1142/1142/1142 647/647/647 1143/1143/1143
f 1143/1143/1143 647/647/647 648/648/648
f 1143/1143/1143 648/648/648 1144/1144/1144
f 1144/1144/1144 648/648/648 649/649/649
f 1144/1144/1144 649/649/649 1145/1145/1145
f 1145/1145/1145 649/649/649 650/650/650
f 1145/1145/1145 650/650/650 1146/1146/1146
f 1146/1146/1146 650/650/650 651/651/651
f 1146/1146/1146 651/651/651 1147/1147/1147
f 1147/1147/1147 651/651/651 652/652/652
f 1147/1147/1147 652/652/652 1148/1148/1148
f 1148/1148/1148 652/652/652 653/653/653
f 1148/1148/1148 653/653/653 1149/1149/1149
f 1149/1149/1149 653/653/653 654/654/654
f 1149/1149/1149 654/654/654 1150/1150/1150
f 1150/1150/1150 654/654/654 655/655/655
f 1150/1150/1150 655/655/655 1151/1151/1151
f 1151/1151/1151 655/655/655 656/656/656
f 1151/1151/1151 656/656/656 1152/1152/1152
f 1152/1152/1152 656/656/656 657/657/657
f 1152/1152/1152 657/657/657 1153/1153/1153
f 1153/1153/1153 657/657/657 658/658/658
f 1153/1153/1153 658/658/658 1154/1154/1154
f 1154/1154/1154 658/658/658 643/643/643
f 1154/1154/1154 643/643/643 1139/1139/1139
f 1155/1155/1155 1156/1156/1156 1157/1157/1157
f 1155/1155/1155 1157/1157/1157 1158/1158/1158
f 1159/1159/1159 1160/1160/1160 1161/1161/1161
f 1159/1159/1159 1161/1161/1161 1162/1162/1162
f 1163/1163/1163 1164/1164/1164 1165/1165/1165
f 1163/1163/1163 1165/1165/1165 1166/1166/1166
f 1167/1167/1167 1168/1168/1168 1169/1169/1169
f 1167/1167/1167 1169/1169/1169 1170/1170/1170
f 1171/1171/1171 1172/1172/1172 1173/1173/1173
f 1171/1171/1171 1173/1173/1173 1174/1174/1174
f 1175/1175/1175 1176/1176/1176 1177/1177/1177
f 1175/1175/1175 1177/1177/1177 1178/1178/1178
f 1179/1179/1179 1180/1180/1180 1181/1181/1181
f 1179/1179/1179 1181/1181/1181 1182/1182/1182
f 1183/1183/1183 1184/1184/1184 1185/1185/1185
f 1183/1183/1183 1185/1185/1185 1186/1186/1186
f 1187/1187/1187 1188/1188/1188 1189/1189/1189
f 1187/1187/1187 1189/1189/1189 1190/1190/1190
f 1191/1191/1191 1192/1192/1192 1193/1193/1193
f 1191/1191/1191 1193/1193/1193 1194/1194/1194
f 1195/1195/1195 1196/1196/1196 1197/1197/1197
f 1195/1195/1195 1197/1197/1197 1198/1198/1198
f 1199/1199/1199 1200/1200/1200 1201/1201/1201
f 1199/1199/1199 1201/1201/1201 1202/1202/1202
f 1203/1203/1203 1204/1204/1204 1205/1205/1205
f 1203/1203/1203 1205/1205/1205 1206/1206/1206
f 1207/1207/1207 1208/1208/1208 1209/1209/1209
f 1207/1207/1207 1209/1209/1209 1210/1210/1210
f 1211/1211/1211 1212/1212/1212 1213/1213/1213
f 1211/1211/1211 1213/1213/1213 1214/1214/1214
f 1215/1215/1215 1216/1216/1216 1217/1217/1217
f 1215/1215/1215 1217/1217/1217 1218/1218/1218
f 1219/1219/1219 1220/1220/1220 1221/1221/1221
f 1219/1219/1219 1221/1221/1221 1222/1222/1222
f 1223/1223/1223 1224/1224/1224 1225/1225/1225
f 1223/1223/1223 1225/1225/1225 1226/1226/1226
f 1227/1227/1227 1228/1228/1228 1229/1229/1229
f 1227/1227/1227 1229/1229/1229 1230/1230/1230
f 1231/1231/1231 1232/1232/1232 1233/1233/1233
f 1231/1231/1231 1233/1233/1233 1234/1234/1234
f 1235/1235/1235 1236/1236/1236 1237/1237/1237
f 1235/1235/1235 1237/1237/1237 1238/1238/1238
f 1239/1239/1239 1240/1240/1240 1241/1241/1241
f 1239/1239/1239 1241/1241/1241 1242/1242/1242
f 1243/1243/1243 1244/1244/1244 1245/1245/1245
f 1243/1243/1243 1245/1245/1245 1246/1246/1246
f 1247/1247/1247 1248/1248/1248 1249/1249/1249
f 1247/1247/1247 1249/1249/1249 1250/1250/1250
f 1251/1251/1251 1252/1252/1252 1253/1253/1253
f 1251/1251/1251 1253/1253/1253 1254/1254/1254
f 1255/1255/1255 1256/1256/1256 1257/1257/1257
f 1255/1255/1255 1257/1257/1257 1258/1258/1258
f 1259/1259/1259 1260/1260/1260 1261/1261/1261
f 1259/1259/1259 1261/1261/1261 1262/1262/1262
f 1263/1263/1263 1264/1264/1264 1265/1265/1265
f 1263/1263/1263 1265/1265/1265 1266/1266/1266
f 1267/1267/1267 1268/1268/1268 1269/1269/1269
f 1267/1267/1267 1269/1269/1269 1270/1270/1270
f 1271/1271/1271 1272/1272/1272 1273/1273/1273
f 1271/1271/1271 1273/1273/1273 1274/1274/1274
f 1275/1275/1275 1276/1276/1276 1277/1277/1277
f 1275/1275/1275 1277/1277/1277 1278/1278/1278
f 1279/1279/1279 1280/1280/1280 1281/1281/1281
f 1279/1279/1279 1281/1281/1281 1282/1282/1282
f 1283/1283/1283 1284/1284/1284 1285/1285/1285
f 1283/1283/1283 1285/1285/1285 1286/1286/1286
f 1287/1287/1287 1288/1288/1288 1289/1289/1289
f 1287/1287/1287 1289/1289/1289 1290/1290/1290
f 1291/1291/1291 1292/1292/1292 1293/1293/1293
f 1291/1291/1291 1293/1293/1293 1294/1294/1294
f 1295/1295/1295 1296/1296/1296 1297/1297/1297
f 1295/1295/1295 1297/1297/1297 1298/1298/1298
f 1299/1299/1299 1300/1300/1300 1301/1301/1301
f 1299/1299/1299 1301/1301/1301 1302/1302/1302
f 1303/1303/1303 1304/1304/1304 1305/1305/1305
f 1303/1303/1303 1305/1305/1305 1306/1306/1306
f 1307/1307/1307 1308/1308/1308 1309/1309/1309
f 1307/1307/1307 1309/1309/1309 1310/1310/1310
f 1311/1311/1311 1312/1312/1312 1313/1313/1313
f 1311/1311/1311 1313/1313/1313 1314/1314/1314
f 1315/1315/1315 1316/1316/1316 1317/1317/1317
f 1315/1315/1315 1317/1317/1317 1318/1318/1318
f 1319/1319/1319 1320/1320/1320 1321/1321/1321
f 1319/1319/1319 1321/1321/1321 1322/1322/1322
f 1323/1323/1323 1324/1324/1324 1325/1325/1325
f 1323/1323/1323 1325/1325/1325 1326/1326/1326
f 1327/1327/1327 1328/1328/1328 1329/1329/1329
f 1327/1327/1327 1329/1329/1329 1330/1330/1330
f 1331/1331/1331 1332/1332/1332 1333/1333/1333
f 1331/1331/1331 1333/1333/1333 1334/1334/1334
f 1335/1335/1335 1336/1336/1336 1337/1337/1337
f 1335/1335/1335 1337/1337/1337 1338/1338/1338
f 1339/1339/1339 1340/1340/1340 1341/1341/1341
f 1339/1339/1339 1341/1341/1341 1342/1342/1342
f 1343/1343/1343 1344/1344/1344 1345/1345/1345
f 1343/1343/1343 1345/1345/1345 1346/1346/1346
f 1347/1347/1347 1348/1348/1348 1350/1350/1350
f 1347/1347/1347 1350/1350/1350 1349/1349/1349
f 1349/1349/1349 1350/1350/1350 1352/1352/1352
f 1349/1349/1349 1352/1352/1352 1351/1351/1351
f 1351/1351/1351 1352/1352/1352 1354/1354/1354
f 1351/1351/1351 1354/1354/1354 1353/1353/1353
f 1353/1353/1353 1354/1354/1354 1356/1356/1356
f 1353/1353/1353 1356/1356/1356 1355/1355/1355
f 1355/1355/1355 1356/1356/1356 1358/1358/1358
f 1355/1355/1355 1358/1358/1358 1357/1357/1357
f 1357/1357/1357 1358/1358/1358 1360/1360/1360
f 1357/1357/1357 1360/1360/1360 1359/1359/1359
f 1359/1359/1359 1360/1360/1360 1362/1362/1362
f 1359/1359/1359 1362/1362/1362 1361/1361/1361
f 1361/1361/1361 1362/1362/1362 1364/1364/1364
f 1361/1361/1361 1364/1364/1364 1363/1363/1363
f 1363/1363/1363 1364/1364/1364 1366/1366/1366
f 1363/1363/1363 1366/1366/1366 1365/1365/1365
f 1365/1365/1365 1366/1366/1366 1368/1368/1368
f 1365/1365/1365 1368/1368/1368 1367/1367/1367
f 1367/1367/1367 1368/1368/1368 1370/1370/1370
f 1367/1367/1367 1370/1370/1370 1369/1369/1369
f 1369/1369/1369 1370/1370/1370 1372/1372/1372
f 1369/1369/1369 1372/1372/1372 1371/1371/1371
f 1371/1371/1371 1372/1372/1372 1374/1374/1374
f 1371/1371/1371 1374/1374/1374 1373/1373/1373
f 1373/1373/1373 1374/1374/1374 1376/1376/1376
f 1373/1373/1373 1376/1376/1376 1375/1375/1375
f 1375/1375/1375 1376/1376/1376 1378/1378/1378
f 1375/1375/1375 1378/1378/1378 1377/1377/1377
f 1377/1377/1377 1378/1378/1378 1380/1380/1380
f 1377/1377/1377 1380/1380/1380 1379/1379/1379
f 1379/1379/1379 1380/1380/1380 1382/1382/1382
f 1379/1379/1379 1382/1382/1382 1381/1381/1381
f 1381/1381/1381 1382/1382/1382 1384/1384/1384
f 1381/1381/1381 1384/1384/1384 1383/1383/1383
f 1383/1383/1383 1384/1384/1384 1386/1386/1386
f 1383/1383/1383 1386/1386/1386 1385/1385/1385
f 1385/1385/1385 1386/1386/1386 1388/1388/1388
f 1385/1385/1385 1388/1388/1388 1387/1387/1387
f 1387/1387/1387 1388/1388/1388 1390/1390/1390
f 1387/1387/1387 1390/1390/1390 1389/1389/1389
f 1389/1389/1389 1390/1390/1390 1392/1392/1392
f 1389/1389/1389 1392/1392/1392 1391/1391/1391
f 1391/1391/1391 1392/1392/1392 1394/1394/1394
f 1391/1391/1391 1394/1394/1394 1393/1393/1393
f 1393/1393/1393 1394/1394/1394 1396/1396/1396
f 1393/1393/1393 1396/1396/1396 1395/1395/1395
f 1395/1395/1395 1396/1396/1396 1398/1398/1398
f 1395/1395/1395 1398/1398/1398 1397/1397/1397
f 1397/1397/1397 1398/1398/1398 1400/1400/1400
f 1397/1397/1397 1400/1400/1400 1399/1399/1399
f 1399/1399/1399 1400/1400/1400 1402/1402/1402
f 1399/1399/1399 1402/1402/1402 1401/1401/1401
f 1401/1401/1401 1402/1402/1402 1404/1404/1404
f 1401/1401/1401 1404/1404/1404 1403/1403/1403
f 1403/1403/1403 1404/1404/1404 1406/1406/1406
f 1403/1403/1403 1406/1406/1406 1405/1405/1405
f 1405/1405/1405 1406/1406/1406 1408/1408/1408
f 1405/1405/1405 1408/1408/1408 1407/1407/1407
f 1407/1407/1407 1408/1408/1408 1410/1410/1410
f 1407/1407/1407 1410/1410/1410 1409/1409/1409
f 1409/1409/1409 1410/1410/1410 1348/1348/1348
f 1409/1409/1409 1348/1348/1348 1347/1347/1347
f 1411/1411/1411 1413/1413/1413 1415/1415/1415
f 1412/1412/1412 1416/1416/1416 1414/1414/1414
f 1411/1411/1411 1415/1415/1415 1417/1417/1417
f 1412/1412/1412 1418/1418/1418 1416/1416/1416
f 1411/1411/1411 1417/1417/1417 1419/1419/1419
f 1412/1412/1412 1420/1420/1420 1418/1418/1418
f 1411/1411/1411 1419/1419/1419 1421/1421/1421
f 1412/1412/1412 1422/1422/1422 1420/1420/1420
f 1411/1411/1411 1421/1421/1421 1423/1423/1423
f 1412/1412/1412 1424/1424/1424 1422/1422/1422
f 1411/1411/1411 1423/1423/1423 1425/1425/1425
f 1412/1412/1412 1426/1426/1426 1424/1424/1424
f 1411/1411/1411 1425/1425/1425 1427/1427/1427
f 1412/1412/1412 1428/1428/1428 1426/1426/1426
f 1411/1411/1411 1427/1427/1427 1429/1429/1429
f 1412/1412/1412 1430/1430/1430 1428/1428/1428
f 1411/1411/1411 1429/1429/1429 1431/1431/1431
f 1412/1412/1412 1432/1432/1432 1430/1430/1430
f 1411/1411/1411 1431/1431/1431 1433/1433/1433
f 1412/1412/1412 1434/1434/1434 1432/1432/1432
f 1411/1411/1411 1433/1433/1433 1435/1435/1435
f 1412/1412/1412 1436/1436/1436 1434/1434/1434
f 1411/1411/1411 1435/1435/1435 1437/1437/1437
f 1412/1412/1412 1438/1438/1438 1436/1436/1436
f 1411/1411/1411 1437/1437/1437 1439/1439/1439
f 1412/1412/1412 1440/1440/1440 1438/1438/1438
f 1411/1411/1411 1439/1439/1439 1441/1441/1441
f 1412/1412/1412 1442/1442/1442 1440/1440/1440
f 1411/1411/1411 1441/1441/1441 1443/1443/1443
f 1412/1412/1412 1444/1444/1444 1442/1442/1442
f 1411/1411/1411 1443/1443/1443 1445/1445/1445
f 1412/1412/1412 1446/1446/1446 1444/1444/1444
f 1411/1411/1411 1445/1445/1445 1447/1447/1447
f 1412/1412/1412 1448/1448/1448 1446/1446/1446
f 1411/1411/1411 1447/1447/1447 1449/1449/1449
f 1412/1412/1412 1450/1450/1450 1448/1448/1448
f 1411/1411/1411 1449/1449/1449 1451/1451/1451
f 1412/1412/1412 1452/1452/1452 1450/1450/1450
f 1411/1411/1411 1451/1451/1451 1453/1453/1453
f 1412/1412/1412 1454/1454/1454 1452/1452/1452
f 1411/1411/1411 1453/1453/1453 1455/1455/1455
f 1412/1412/1412 1456/1456/1456 1454/1454/1454
f 1411/1411/1411 1455/1455/1455 1457/1457/1457
f 1412/1412/1412 1458/1458/1458 1456/1456/1456
f 1411/1411/1411 1457/1457/1457 1459/1459/1459
f 1412/1412/1412 1460/1460/1460 1458/1458/1458
f 1411/1411/1411 1459/1459/1459 1461/1461/1461
f 1412/1412/1412 1462/1462/1462 1460/1460/1460
f 1411/1411/1411 1461/1461/1461 1463/1463/1463
f 1412/1412/1412 1464/1464/1464 1462/1462/1462
f 1411/1411/1411 1463/1463/1463 1465/1465/1465
f 1412/1412/1412 1466/1466/1466 1464/1464/1464
f 1411/1411/1411 1465/1465/1465 1467/1467/1467
f 1412/1412/1412 1468/1468/1468 1466/1466/1466
f 1411/1411/1411 1467/1467/1467 1469/1469/1469
f 1412/1412/1412 1470/1470/1470 1468/1468/1468
f 1411/1411/1411 1469/1469/1469 1471/1471/1471
f 1412/1412/1412 1472/1472/1472 1470/1470/1470
f 1411/1411/1411 1471/1471/1471 1473/1473/1473
f 1412/1412/1412 1474/1474/1474 1472/1472/1472
f 1411/1411/1411 1473/1473/1473 1475/1475/1475
f 1412/1412/1412 1476/1476/1476 1474/1474/1474
f 1411/1411/1411 1475/1475/1475 1413/1413/1413
f 1412/1412/1412 1414/1414/1414 1476/1476/1476
f 1477/1477/1477 1478/1478/1478 1480/1480/1480
f 1477/1477/1477 1480/1480/1480 1479/1479/1479
f 1479/1479/1479 1480/1480/1480 1482/1482/1482
f 1479/1479/1479 1482/1482/1482 1481/1481/1481
f 1481/1481/1481 1482/1482/1482 1484/1484/1484
f 1481/1481/1481 1484/1484/1484 1483/1483/1483
f 1483/1483/1483 1484/1484/1484 1486/1486/1486
f 1483/1483/1483 1486/1486/1486 1485/1485/1485
f 1485/1485/1485 1486/1486/1486 1488/1488/1488
f 1485/1485/1485 1488/1488/1488 1487/1487/1487
f 1487/1487/1487 1488/1488/1488 1490/1490/1490
f 1487/1487/1487 1490/1490/1490 1489/1489/1489
f 1489/1489/1489 1490/1490/1490 1492/1492/1492
f 1489/1489/1489 1492/1492/1492 1491/1491/1491
f 1491/1491/1491 1492/1492/1492 1494/1494/1494
f 1491/1491/1491 1494/1494/1494 1493/1493/1493
f 1493/1493/1493 1494/1494/1494 1496/1496/1496
f 1493/1493/1493 1496/1496/1496 1495/1495/1495
f 1495/1495/1495 1496/1496/1496 1498/1498/1498
f 1495/1495/1495 1498/1498/1498 1497/1497/1497
f 1497/1497/1497 1498/1498/1498 1500/1500/1500
f 1497/1497/1497 1500/1500/1500 1499/1499/1499
f 1499/1499/1499 1500/1500/1500 1502/1502/1502
f 1499/1499/1499 1502/1502/1502 1501/1501/1501
f 1501/1501/1501 1502/1502/1502 1504/1504/1504
f 1501/1501/1501 1504/1504/1504 1503/1503/1503
f 1503/1503/1503 1504/1504/1504 1506/1506/1506
f 1503/1503/1503 1506/1506/1506 1505/1505/1505
f 1505/1505/1505 1506/1506/1506 1508/1508/1508
f 1505/1505/1505 1508/1508/1508 1507/1507/1507
f 1507/1507/1507 1508/1508/1508 1510/1510/1510
f 1507/1507/1507 1510/1510/1510 1509/1509/1509
f 1509/1509/1509 1510/1510/1510 1512/1512/1512
f 1509/1509/1509 1512/1512/1512 1511/1511/1511
f 1511/1511/1511 1512/1512/1512 1514/1514/1514
f 1511/1511/1511 1514/1514/1514 1513/1513/1513
f 1513/1513/1513 1514/1514/1514 1516/1516/1516
f 1513/1513/1513 1516/1516/1516 1515/1515/1515
f 1515/1515/1515 1516/1516/1516 1518/1518/1518
f 1515/1515/1515 1518/1518/1518 1517/1517/1517
f 1517/1517/1517 1518/1518/1518 1520/1520/1520
f 1517/1517/1517 1520/1520/1520 1519/1519/1519
f 1519/1519/1519 1520/1520/1520 1522/1522/1522
f 1519/1519/1519 1522/1522/1522 1521/1521/1521
f 1521/1521/1521 1522/1522/1522 1524/1524/1524
f 1521/1521/1521 1524/1524/1524 1523/1523/1523
f 1523/1523/1523 1524/1524/1524 1526/1526/1526
f 1523/1523/1523 1526/1526/1526 1525/1525/1525
f 1525/1525/1525 1526/1526/1526 1528/1528/1528
f 1525/1525/1525 1528/1528/1528 1527/1527/1527
f 1527/1527/1527 1528/1528/1528 1530/1530/1530
f 1527/1527/1527 1530/1530/1530 1529/1529/1529
f 1529/1529/1529 1530/1530/1530 1532/1532/1532
f 1529/1529/1529 1532/1532/1532 1531/1531/1531
f 1531/1531/1531 1532/1532/1532 1534/1534/1534
f 1531/1531/1531 1534/1534/1534 1533/1533/1533
f 1533/1533/1533 1534/1534/1534 1536/1536/1536
f 1533/1533/1533 1536/1536/1536 1535/1535/1535
f 1535/1535/1535 1536/1536/1536 1538/1538/1538
f 1535/1535/1535 1538/1538/1538 1537/1537/1537
f 1537/1537/1537 1538/1538/1538 1540/1540/1540
f 1537/1537/1537 1540/1540/1540 1539/1539/1539
f 1539/1539/1539 1540/1540/1540 1478/1478/1478
f 1539/1539/1539 1478/1478/1478 1477/1477/1477
f 1541/1541/1541 1543/1543/1543 1545/1545/1545
f 1542/1542/1542 1546/1546/1546 1544/1544/1544
f 1541/1541/1541 1545/1545/1545 1547/1547/1547
f 1542/1542/1542 1548/1548/1548 1546/1546/1546
f 1541/1541/1541 1547/1547/1547 1549/1549/1549
f 1542/1542/1542 1550/1550/1550 1548/1548/1548
f 1541/1541/1541 1549/1549/1549 1551/1551/1551
f 1542/1542/1542 1552/1552/1552 1550/1550/1550
f 1541/1541/1541 1551/1551/1551 1553/1553/1553
f 1542/1542/1542 1554/1554/1554 1552/1552/1552
f 1541/1541/1541 1553/1553/1553 1555/1555/1555
f 1542/1542/1542 1556/1556/1556 1554/1554/1554
f 1541/1541/1541 1555/1555/1555 1557/1557/1557
f 1542/1542/1542 1558/1558/1558 1556/1556/1556
f 1541/1541/1541 1557/1557/1557 1559/1559/1559
f 1542/1542/1542 1560/1560/1560 1558/1558/1558
f 1541/1541/1541 1559/1559/1559 1561/1561/1561
f 1542/1542/1542 1562/1562/1562 1560/1560/1560
f 1541/1541/1541 1561/1561/1561 1563/1563/1563
f 1542/1542/1542 1564/1564/1564 1562/1562/1562
f 1541/1541/1541 1563/1563/1563 1565/1565/1565
f 1542/1542/1542 1566/1566/1566 1564/1564/1564
f 1541/1541/1541 1565/1565/1565 1567/1567/1567
f 1542/1542/1542 1568/1568/1568 1566/1566/1566
f 1541/1541/1541 1567/1567/1567 1569/1569/1569
f 1542/1542/1542 1570/1570/1570 1568/1568/1568
f 1541/1541/1541 1569/1569/1569 1571/1571/1571
f 1542/1542/1542 1572/1572/1572 1570/1570/1570
f 1541/1541/1541 1571/1571/1571 1573/1573/1573
f 1542/1542/1542 1574/1574/1574 1572/1572/1572
f 1541/1541/1541 1573/1573/1573 1575/1575/1575
f 1542/1542/1542 1576/1576/1576 1574/1574/1574
f 1541/1541/1541 1575/1575/1575 1577/1577/1577
f 1542/1542/1542 1578/1578/1578 1576/1576/1576
f 1541/1541/1541 1577/1577/1577 1579/1579/1579
f 1542/1542/1542 1580/1580/1580 1578/1578/1578
f 1541/1541/1541 1579/1579/1579 1581/1581/1581
f 1542/1542/1542 1582/1582/1582 1580/1580/1580
f 1541/1541/1541 1581/1581/1581 1583/1583/1583
f 1542/1542/1542 1584/1584/1584 1582/1582/1582
f 1541/1541/1541 1583/1583/1583 1585/1585/1585
f 1542/1542/1542 1586/1586/1586 1584/1584/1584
f 1541/1541/1541 1585/1585/1585 1587/1587/1587
f 1542/1542/1542 1588/1588/1588 1586/1586/1586
f 1541/1541/1541 1587/1587/1587 1589/1589/1589
f 1542/1542/1542 1590/1590/1590 1588/1588/1588
f 1541/1541/1541 1589/1589/1589 1591/1591/1591
f 1542/1542/1542 1592/1592/1592 1590/1590/1590
f 1541/1541/1541 1591/1591/1591 1593/1593/1593
f 1542/1542/1542 1594/1594/1594 1592/1592/1592
f 1541/1541/1541 1593/1593/1593 1595/1595/1595
f 1542/1542/1542 1596/1596/1596 1594/1594/1594
f 1541/1541/1541 1595/1595/1595 1597/1597/1597
f 1542/1542/1542 1598/1598/1598 1596/1596/1596
f 1541/1541/1541 1597/1597/1597 1599/1599/1599
f 1542/1542/1542 1600/1600/1600 1598/1598/1598
f 1541/1541/1541 1599/1599/1599 1601/1601/1601
f 1542/1542/1542 1602/1602/1602 1600/1600/1600
f 1541/1541/1541 1601/1601/1601 1603/1603/1603
f 1542/1542/1542 1604/1604/1604 1602/1602/1602
f 1541/1541/1541 1603/1603/1603 1605/1605/1605
f 1542/1542/1542 1606/1606/1606 1604/1604/1604
f 1541/1541/1541 1605/1605/1605 1543/1543/1543
f 1542/1542/1542 1544/1544/1544 1606/1606/1606
f 1607/1607/1607 1608/1608/1608 1610/1610/1610
f 1607/1607/1607 1610/1610/1610 1609/1609/1609
f 1609/1609/1609 1610/1610/1610 1612/1612/1612
f 1609/1609/1609 1612/1612/1612 1611/1611/1611
f 1611/1611/1611 1612/1612/1612 1614/1614/1614
f 1611/1611/1611 1614/1614/1614 1613/1613/1613
f 1613/1613/1613 1614/1614/1614 1616/1616/1616
f 1613/1613/1613 1616/1616/1616 1615/1615/1615
f 1615/1615/1615 1616/1616/1616 1618/1618/1618
f 1615/1615/1615 1618/1618/1618 1617/1617/1617
f 1617/1617/1617 1618/1618/1618 1608/1608/1608
f 1617/1617/1617 1608/1608/1608 1607/1607/1607
f 1619/1619/1619 1621/1621/1621 1623/1623/1623
f 1620/1620/1620 1624/1624/1624 1622/1622/1622
f 1619/1619/1619 1623/1623/1623 1625/1625/1625
f 1620/1620/1620 1626/1626/1626 1624/1624/1624
f 1619/1619/1619 1625/1625/1625 1627/1627/1627
f 1620/1620/1620 1628/1628/1628 1626/1626/1626
f 1619/1619/1619 1627/1627/1627 1629/1629/1629
f 1620/1620/1620 1630/1630/1630 1628/1628/1628
f 1619/1619/1619 1629/1629/1629 1631/1631/1631
f 1620/1620/1620 1632/1632/1632 1630/1630/1630
f 1619/1619/1619 1631/1631/1631 1621/1621/1621
f 1620/1620/1620 1622/1622/1622 1632/1632/1632
f 1633/1633/1633 1634/1634/1634 1636/1636/1636
f 1633/1633/1633 1636/1636/1636 1635/1635/1635
f 1635/1635/1635 1636/1636/1636 1638/1638/1638
f 1635/1635/1635 1638/1638/1638 1637/1637/1637
f 1637/1637/1637 1638/1638/1638 1640/1640/1640
f 1637/1637/1637 1640/1640/1640 1639/1639/1639
f 1639/1639/1639 1640/1640/1640 1642/1642/1642
f 1639/1639/1639 1642/1642/1642 1641/1641/1641
f 1641/1641/1641 1642/1642/1642 1644/1644/1644
f 1641/1641/1641 1644/1644/1644 1643/1643/1643
f 1643/1643/1643 1644/1644/1644 1634/1634/1634
f 1643/1643/1643 1634/1634/1634 1633/1633/1633
f 1645/1645/1645 1647/1647/1647 1649/1649/1649
f 1646/1646/1646 1650/1650/1650 1648/1648/1648
f 1645/1645/1645 1649/1649/1649 1651/1651/1651
f 1646/1646/1646 1652/1652/1652 1650/1650/1650
f 1645/1645/1645 1651/1651/1651 1653/1653/1653
f 1646/1646/1646 1654/1654/1654 1652/1652/1652
f 1645/1645/1645 1653/1653/1653 1655/1655/1655
f 1646/1646/1646 1656/1656/1656 1654/1654/1654
f 1645/1645/1645 1655/1655/1655 1657/1657/1657
f 1646/1646/1646 1658/1658/1658 1656/1656/1656
f 1645/1645/1645 1657/1657/1657 1647/1647/1647
f 1646/1646/1646 1648/1648/1648 1658/1658/1658
f 1659/1659/1659 1660/1660/1660 1662/1662/1662
f 1659/1659/1659 1662/1662/1662 1661/1661/1661
f 1661/1661/1661 1662/1662/1662 1664/1664/1664
f 1661/1661/1661 1664/1664/1664 1663/1663/1663
f 1663/1663/1663 1664/1664/1664 1666/1666/1666
f 1663/1663/1663 1666/1666/1666 1665/1665/1665
f 1665/1665/1665 1666/1666/1666 1668/1668/1668
f 1665/1665/1665 1668/1668/1668 1667/1667/1667
f 1667/1667/1667 1668/1668/1668 1670/1670/1670
f 1667/1667/1667 1670/1670/1670 1669/1669/1669
f 1669/1669/1669 1670/1670/1670 1660/1660/1660
f 1669/1669/1669 1660/1660/1660 1659/1659/1659
f 1671/1671/1671 1673/1673/1673 1675/1675/1675
f 1672/1672/1672 1676/1676/1676 1674/1674/1674
f 1671/1671/1671 1675/1675/1675 1677/1677/1677
f 1672/1672/1672 1678/1678/1678 1676/1676/1676
f 1671/1671/1671 1677/1677/1677 1679/1679/1679
f 1672/1672/1672 1680/1680/1680 1678/1678/1678
f 1671/1671/1671 1679/1679/1679 1681/1681/1681
f 1672/1672/1672 1682/1682/1682 1680/1680/1680
f 1671/1671/1671 1681/1681/1681 1683/1683/1683
f 1672/1672/1672 1684/1684/1684 1682/1682/1682
f 1671/1671/1671 1683/1683/1683 1673/1673/1673
f 1672/1672/1672 1674/1674/1674 1684/1684/1684
f 1685/1685/1685 1686/1686/1686 1688/1688/1688
f 1685/1685/1685 1688/1688/1688 1687/1687/1687
f 1687/1687/1687 1688/1688/1688 1690/1690/1690
f 1687/1687/1687 1690/1690/1690 1689/1689/1689
f 1689/1689/1689 1690/1690/1690 1692/1692/1692
f 1689/1689/1689 1692/1692/1692 1691/1691/1691
f 1691/1691/1691 1692/1692/1692 1694/1694/1694
f 1691/1691/1691 1694/1694/1694 1693/1693/1693
f 1693/1693/1693 1694/1694/1694 1696/1696/1696
f 1693/1693/1693 1696/1696/1696 1695/1695/1695
f 1695/1695/1695 1696/1696/1696 1686/1686/1686
f 1695/1695/1695 1686/1686/1686 1685/1685/1685
f 1697/1697/1697 1699/1699/1699 1701/1701/1701
f 1698/1698/1698 1702/1702/1702 1700/1700/1700
f 1697/1697/1697 1701/1701/1701 1703/1703/1703
f 1698/1698/1698 1704/1704/1704 1702/1702/1702
f 1697/1697/1697 1703/1703/1703 1705/1705/1705
f 1698/1698/1698 1706/1706/1706 1704/1704/1704
f 1697/1697/1697 1705/1705/1705 1707/1707/1707
f 1698/1698/1698 1708/1708/1708 1706/1706/1706
f 1697/1697/1697 1707/1707/1707 1709/1709/1709
f 1698/1698/1698 1710/1710/1710 1708/1708/1708
f 1697/1697/1697 1709/1709/1709 1699/1699/1699
f 1698/1698/1698 1700/1700/1700 1710/1710/1710
f 1711/1711/1711 1712/1712/1712 1714/1714/1714
f 1711/1711/1711 1714/1714/1714 1713/1713/1713
f 1713/1713/1713 1714/1714/1714 1716/1716/1716
f 1713/1713/1713 1716/1716/1716 1715/1715/1715
f 1715/1715/1715 1716/1716/1716 1718/1718/1718
f 1715/1715/1715 1718/1718/1718 1717/1717/1717
f 1717/1717/1717 1718/1718/1718 1720/1720/1720
f 1717/1717/1717 1720/1720/1720 1719/1719/1719
f 1719/1719/1719 1720/1720/1720 1722/1722/1722
f 1719/1719/1719 1722/1722/1722 1721/1721/1721
f 1721/1721/1721 1722/1722/1722 1712/1712/1712
f 1721/1721/1721 1712/1712/1712 1711/1711/1711
f 1723/1723/1723 1725/1725/1725 1727/1727/1727
f 1724/1724/1724 1728/1728/1728 1726/1726/1726
f 1723/1723/1723 1727/1727/1727 1729/1729/1729
f 1724/1724/1724 1730/1730/1730 1728/1728/1728
f 1723/1723/1723 1729/1729/1729 1731/1731/1731
f 1724/1724/1724 1732/1732/1732 1730/1730/1730
f 1723/1723/1723 1731/1731/1731 1733/1733/1733
f 1724/1724/1724 1734/1734/1734 1732/1732/1732
f 1723/1723/1723 1733/1733/1733 1735/1735/1735
f 1724/1724/1724 1736/1736/1736 1734/1734/1734
f 1723/1723/1723 1735/1735/1735 1725/1725/1725
f 1724/1724/1724 1726/1726/1726 1736/1736/1736
f 1737/1737/1737 1738/1738/1738 1740/1740/1740
f 1737/1737/1737 1740/1740/1740 1739/1739/1739
f 1739/1739/1739 1740/1740/1740 1742/1742/1742
f 1739/1739/1739 1742/1742/1742 1741/1741/1741
f 1741/1741/1741 1742/1742/1742 1744/1744/1744
f 1741/1741/1741 1744/1744/1744 1743/1743/1743
f 1743/1743/1743 1744/1744/1744 1746/1746/1746
f 1743/1743/1743 1746/1746/1746 1745/1745/1745
f 1745/1745/1745 1746/1746/1746 1748/1748/1748
f 1745/1745/1745 1748/1748/1748 1747/1747/1747
f 1747/1747/1747 1748/1748/1748 1738/1738/1738
f 1747/1747/1747 1738/1738/1738 1737/1737/1737
f 1749/1749/1749 1751/1751/1751 1753/1753/1753
f 1750/1750/1750 1754/1754/1754 1752/1752/1752
f 1749/1749/1749 1753/1753/1753 1755/1755/1755
f 1750/1750/1750 1756/1756/1756 1754/1754/1754
f 1749/1749/1749 1755/1755/1755 1757/1757/1757
f 1750/1750/1750 1758/1758/1758 1756/1756/1756
f 1749/1749/1749 1757/1757/1757 1759/1759/1759
f 1750/1750/1750 1760/1760/1760 1758/1758/1758
f 1749/1749/1749 1759/1759/1759 1761/1761/1761
f 1750/1750/1750 1762/1762/1762 1760/1760/1760
f 1749/1749/1749 1761/1761/1761 1751/1751/1751
f 1750/1750/1750 1752/1752/1752 1762/1762/1762
f 1763/1763/1763 1764/1764/1764 1766/1766/1766
f 1763/1763/1763 1766/1766/1766 1765/1765/1765
f 1765/1765/1765 1766/1766/1766 1768/1768/1768
f 1765/1765/1765 1768/1768/1768 1767/1767/1767
f 1767/1767/1767 1768/1768/1768 1770/1770/1770
f 1767/1767/1767 1770/1770/1770 1769/1769/1769
f 1769/1769/1769 1770/1770/1770 1772/1772/1772
f 1769/1769/1769 1772/1772/1772 1771/1771/1771
f 1771/1771/1771 1772/1772/1772 1774/1774/1774
f 1771/1771/1771 1774/1774/1774 1773/1773/1773
f 1773/1773/1773 1774/1774/1774 1764/1764/1764
f 1773/1773/1773 1764/1764/1764 1763/1763/1763
f 1775/1775/1775 1777/1777/1777 1779/1779/1779
f 1776/1776/1776 1780/1780/1780 1778/1778/1778
f 1775/1775/1775 1779/1779/1779 1781/1781/1781
f 1776/1776/1776 1782/1782/1782 1780/1780/1780
f 1775/1775/1775 1781/1781/1781 1783/1783/1783
f 1776/1776/1776 1784/1784/1784 1782/1782/1782
f 1775/1775/1775 1783/1783/1783 1785/1785/1785
f 1776/1776/1776 1786/1786/1786 1784/1784/1784
f 1775/1775/1775 1785/1785/1785 1787/1787/1787
f 1776/1776/1776 1788/1788/1788 1786/1786/1786
f 1775/1775/1775 1787/1787/1787 1777/1777/1777
f 1776/1776/1776 1778/1778/1778 1788/1788/1788
f 1789/1789/1789 1790/1790/1790 1792/1792/1792
f 1789/1789/1789 1792/1792/1792 1791/1791/1791
f 1791/1791/1791 1792/1792/1792 1794/1794/1794
f 1791/1791/1791 1794/1794/1794 1793/1793/1793
f 1793/1793/1793 1794/1794/1794 1796/1796/1796
f 1793/1793/1793 1796/1796/1796 1795/1795/1795
f 1795/1795/1795 1796/1796/1796 1798/1798/1798
f 1795/1795/1795 1798/1798/1798 1797/1797/1797
f 1797/1797/1797 1798/1798/1798 1800/1800/1800
f 1797/1797/1797 1800/1800/1800 1799/1799/1799
f 1799/1799/1799 1800/1800/1800 1790/1790/1790
f 1799/1799/1799 1790/1790/1790 1789/1789/1789
f 1801/1801/1801 1803/1803/1803 1805/1805/1805
f 1802/1802/1802 1806/1806/1806 1804/1804/1804
f 1801/1801/1801 1805/1805/1805 1807/1807/1807
f 1802/1802/1802 1808/1808/1808 1806/1806/1806
f 1801/1801/1801 1807/1807/1807 1809/1809/1809
f 1802/1802/1802 1810/1810/1810 1808/1808/1808
f 1801/1801/1801 1809/1809/1809 1811/1811/1811
f 1802/1802/1802 1812/1812/1812 1810/1810/1810
f 1801/1801/1801 1811/1811/1811 1813/1813/1813
f 1802/1802/1802 1814/1814/1814 1812/1812/1812
f 1801/1801/1801 1813/1813/1813 1803/1803/1803
f 1802/1802/1802 1804/1804/1804 1814/1814/1814
f 1815/1815/1815 1816/1816/1816 1818/1818/1818
f 1815/1815/1815 1818/1818/1818 1817/1817/1817
f 1817/1817/1817 1818/1818/1818 1820/1820/1820
f 1817/1817/1817 1820/1820/1820 1819/1819/1819
f 1819/1819/1819 1820/1820/1820 1822/1822/1822
f 1819/1819/1819 1822/1822/1822 1821/1821/1821
f 1821/1821/1821 1822/1822/1822 1824/1824/1824
f 1821/1821/1821 1824/1824/1824 1823/1823/1823
f 1823/1823/1823 1824/1824/1824 1826/1826/1826
f 1823/1823/1823 1826/1826/1826 1825/1825/1825
f 1825/1825/1825 1826/1826/1826 1828/1828/1828
f 1825/1825/1825 1828/1828/1828 1827/1827/1827
f 1827/1827/1827 1828/1828/1828 1830/1830/1830
f 1827/1827/1827 1830/1830/1830 1829/1829/1829
f 1829/1829/1829 1830/1830/1830 1832/1832/1832
f 1829/1829/1829 1832/1832/1832 1831/1831/1831
f 1831/1831/1831 1832/1832/1832 1834/1834/1834
f 1831/1831/1831 1834/1834/1834 1833/1833/1833
f 1833/1833/1833 1834/1834/1834 1836/1836/1836
f 1833/1833/1833 1836/1836/1836 1835/1835/1835
f 1835/1835/1835 1836/1836/1836 1838/1838/1838
f 1835/1835/1835 1838/1838/1838 1837/1837/1837
f 1837/1837/1837 1838/1838/1838 1840/1840/1840
f 1837/1837/1837 1840/1840/1840 1839/1839/1839
f 1839/1839/1839 1840/1840/1840 1842/1842/1842
f 1839/1839/1839 1842/1842/1842 1841/1841/1841
f 1841/1841/1841 1842/1842/1842 1844/1844/1844
f 1841/1841/1841 1844/1844/1844 1843/1843/1843
f 1843/1843/1843 1844/1844/1844 1846/1846/1846
f 1843/1843/1843 1846/1846/1846 1845/1845/1845
f 1845/1845/1845 1846/1846/1846 1848/1848/1848
f 1845/1845/1845 1848/1848/1848 1847/1847/1847
f 1847/1847/1847 1848/1848/1848 1850/1850/1850
f 1847/1847/1847 1850/1850/1850 1849/1849/1849
f 1849/1849/1849 1850/1850/1850 1852/1852/1852
f 1849/1849/1849 1852/1852/1852 1851/1851/1851
f 1851/1851/1851 1852/1852/1852 1854/1854/1854
f 1851/1851/1851 1854/1854/1854 1853/1853/1853
f 1853/1853/1853 1854/1854/1854 1856/1856/1856
f 1853/1853/1853 1856/1856/1856 1855/1855/1855
f 1855/1855/1855 1856/1856/1856 1858/1858/1858
f 1855/1855/1855 1858/1858/1858 1857/1857/1857
f 1857/1857/1857 1858/1858/1858 1860/1860/1860
f 1857/1857/1857 1860/1860/1860 1859/1859/1859
f 1859/1859/1859 1860/1860/1860 1862/1862/1862
f 1859/1859/1859 1862/1862/1862 1861/1861/1861
f 1861/1861/1861 1862/1862/1862 1864/1864/1864
f 1861/1861/1861 1864/1864/1864 1863/1863/1863
f 1863/1863/1863 1864/1864/1864 1866/1866/1866
f 1863/1863/1863 1866/1866/1866 1865/1865/1865
f 1865/1865/1865 1866/1866/1866 1868/1868/1868
f 1865/1865/1865 1868/1868/1868 1867/1867/1867
f 1867/1867/1867 1868/1868/1868 1870/1870/1870
f 1867/1867/1867 1870/1870/1870 1869/1869/1869
f 1869/1869/1869 1870/1870/1870 1872/1872/1872
f 1869/1869/1869 1872/1872/1872 1871/1871/1871
f 1871/1871/1871 1872/1872/1872 1874/1874/1874
f 1871/1871/1871 1874/1874/1874 1873/1873/1873
f 1873/1873/1873 1874/1874/1874 1876/1876/1876
f 1873/1873/1873 1876/1876/1876 1875/1875/1875
f 1875/1875/1875 1876/1876/1876 1878/1878/1878
f 1875/1875/1875 1878/1878/1878 1877/1877/1877
f 1877/1877/1877 1878/1878/1878 1816/1816/1816
f 1877/1877/1877 1816/1816/1816 1815/1815/1815
f 1879/1879/1879 1881/1881/1881 1883/1883/1883
f 1880/1880/1880 1884/1884/1884 1882/1882/1882
f 1879/1879/1879 1883/1883/1883 1885/1885/1885
f 1880/1880/1880 1886/1886/1886 1884/1884/1884
f 1879/1879/1879 1885/1885/1885 1887/1887/1887
f 1880/1880/1880 1888/1888/1888 1886/1886/1886
f 1879/1879/1879 1887/1887/1887 1889/1889/1889
f 1880/1880/1880 1890/1890/1890 1888/1888/1888
f 1879/1879/1879 1889/1889/1889 1891/1891/1891
f 1880/1880/1880 1892/1892/1892 1890/1890/1890
f 1879/1879/1879 1891/1891/1891 1893/1893/1893
f 1880/1880/1880 1894/1894/1894 1892/1892/1892
f 1879/1879/1879 1893/1893/1893 1895/1895/1895
f 1880/1880/1880 1896/1896/1896 1894/1894/1894
f 1879/1879/1879 1895/1895/1895 1897/1897/1897
f 1880/1880/1880 1898/1898/1898 1896/1896/1896
f 1879/1879/1879 1897/1897/1897 1899/1899/1899
f 1880/1880/1880 1900/1900/1900 1898/1898/1898
f 1879/1879/1879 1899/1899/1899 1901/1901/1901
f 1880/1880/1880 1902/1902/1902 1900/1900/1900
f 1879/1879/1879 1901/1901/1901 1903/1903/1903
f 1880/1880/1880 1904/1904/1904 1902/1902/1902
f 1879/1879/1879 1903/1903/1903 1905/1905/1905
f 1880/1880/1880 1906/1906/1906 1904/1904/1904
f 1879/1879/1879 1905/1905/1905 1907/1907/1907
f 1880/1880/1880 1908/1908/1908 1906/1906/1906
f 1879/1879/1879 1907/1907/1907 1909/1909/1909
f 1880/1880/1880 1910/1910/1910 1908/1908/1908
f 1879/1879/1879 1909/1909/1909 1911/1911/1911
f 1880/1880/1880 1912/1912/1912 1910/1910/1910
f 1879/1879/1879 1911/1911/1911 1913/1913/1913
f 1880/1880/1880 1914/1914/1914 1912/1912/1912
f 1879/1879/1879 1913/1913/1913 1915/1915/1915
f 1880/1880/1880 1916/1916/1916 1914/1914/1914
f 1879/1879/1879 1915/1915/1915 1917/1917/1917
f 1880/1880/1880 1918/1918/1918 1916/1916/1916
f 1879/1879/1879 1917/1917/1917 1919/1919/1919
f 1880/1880/1880 1920/1920/1920 1918/1918/1918
f 1879/1879/1879 1919/1919/1919 1921/1921/1921
f 1880/1880/1880 1922/1922/1922 1920/1920/1920
f 1879/1879/1879 1921/1921/1921 1923/1923/1923
f 1880/1880/1880 1924/1924/1924 1922/1922/1922
f 1879/1879/1879 1923/1923/1923 1925/1925/1925
f 1880/1880/1880 1926/1926/1926 1924/1924/1924
f 1879/1879/1879 1925/1925/1925 1927/1927/1927
f 1880/1880/1880 1928/1928/1928 1926/1926/1926
f 1879/1879/1879 1927/1927/1927 1929/1929/1929
f 1880/1880/1880 1930/1930/1930 1928/1928/1928
f 1879/1879/1879 1929/1929/1929 1931/1931/1931
f 1880/1880/1880 1932/1932/1932 1930/1930/1930
f 1879/1879/1879 1931/1931/1931 1933/1933/1933
f 1880/1880/1880 1934/1934/1934 1932/1932/1932
f 1879/1879/1879 1933/1933/1933 1935/1935/1935
f 1880/1880/1880 1936/1936/1936 1934/1934/1934
f 1879/1879/1879 1935/1935/1935 1937/1937/1937
f 1880/1880/1880 1938/1938/1938 1936/1936/1936
f 1879/1879/1879 1937/1937/1937 1939/1939/1939
f 1880/1880/1880 1940/1940/1940 1938/1938/1938
f 1879/1879/1879 1939/1939/1939 1941/1941/1941
f 1880/1880/1880 1942/1942/1942 1940/1940/1940
f 1879/1879/1879 1941/1941/1941 1943/1943/1943
f 1880/1880/1880 1944/1944/1944 1942/1942/1942
f 1879/1879/1879 1943/1943/1943 1881/1881/1881
f 1880/1880/1880 1882/1882/1882 1944/1944/1944
f 1945/1945/1945 1946/1946/1946 1947/1947/1947
f 1945/1945/1945 1947/1947/1947 1948/1948/1948
f 1949/1949/1949 1950/1950/1950 1951/1951/1951
f 1949/1949/1949 1951/1951/1951 1952/1952/1952
f 1953/1953/1953 1954/1954/1954 1955/1955/1955
f 1953/1953/1953 1955/1955/1955 1956/1956/1956
f 1957/1957/1957 1958/1958/1958 1959/1959/1959
f 1957/1957/1957 1959/1959/1959 1960/1960/1960
f 1961/1961/1961 1962/1962/1962 1963/1963/1963
f 1961/1961/1961 1963/1963/1963 1964/1964/1964
f 1965/1965/1965 1966/1966/1966 1967/1967/1967
f 1965/1965/1965 1967/1967/1967 1968/1968/1968
usemtl 02_Yellow
f 1969/1969/1969 1970/1970/1970 1971/1971/1971
f 1969/1969/1969 1971/1971/1971 1972/1972/1972
f 1973/1973/1973 1974/1974/1974 1975/1975/1975
f 1973/1973/1973 1975/1975/1975 1976/1976/1976
f 1977/1977/1977 1978/1978/1978 1979/1979/1979
f 1977/1977/1977 1979/1979/1979 1980/1980/1980
f 1981/1981/1981 1982/1982/1982 1983/1983/1983
f 1981/1981/1981 1983/1983/1983 1984/1984/1984
f 1985/1985/1985 1986/1986/1986 1987/1987/1987
f 1985/1985/1985 1987/1987/1987 1988/1988/1988
f 1989/1989/1989 1990/1990/1990 1991/1991/1991
f 1989/1989/1989 1991/1991/1991 1992/1992/1992
usemtl 03_Red
f 1993/1993/1993 2001/2001/2001 2002/2002/2002
f 1993/1993/1993 2002/2002/2002 1994/1994/1994
f 1994/1994/1994 2002/2002/2002 2003/2003/2003
f 1994/1994/1994 2003/2003/2003 1995/1995/1995
f 1995/1995/1995 2003/2003/2003 2004/2004/2004
f 1995/1995/1995 2004/2004/2004 1996/1996/1996
f 1996/1996/1996 2004/2004/2004 2005/2005/2005
f 1996/1996/1996 2005/2005/2005 1997/1997/1997
f 1997/1997/1997 2005/2005/2005 2006/2006/2006
f 1997/1997/1997 2006/2006/2006 1998/1998/1998
f 1998/1998/1998 2006/2006/2006 2007/2007/2007
f 1998/1998/1998 2007/2007/2007 1999/1999/1999
f 1999/1999/1999 2007/2007/2007 2008/2008/2008
f 1999/1999/1999 2008/2008/2008 2000/2000/2000
f 2000/2000/2000 2008/2008/2008 2001/2001/2001
f 2000/2000/2000 2001/2001/2001 1993/1993/1993
f 2001/2001/2001 2009/2009/2009 2010/2010/2010
f 2001/2001/2001 2010/2010/2010 2002/2002/2002
f 2002/2002/2002 2010/2010/2010 2011/2011/2011
f 2002/2002/2002 2011/2011/2011 2003/2003/2003
f 2003/2003/2003 2011/2011/2011 2012/2012/2012
f 2003/2003/2003 2012/2012/2012 2004/2004/2004
f 2004/2004/2004 2012/2012/2012 2013/2013/2013
f 2004/2004/2004 2013/2013/2013 2005/2005/2005
f 2005/2005/2005 2013/2013/2013 2014/2014/2014
f 2005/2005/2005 2014/2014/2014 2006/2006/2006
f 2006/2006/2006 2014/2014/2014 2015/2015/2015
f 2006/2006/2006 2015/2015/2015 2007/2007/2007
f 2007/2007/2007 2015/2015/2015 2016/2016/2016
f 2007/2007/2007 2016/2016/2016 2008/2008/2008
f 2008/2008/2008 2016/2016/2016 2009/2009/2009
f 2008/2008/2008 2009/2009/2009 2001/2001/2001
f 2009/2009/2009 2017/2017/2017 2018/2018/2018
f 2009/2009/2009 2018/2018/2018 2010/2010/2010
f 2010/2010/2010 2018/2018/2018 2019/2019/2019
f 2010/2010/2010 2019/2019/2019 2011/2011/2011
f 2011/2011/2011 2019/2019/2019 2020/2020/2020
f 2011/2011/2011 2020/2020/2020 2012/2012/2012
f 2012/2012/2012 2020/2020/2020 2021/2021/2021
f 2012/2012/2012 2021/2021/2021 2013/2013/2013
f 2013/2013/2013 2021/2021/2021 2022/2022/2022
f 2013/2013/2013 2022/2022/2022 2014/2014/2014
f 2014/2014/2014 2022/2022/2022 2023/2023/2023
f 2014/2014/2014 2023/2023/2023 2015/2015/2015
f 2015/2015/2015 2023/2023/2023 2024/2024/2024
f 2015/2015/2015 2024/2024/2024 2016/2016/2016
f 2016/2016/2016 2024/2024/2024 2017/2017/2017
f 2016/2016/2016 2017/2017/2017 2009/2009/2009
f 2017/2017/2017 2025/2025/2025 2026/2026/2026
f 2017/2017/2017 2026/2026/2026 2018/2018/2018
f 2018/2018/2018 2026/2026/2026 2027/2027/2027
f 2018/2018/2018 2027/2027/2027 2019/2019/2019
f 2019/2019/2019 2027/2027/2027 2028/2028/2028
f 2019/2019/2019 2028/2028/2028 2020/2020/2020
f 2020/2020/2020 2028/2028/2028 2029/2029/2029
f 2020/2020/2020 2029/2029/2029 2021/2021/2021
f 2021/2021/2021 2029/2029/2029 2030/2030/2030
f 2021/2021/2021 2030/2030/2030 2022/2022/2022
f 2022/2022/2022 2030/2030/2030 2031/2031/2031
f 2022/2022/2022 2031/2031/2031 2023/2023/2023
f 2023/2023/2023 2031/2031/2031 2032/2032/2032
f 2023/2023/2023 2032/2032/2032 2024/2024/2024
f 2024/2024/2024 2032/2032/2032 2025/2025/2025
f 2024/2024/2024 2025/2025/2025 2017/2017/2017
f 2025/2025/2025 2033/2033/2033 2034/2034/2034
f 2025/2025/2025 2034/2034/2034 2026/2026/2026
f 2026/2026/2026 2034/2034/2034 2035/2035/2035
f 2026/2026/2026 2035/2035/2035 2027/2027/2027
f 2027/2027/2027 2035/2035/2035 2036/2036/2036
f 2027/2027/2027 2036/2036/2036 2028/2028/2028
f 2028/2028/2028 2036/2036/2036 2037/2037/2037
f 2028/2028/2028 2037/2037/2037 2029/2029/2029
f 2029/2029/2029 2037/2037/2037 2038/2038/2038
f 2029/2029/2029 2038/2038/2038 2030/2030/2030
f 2030/2030/2030 2038/2038/2038 2039/2039/2039
f 2030/2030/2030 2039/2039/2039 2031/2031/2031
f 2031/2031/2031 2039/2039/2039 2040/2040/2040
f 2031/2031/2031 2040/2040/2040 2032/2032/2032
f 2032/2032/2032 2040/2040/2040 2033/2033/2033
f 2032/2032/2032 2033/2033/2033 2025/2025/2025
f 2033/2033/2033 2041/2041/2041 2042/2042/2042
f 2033/2033/2033 2042/2042/2042 2034/2034/2034
f 2034/2034/2034 2042/2042/2042 2043/2043/2043
f 2034/2034/2034 2043/2043/2043 2035/2035/2035
f 2035/2035/2035 2043/2043/2043 2044/2044/2044
f 2035/2035/2035 2044/2044/2044 2036/2036/2036
f 2036/2036/2036 2044/2044/2044 2045/2045/2045
f 2036/2036/2036 2045/2045/2045 2037/2037/2037
f 2037/2037/2037 2045/2045/2045 2046/2046/2046
f 2037/2037/2037 2046/2046/2046 2038/2038/2038
f 2038/2038/2038 2046/2046/2046 2047/2047/2047
f 2038/2038/2038 2047/2047/2047 2039/2039/2039
f 2039/2039/2039 2047/2047/2047 2048/2048/2048
f 2039/2039/2039 2048/2048/2048 2040/2040/2040
f 2040/2040/2040 2048/2048/2048 2041/2041/2041
f 2040/2040/2040 2041/2041/2041 2033/2033/2033
f 2041/2041/2041 2049/2049/2049 2050/2050/2050
f 2041/2041/2041 2050/2050/2050 2042/2042/2042
f 2042/2042/2042 2050/2050/2050 2051/2051/2051
f 2042/2042/2042 2051/2051/2051 2043/2043/2043
f 2043/2043/2043 2051/2051/2051 2052/2052/2052
f 2043/2043/2043 2052/2052/2052 2044/2044/2044
f 2044/2044/2044 2052/2052/2052 2053/2053/2053
f 2044/2044/2044 2053/2053/2053 2045/2045/2045
f 2045/2045/2045 2053/2053/2053 2054/2054/2054
f 2045/2045/2045 2054/2054/2054 2046/2046/2046
f 2046/2046/2046 2054/2054/2054 2055/2055/2055
f 2046/2046/2046 2055/2055/2055 2047/2047/2047
f 2047/2047/2047 2055/2055/2055 2056/2056/2056
f 2047/2047/2047 2056/2056/2056 2048/2048/2048
f 2048/2048/2048 2056/2056/2056 2049/2049/2049
f 2048/2048/2048 2049/2049/2049 2041/2041/2041
f 2049/2049/2049 2057/2057/2057 2058/2058/2058
f 2049/2049/2049 2058/2058/2058 2050/2050/2050
f 2050/2050/2050 2058/2058/2058 2059/2059/2059
f 2050/2050/2050 2059/2059/2059 2051/2051/2051
f 2051/2051/2051 2059/2059/2059 2060/2060/2060
f 2051/2051/2051 2060/2060/2060 2052/2052/2052
f 2052/2052/2052 2060/2060/2060 2061/2061/2061
f 2052/2052/2052 2061/2061/2061 2053/2053/2053
f 2053/2053/2053 2061/2061/2061 2062/2062/2062
f 2053/2053/2053 2062/2062/2062 2054/2054/2054
f 2054/2054/2054 2062/2062/2062 2063/2063/2063
f 2054/2054/2054 2063/2063/2063 2055/2055/2055
f 2055/2055/2055 2063/2063/2063 2064/2064/2064
f 2055/2055/2055 2064/2064/2064 2056/2056/2056
f 2056/2056/2056 2064/2064/2064 2057/2057/2057
f 2056/2056/2056 2057/2057/2057 2049/2049/2049
f 2057/2057/2057 2065/2065/2065 2066/2066/2066
f 2057/2057/2057 2066/2066/2066 2058/2058/2058
f 2058/2058/2058 2066/2066/2066 2067/2067/2067
f 2058/2058/2058 2067/2067/2067 2059/2059/2059
f 2059/2059/2059 2067/2067/2067 2068/2068/2068
f 2059/2059/2059 2068/2068/2068 2060/2060/2060
f 2060/2060/2060 2068/2068/2068 2069/2069/2069
f 2060/2060/2060 2069/2069/2069 2061/2061/2061
f 2061/2061/2061 2069/2069/2069 2070/2070/2070
f 2061/2061/2061 2070/2070/2070 2062/2062/2062
f 2062/2062/2062 2070/2070/2070 2071/2071/2071
f 2062/2062/2062 2071/2071/2071 2063/2063/2063
f 2063/2063/2063 2071/2071/2071 2072/2072/2072
f 2063/2063/2063 2072/2072/2072 2064/2064/2064
f 2064/2064/2064 2072/2072/2072 2065/2065/2065
f 2064/2064/2064 2065/2065/2065 2057/2057/2057
f 2065/2065/2065 2073/2073/2073 2074/2074/2074
f 2065/2065/2065 2074/2074/2074 2066/2066/2066
f 2066/2066/2066 2074/2074/2074 2075/2075/2075
f 2066/2066/2066 2075/2075/2075 2067/2067/2067
f 2067/2067/2067 2075/2075/2075 2076/2076/2076
f 2067/2067/2067 2076/2076/2076 2068/2068/2068
f 2068/2068/2068 2076/2076/2076 2077/2077/2077
f 2068/2068/2068 2077/2077/2077 2069/2069/2069
f 2069/2069/2069 2077/2077/2077 2078/2078/2078
f 2069/2069/2069 2078/2078/2078 2070/2070/2070
f 2070/2070/2070 2078/2078/2078 2079/2079/2079
f 2070/2070/2070 2079/2079/2079 2071/2071/2071
f 2071/2071/2071 2079/2079/2079 2080/2080/2080
f 2071/2071/2071 2080/2080/2080 2072/2072/2072
f 2072/2072/2072 2080/2080/2080 2073/2073/2073
f 2072/2072/2072 2073/2073/2073 2065/2065/2065
f 2073/2073/2073 2081/2081/2081 2082/2082/2082
f 2073/2073/2073 2082/2082/2082 2074/2074/2074
f 2074/2074/2074 2082/2082/2082 2083/2083/2083
f 2074/2074/2074 2083/2083/2083 2075/2075/2075
f 2075/2075/2075 2083/2083/2083 2084/2084/2084
f 2075/2075/2075 2084/2084/2084 2076/2076/2076
f 2076/2076/2076 2084/2084/2084 2085/2085/2085
f 2076/2076/2076 2085/2085/2085 2077/2077/2077
f 2077/2077/2077 2085/2085/2085 2086/2086/2086
f 2077/2077/2077 2086/2086/2086 2078/2078/2078
f 2078/2078/2078 2086/2086/2086 2087/2087/2087
f 2078/2078/2078 2087/2087/2087 2079/2079/2079
f 2079/2079/2079 2087/2087/2087 2088/2088/2088
f 2079/2079/2079 2088/2088/2088 2080/2080/2080
f 2080/2080/2080 2088/2088/2088 2081/2081/2081
f 2080/2080/2080 2081/2081/2081 2073/2073/2073
f 2081/2081/2081 2089/2089/2089 2090/2090/2090
f 2081/2081/2081 2090/2090/2090 2082/2082/2082
f 2082/2082/2082 2090/2090/2090 2091/2091/2091
f 2082/2082/2082 2091/2091/2091 2083/2083/2083
f 2083/2083/2083 2091/2091/2091 2092/2092/2092
f 2083/2083/2083 2092/2092/2092 2084/2084/2084
f 2084/2084/2084 2092/2092/2092 2093/2093/2093
f 2084/2084/2084 2093/2093/2093 2085/2085/2085
f 2085/2085/2085 2093/2093/2093 2094/2094/2094
f 2085/2085/2085 2094/2094/2094 2086/2086/2086
f 2086/2086/2086 2094/2094/2094 2095/2095/2095
f 2086/2086/2086 2095/2095/2095 2087/2087/2087
f 2087/2087/2087 2095/2095/2095 2096/2096/2096
f 2087/2087/2087 2096/2096/2096 2088/2088/2088
f 2088/2088/2088 2096/2096/2096 2089/2089/2089
f 2088/2088/2088 2089/2089/2089 2081/2081/2081
f 2089/2089/2089 2097/2097/2097 2098/2098/2098
f 2089/2089/2089 2098/2098/2098 2090/2090/2090
f 2090/2090/2090 2098/2098/2098 2099/2099/2099
f 2090/2090/2090 2099/2099/2099 2091/2091/2091
f 2091/2091/2091 2099/2099/2099 2100/2100/2100
f 2091/2091/2091 2100/2100/2100 2092/2092/2092
f 2092/2092/2092 2100/2100/2100 2101/2101/2101
f 2092/2092/2092 2101/2101/2101 2093/2093/2093
f 2093/2093/2093 2101/2101/2101 2102/2102/2102
f 2093/2093/2093 2102/2102/2102 2094/2094/2094
f 2094/2094/2094 2102/2102/2102 2103/2103/2103
f 2094/2094/2094 2103/2103/2103 2095/2095/2095
f 2095/2095/2095 2103/2103/2103 2104/2104/2104
f 2095/2095/2095 2104/2104/2104 2096/2096/2096
f 2096/2096/2096 2104/2104/2104 2097/2097/2097
f 2096/2096/2096 2097/2097/2097 2089/2089/2089
f 2097/2097/2097 2105/2105/2105 2106/2106/2106
f 2097/2097/2097 2106/2106/2106 2098/2098/2098
f 2098/2098/2098 2106/2106/2106 2107/2107/2107
f 2098/2098/2098 2107/2107/2107 2099/2099/2099
f 2099/2099/2099 2107/2107/2107 2108/2108/2108
f 2099/2099/2099 2108/2108/2108 2100/2100/2100
f 2100/2100/2100 2108/2108/2108 2109/2109/2109
f 2100/2100/2100 2109/2109/2109 2101/2101/2101
f 2101/2101/2101 2109/2109/2109 2110/2110/2110
f 2101/2101/2101 2110/2110/2110 2102/2102/2102
f 2102/2102/2102 2110/2110/2110 2111/2111/2111
f 2102/2102/2102 2111/2111/2111 2103/2103/2103
f 2103/2103/2103 2111/2111/2111 2112/2112/2112
f 2103/2103/2103 2112/2112/2112 2104/2104/2104
f 2104/2104/2104 2112/2112/2112 2105/2105/2105
f 2104/2104/2104 2105/2105/2105 2097/2097/2097
f 2105/2105/2105 2113/2113/2113 2114/2114/2114
f 2105/2105/2105 2114/2114/2114 2106/2106/2106
f 2106/2106/2106 2114/2114/2114 2115/2115/2115
f 2106/2106/2106 2115/2115/2115 2107/2107/2107
f 2107/2107/2107 2115/2115/2115 2116/2116/2116
f 2107/2107/2107 2116/2116/2116 2108/2108/2108
f 2108/2108/2108 2116/2116/2116 2117/2117/2117
f 2108/2108/2108 2117/2117/2117 2109/2109/2109
f 2109/2109/2109 2117/2117/2117 2118/2118/2118
f 2109/2109/2109 2118/2118/2118 2110/2110/2110
f 2110/2110/2110 2118/2118/2118 2119/2119/2119
f 2110/2110/2110 2119/2119/2119 2111/2111/2111
f 2111/2111/2111 2119/2119/2119 2120/2120/2120
f 2111/2111/2111 2120/2120/2120 2112/2112/2112
f 2112/2112/2112 2120/2120/2120 2113/2113/2113
f 2112/2112/2112 2113/2113/2113 2105/2105/2105
f 2113/2113/2113 1993/1993/1993 1994/1994/1994
f 2113/2113/2113 1994/1994/1994 2114/2114/2114
f 2114/2114/2114 1994/1994/1994 1995/1995/1995
f 2114/2114/2114 1995/1995/1995 2115/2115/2115
f 2115/2115/2115 1995/1995/1995 1996/1996/1996
f 2115/2115/2115 1996/1996/1996 2116/2116/2116
f 2116/2116/2116 1996/1996/1996 1997/1997/1997
f 2116/2116/2116 1997/1997/1997 2117/2117/2117
f 2117/2117/2117 1997/1997/1997 1998/1998/1998
f 2117/2117/2117 1998/1998/1998 2118/2118/2118
f 2118/2118/2118 1998/1998/1998 1999/1999/1999
f 2118/2118/2118 1999/1999/1999 2119/2119/2119
f 2119/2119/2119 1999/1999/1999 2000/2000/2000
f 2119/2119/2119 2000/2000/2000 2120/2120/2120
f 2120/2120/2120 2000/2000/2000 1993/1993/1993
f 2120/2120/2120 1993/1993/1993 2113/2113/2113
