# High-Detail Industrial 3D Asset: gas_regulator_hd.obj
v 0.057500 0.022000 0.000000
v 0.022500 0.022000 0.000000
v 0.057500 0.011000 0.019053
v 0.022500 0.011000 0.019053
v 0.057500 -0.011000 0.019053
v 0.022500 -0.011000 0.019053
v 0.057500 -0.022000 0.000000
v 0.022500 -0.022000 0.000000
v 0.057500 -0.011000 -0.019053
v 0.022500 -0.011000 -0.019053
v 0.057500 0.011000 -0.019053
v 0.022500 0.011000 -0.019053
v 0.057500 0.000000 0.000000
v 0.022500 0.000000 0.000000
v 0.057500 0.022000 0.000000
v 0.022500 0.022000 0.000000
v 0.057500 0.011000 0.019053
v 0.022500 0.011000 0.019053
v 0.057500 -0.011000 0.019053
v 0.022500 -0.011000 0.019053
v 0.057500 -0.022000 0.000000
v 0.022500 -0.022000 0.000000
v 0.057500 -0.011000 -0.019053
v 0.022500 -0.011000 -0.019053
v 0.057500 0.011000 -0.019053
v 0.022500 0.011000 -0.019053
v 0.030000 0.012000 0.000000
v 0.000000 0.012000 0.000000
v 0.030000 0.011087 0.004592
v 0.000000 0.011087 0.004592
v 0.030000 0.008485 0.008485
v 0.000000 0.008485 0.008485
v 0.030000 0.004592 0.011087
v 0.000000 0.004592 0.011087
v 0.030000 0.000000 0.012000
v 0.000000 0.000000 0.012000
v 0.030000 -0.004592 0.011087
v 0.000000 -0.004592 0.011087
v 0.030000 -0.008485 0.008485
v 0.000000 -0.008485 0.008485
v 0.030000 -0.011087 0.004592
v 0.000000 -0.011087 0.004592
v 0.030000 -0.012000 0.000000
v 0.000000 -0.012000 0.000000
v 0.030000 -0.011087 -0.004592
v 0.000000 -0.011087 -0.004592
v 0.030000 -0.008485 -0.008485
v 0.000000 -0.008485 -0.008485
v 0.030000 -0.004592 -0.011087
v 0.000000 -0.004592 -0.011087
v 0.030000 -0.000000 -0.012000
v 0.000000 -0.000000 -0.012000
v 0.030000 0.004592 -0.011087
v 0.000000 0.004592 -0.011087
v 0.030000 0.008485 -0.008485
v 0.000000 0.008485 -0.008485
v 0.030000 0.011087 -0.004592
v 0.000000 0.011087 -0.004592
v 0.030000 0.000000 0.000000
v 0.000000 0.000000 0.000000
v 0.030000 0.012000 0.000000
v 0.000000 0.012000 0.000000
v 0.030000 0.011087 0.004592
v 0.000000 0.011087 0.004592
v 0.030000 0.008485 0.008485
v 0.000000 0.008485 0.008485
v 0.030000 0.004592 0.011087
v 0.000000 0.004592 0.011087
v 0.030000 0.000000 0.012000
v 0.000000 0.000000 0.012000
v 0.030000 -0.004592 0.011087
v 0.000000 -0.004592 0.011087
v 0.030000 -0.008485 0.008485
v 0.000000 -0.008485 0.008485
v 0.030000 -0.011087 0.004592
v 0.000000 -0.011087 0.004592
v 0.030000 -0.012000 0.000000
v 0.000000 -0.012000 0.000000
v 0.030000 -0.011087 -0.004592
v 0.000000 -0.011087 -0.004592
v 0.030000 -0.008485 -0.008485
v 0.000000 -0.008485 -0.008485
v 0.030000 -0.004592 -0.011087
v 0.000000 -0.004592 -0.011087
v 0.030000 -0.000000 -0.012000
v 0.000000 -0.000000 -0.012000
v 0.030000 0.004592 -0.011087
v 0.000000 0.004592 -0.011087
v 0.030000 0.008485 -0.008485
v 0.000000 0.008485 -0.008485
v 0.030000 0.011087 -0.004592
v 0.000000 0.011087 -0.004592
v 0.026000 0.055000 0.000000
v -0.026000 0.055000 0.000000
v 0.026000 0.053126 0.014235
v -0.026000 0.053126 0.014235
v 0.026000 0.047631 0.027500
v -0.026000 0.047631 0.027500
v 0.026000 0.038891 0.038891
v -0.026000 0.038891 0.038891
v 0.026000 0.027500 0.047631
v -0.026000 0.027500 0.047631
v 0.026000 0.014235 0.053126
v -0.026000 0.014235 0.053126
v 0.026000 0.000000 0.055000
v -0.026000 0.000000 0.055000
v 0.026000 -0.014235 0.053126
v -0.026000 -0.014235 0.053126
v 0.026000 -0.027500 0.047631
v -0.026000 -0.027500 0.047631
v 0.026000 -0.038891 0.038891
v -0.026000 -0.038891 0.038891
v 0.026000 -0.047631 0.027500
v -0.026000 -0.047631 0.027500
v 0.026000 -0.053126 0.014235
v -0.026000 -0.053126 0.014235
v 0.026000 -0.055000 0.000000
v -0.026000 -0.055000 0.000000
v 0.026000 -0.053126 -0.014235
v -0.026000 -0.053126 -0.014235
v 0.026000 -0.047631 -0.027500
v -0.026000 -0.047631 -0.027500
v 0.026000 -0.038891 -0.038891
v -0.026000 -0.038891 -0.038891
v 0.026000 -0.027500 -0.047631
v -0.026000 -0.027500 -0.047631
v 0.026000 -0.014235 -0.053126
v -0.026000 -0.014235 -0.053126
v 0.026000 -0.000000 -0.055000
v -0.026000 -0.000000 -0.055000
v 0.026000 0.014235 -0.053126
v -0.026000 0.014235 -0.053126
v 0.026000 0.027500 -0.047631
v -0.026000 0.027500 -0.047631
v 0.026000 0.038891 -0.038891
v -0.026000 0.038891 -0.038891
v 0.026000 0.047631 -0.027500
v -0.026000 0.047631 -0.027500
v 0.026000 0.053126 -0.014235
v -0.026000 0.053126 -0.014235
v 0.026000 0.000000 0.000000
v -0.026000 0.000000 0.000000
v 0.026000 0.055000 0.000000
v -0.026000 0.055000 0.000000
v 0.026000 0.053126 0.014235
v -0.026000 0.053126 0.014235
v 0.026000 0.047631 0.027500
v -0.026000 0.047631 0.027500
v 0.026000 0.038891 0.038891
v -0.026000 0.038891 0.038891
v 0.026000 0.027500 0.047631
v -0.026000 0.027500 0.047631
v 0.026000 0.014235 0.053126
v -0.026000 0.014235 0.053126
v 0.026000 0.000000 0.055000
v -0.026000 0.000000 0.055000
v 0.026000 -0.014235 0.053126
v -0.026000 -0.014235 0.053126
v 0.026000 -0.027500 0.047631
v -0.026000 -0.027500 0.047631
v 0.026000 -0.038891 0.038891
v -0.026000 -0.038891 0.038891
v 0.026000 -0.047631 0.027500
v -0.026000 -0.047631 0.027500
v 0.026000 -0.053126 0.014235
v -0.026000 -0.053126 0.014235
v 0.026000 -0.055000 0.000000
v -0.026000 -0.055000 0.000000
v 0.026000 -0.053126 -0.014235
v -0.026000 -0.053126 -0.014235
v 0.026000 -0.047631 -0.027500
v -0.026000 -0.047631 -0.027500
v 0.026000 -0.038891 -0.038891
v -0.026000 -0.038891 -0.038891
v 0.026000 -0.027500 -0.047631
v -0.026000 -0.027500 -0.047631
v 0.026000 -0.014235 -0.053126
v -0.026000 -0.014235 -0.053126
v 0.026000 -0.000000 -0.055000
v -0.026000 -0.000000 -0.055000
v 0.026000 0.014235 -0.053126
v -0.026000 0.014235 -0.053126
v 0.026000 0.027500 -0.047631
v -0.026000 0.027500 -0.047631
v 0.026000 0.038891 -0.038891
v -0.026000 0.038891 -0.038891
v 0.026000 0.047631 -0.027500
v -0.026000 0.047631 -0.027500
v 0.026000 0.053126 -0.014235
v -0.026000 0.053126 -0.014235
v 0.063000 0.000000 0.000000
v 0.061928 0.004000 0.000000
v 0.059000 0.006928 0.000000
v 0.055000 0.008000 0.000000
v 0.051000 0.006928 0.000000
v 0.048072 0.004000 0.000000
v 0.047000 0.000000 0.000000
v 0.048072 -0.004000 0.000000
v 0.051000 -0.006928 0.000000
v 0.055000 -0.008000 0.000000
v 0.059000 -0.006928 0.000000
v 0.061928 -0.004000 0.000000
v 0.060853 0.000000 0.016306
v 0.059818 0.004000 0.016028
v 0.056990 0.006928 0.015270
v 0.053126 0.008000 0.014235
v 0.049262 0.006928 0.013200
v 0.046434 0.004000 0.012442
v 0.045399 0.000000 0.012164
v 0.046434 -0.004000 0.012442
v 0.049262 -0.006928 0.013200
v 0.053126 -0.008000 0.014235
v 0.056990 -0.006928 0.015270
v 0.059818 -0.004000 0.016028
v 0.054560 0.000000 0.031500
v 0.053631 0.004000 0.030964
v 0.051095 0.006928 0.029500
v 0.047631 0.008000 0.027500
v 0.044167 0.006928 0.025500
v 0.041631 0.004000 0.024036
v 0.040703 0.000000 0.023500
v 0.041631 -0.004000 0.024036
v 0.044167 -0.006928 0.025500
v 0.047631 -0.008000 0.027500
v 0.051095 -0.006928 0.029500
v 0.053631 -0.004000 0.030964
v 0.044548 0.000000 0.044548
v 0.043790 0.004000 0.043790
v 0.041719 0.006928 0.041719
v 0.038891 0.008000 0.038891
v 0.036062 0.006928 0.036062
v 0.033992 0.004000 0.033992
v 0.033234 0.000000 0.033234
v 0.033992 -0.004000 0.033992
v 0.036062 -0.006928 0.036062
v 0.038891 -0.008000 0.038891
v 0.041719 -0.006928 0.041719
v 0.043790 -0.004000 0.043790
v 0.031500 0.000000 0.054560
v 0.030964 0.004000 0.053631
v 0.029500 0.006928 0.051095
v 0.027500 0.008000 0.047631
v 0.025500 0.006928 0.044167
v 0.024036 0.004000 0.041631
v 0.023500 0.000000 0.040703
v 0.024036 -0.004000 0.041631
v 0.025500 -0.006928 0.044167
v 0.027500 -0.008000 0.047631
v 0.029500 -0.006928 0.051095
v 0.030964 -0.004000 0.053631
v 0.016306 0.000000 0.060853
v 0.016028 0.004000 0.059818
v 0.015270 0.006928 0.056990
v 0.014235 0.008000 0.053126
v 0.013200 0.006928 0.049262
v 0.012442 0.004000 0.046434
v 0.012164 0.000000 0.045399
v 0.012442 -0.004000 0.046434
v 0.013200 -0.006928 0.049262
v 0.014235 -0.008000 0.053126
v 0.015270 -0.006928 0.056990
v 0.016028 -0.004000 0.059818
v 0.000000 0.000000 0.063000
v 0.000000 0.004000 0.061928
v 0.000000 0.006928 0.059000
v 0.000000 0.008000 0.055000
v 0.000000 0.006928 0.051000
v 0.000000 0.004000 0.048072
v 0.000000 0.000000 0.047000
v 0.000000 -0.004000 0.048072
v 0.000000 -0.006928 0.051000
v 0.000000 -0.008000 0.055000
v 0.000000 -0.006928 0.059000
v 0.000000 -0.004000 0.061928
v -0.016306 0.000000 0.060853
v -0.016028 0.004000 0.059818
v -0.015270 0.006928 0.056990
v -0.014235 0.008000 0.053126
v -0.013200 0.006928 0.049262
v -0.012442 0.004000 0.046434
v -0.012164 0.000000 0.045399
v -0.012442 -0.004000 0.046434
v -0.013200 -0.006928 0.049262
v -0.014235 -0.008000 0.053126
v -0.015270 -0.006928 0.056990
v -0.016028 -0.004000 0.059818
v -0.031500 0.000000 0.054560
v -0.030964 0.004000 0.053631
v -0.029500 0.006928 0.051095
v -0.027500 0.008000 0.047631
v -0.025500 0.006928 0.044167
v -0.024036 0.004000 0.041631
v -0.023500 0.000000 0.040703
v -0.024036 -0.004000 0.041631
v -0.025500 -0.006928 0.044167
v -0.027500 -0.008000 0.047631
v -0.029500 -0.006928 0.051095
v -0.030964 -0.004000 0.053631
v -0.044548 0.000000 0.044548
v -0.043790 0.004000 0.043790
v -0.041719 0.006928 0.041719
v -0.038891 0.008000 0.038891
v -0.036062 0.006928 0.036062
v -0.033992 0.004000 0.033992
v -0.033234 0.000000 0.033234
v -0.033992 -0.004000 0.033992
v -0.036062 -0.006928 0.036062
v -0.038891 -0.008000 0.038891
v -0.041719 -0.006928 0.041719
v -0.043790 -0.004000 0.043790
v -0.054560 0.000000 0.031500
v -0.053631 0.004000 0.030964
v -0.051095 0.006928 0.029500
v -0.047631 0.008000 0.027500
v -0.044167 0.006928 0.025500
v -0.041631 0.004000 0.024036
v -0.040703 0.000000 0.023500
v -0.041631 -0.004000 0.024036
v -0.044167 -0.006928 0.025500
v -0.047631 -0.008000 0.027500
v -0.051095 -0.006928 0.029500
v -0.053631 -0.004000 0.030964
v -0.060853 0.000000 0.016306
v -0.059818 0.004000 0.016028
v -0.056990 0.006928 0.015270
v -0.053126 0.008000 0.014235
v -0.049262 0.006928 0.013200
v -0.046434 0.004000 0.012442
v -0.045399 0.000000 0.012164
v -0.046434 -0.004000 0.012442
v -0.049262 -0.006928 0.013200
v -0.053126 -0.008000 0.014235
v -0.056990 -0.006928 0.015270
v -0.059818 -0.004000 0.016028
v -0.063000 0.000000 0.000000
v -0.061928 0.004000 0.000000
v -0.059000 0.006928 0.000000
v -0.055000 0.008000 0.000000
v -0.051000 0.006928 0.000000
v -0.048072 0.004000 0.000000
v -0.047000 0.000000 0.000000
v -0.048072 -0.004000 0.000000
v -0.051000 -0.006928 0.000000
v -0.055000 -0.008000 0.000000
v -0.059000 -0.006928 0.000000
v -0.061928 -0.004000 0.000000
v -0.060853 0.000000 -0.016306
v -0.059818 0.004000 -0.016028
v -0.056990 0.006928 -0.015270
v -0.053126 0.008000 -0.014235
v -0.049262 0.006928 -0.013200
v -0.046434 0.004000 -0.012442
v -0.045399 0.000000 -0.012164
v -0.046434 -0.004000 -0.012442
v -0.049262 -0.006928 -0.013200
v -0.053126 -0.008000 -0.014235
v -0.056990 -0.006928 -0.015270
v -0.059818 -0.004000 -0.016028
v -0.054560 0.000000 -0.031500
v -0.053631 0.004000 -0.030964
v -0.051095 0.006928 -0.029500
v -0.047631 0.008000 -0.027500
v -0.044167 0.006928 -0.025500
v -0.041631 0.004000 -0.024036
v -0.040703 0.000000 -0.023500
v -0.041631 -0.004000 -0.024036
v -0.044167 -0.006928 -0.025500
v -0.047631 -0.008000 -0.027500
v -0.051095 -0.006928 -0.029500
v -0.053631 -0.004000 -0.030964
v -0.044548 0.000000 -0.044548
v -0.043790 0.004000 -0.043790
v -0.041719 0.006928 -0.041719
v -0.038891 0.008000 -0.038891
v -0.036062 0.006928 -0.036062
v -0.033992 0.004000 -0.033992
v -0.033234 0.000000 -0.033234
v -0.033992 -0.004000 -0.033992
v -0.036062 -0.006928 -0.036062
v -0.038891 -0.008000 -0.038891
v -0.041719 -0.006928 -0.041719
v -0.043790 -0.004000 -0.043790
v -0.031500 0.000000 -0.054560
v -0.030964 0.004000 -0.053631
v -0.029500 0.006928 -0.051095
v -0.027500 0.008000 -0.047631
v -0.025500 0.006928 -0.044167
v -0.024036 0.004000 -0.041631
v -0.023500 0.000000 -0.040703
v -0.024036 -0.004000 -0.041631
v -0.025500 -0.006928 -0.044167
v -0.027500 -0.008000 -0.047631
v -0.029500 -0.006928 -0.051095
v -0.030964 -0.004000 -0.053631
v -0.016306 0.000000 -0.060853
v -0.016028 0.004000 -0.059818
v -0.015270 0.006928 -0.056990
v -0.014235 0.008000 -0.053126
v -0.013200 0.006928 -0.049262
v -0.012442 0.004000 -0.046434
v -0.012164 0.000000 -0.045399
v -0.012442 -0.004000 -0.046434
v -0.013200 -0.006928 -0.049262
v -0.014235 -0.008000 -0.053126
v -0.015270 -0.006928 -0.056990
v -0.016028 -0.004000 -0.059818
v -0.000000 0.000000 -0.063000
v -0.000000 0.004000 -0.061928
v -0.000000 0.006928 -0.059000
v -0.000000 0.008000 -0.055000
v -0.000000 0.006928 -0.051000
v -0.000000 0.004000 -0.048072
v -0.000000 0.000000 -0.047000
v -0.000000 -0.004000 -0.048072
v -0.000000 -0.006928 -0.051000
v -0.000000 -0.008000 -0.055000
v -0.000000 -0.006928 -0.059000
v -0.000000 -0.004000 -0.061928
v 0.016306 0.000000 -0.060853
v 0.016028 0.004000 -0.059818
v 0.015270 0.006928 -0.056990
v 0.014235 0.008000 -0.053126
v 0.013200 0.006928 -0.049262
v 0.012442 0.004000 -0.046434
v 0.012164 0.000000 -0.045399
v 0.012442 -0.004000 -0.046434
v 0.013200 -0.006928 -0.049262
v 0.014235 -0.008000 -0.053126
v 0.015270 -0.006928 -0.056990
v 0.016028 -0.004000 -0.059818
v 0.031500 0.000000 -0.054560
v 0.030964 0.004000 -0.053631
v 0.029500 0.006928 -0.051095
v 0.027500 0.008000 -0.047631
v 0.025500 0.006928 -0.044167
v 0.024036 0.004000 -0.041631
v 0.023500 0.000000 -0.040703
v 0.024036 -0.004000 -0.041631
v 0.025500 -0.006928 -0.044167
v 0.027500 -0.008000 -0.047631
v 0.029500 -0.006928 -0.051095
v 0.030964 -0.004000 -0.053631
v 0.044548 0.000000 -0.044548
v 0.043790 0.004000 -0.043790
v 0.041719 0.006928 -0.041719
v 0.038891 0.008000 -0.038891
v 0.036062 0.006928 -0.036062
v 0.033992 0.004000 -0.033992
v 0.033234 0.000000 -0.033234
v 0.033992 -0.004000 -0.033992
v 0.036062 -0.006928 -0.036062
v 0.038891 -0.008000 -0.038891
v 0.041719 -0.006928 -0.041719
v 0.043790 -0.004000 -0.043790
v 0.054560 0.000000 -0.031500
v 0.053631 0.004000 -0.030964
v 0.051095 0.006928 -0.029500
v 0.047631 0.008000 -0.027500
v 0.044167 0.006928 -0.025500
v 0.041631 0.004000 -0.024036
v 0.040703 0.000000 -0.023500
v 0.041631 -0.004000 -0.024036
v 0.044167 -0.006928 -0.025500
v 0.047631 -0.008000 -0.027500
v 0.051095 -0.006928 -0.029500
v 0.053631 -0.004000 -0.030964
v 0.060853 0.000000 -0.016306
v 0.059818 0.004000 -0.016028
v 0.056990 0.006928 -0.015270
v 0.053126 0.008000 -0.014235
v 0.049262 0.006928 -0.013200
v 0.046434 0.004000 -0.012442
v 0.045399 0.000000 -0.012164
v 0.046434 -0.004000 -0.012442
v 0.049262 -0.006928 -0.013200
v 0.053126 -0.008000 -0.014235
v 0.056990 -0.006928 -0.015270
v 0.059818 -0.004000 -0.016028
v -0.020500 0.028000 0.000000
v -0.055500 0.028000 0.000000
v -0.020500 0.026630 0.008652
v -0.055500 0.026630 0.008652
v -0.020500 0.022652 0.016458
v -0.055500 0.022652 0.016458
v -0.020500 0.016458 0.022652
v -0.055500 0.016458 0.022652
v -0.020500 0.008652 0.026630
v -0.055500 0.008652 0.026630
v -0.020500 0.000000 0.028000
v -0.055500 0.000000 0.028000
v -0.020500 -0.008652 0.026630
v -0.055500 -0.008652 0.026630
v -0.020500 -0.016458 0.022652
v -0.055500 -0.016458 0.022652
v -0.020500 -0.022652 0.016458
v -0.055500 -0.022652 0.016458
v -0.020500 -0.026630 0.008652
v -0.055500 -0.026630 0.008652
v -0.020500 -0.028000 0.000000
v -0.055500 -0.028000 0.000000
v -0.020500 -0.026630 -0.008652
v -0.055500 -0.026630 -0.008652
v -0.020500 -0.022652 -0.016458
v -0.055500 -0.022652 -0.016458
v -0.020500 -0.016458 -0.022652
v -0.055500 -0.016458 -0.022652
v -0.020500 -0.008652 -0.026630
v -0.055500 -0.008652 -0.026630
v -0.020500 -0.000000 -0.028000
v -0.055500 -0.000000 -0.028000
v -0.020500 0.008652 -0.026630
v -0.055500 0.008652 -0.026630
v -0.020500 0.016458 -0.022652
v -0.055500 0.016458 -0.022652
v -0.020500 0.022652 -0.016458
v -0.055500 0.022652 -0.016458
v -0.020500 0.026630 -0.008652
v -0.055500 0.026630 -0.008652
v -0.020500 0.000000 0.000000
v -0.055500 0.000000 0.000000
v -0.020500 0.028000 0.000000
v -0.055500 0.028000 0.000000
v -0.020500 0.026630 0.008652
v -0.055500 0.026630 0.008652
v -0.020500 0.022652 0.016458
v -0.055500 0.022652 0.016458
v -0.020500 0.016458 0.022652
v -0.055500 0.016458 0.022652
v -0.020500 0.008652 0.026630
v -0.055500 0.008652 0.026630
v -0.020500 0.000000 0.028000
v -0.055500 0.000000 0.028000
v -0.020500 -0.008652 0.026630
v -0.055500 -0.008652 0.026630
v -0.020500 -0.016458 0.022652
v -0.055500 -0.016458 0.022652
v -0.020500 -0.022652 0.016458
v -0.055500 -0.022652 0.016458
v -0.020500 -0.026630 0.008652
v -0.055500 -0.026630 0.008652
v -0.020500 -0.028000 0.000000
v -0.055500 -0.028000 0.000000
v -0.020500 -0.026630 -0.008652
v -0.055500 -0.026630 -0.008652
v -0.020500 -0.022652 -0.016458
v -0.055500 -0.022652 -0.016458
v -0.020500 -0.016458 -0.022652
v -0.055500 -0.016458 -0.022652
v -0.020500 -0.008652 -0.026630
v -0.055500 -0.008652 -0.026630
v -0.020500 -0.000000 -0.028000
v -0.055500 -0.000000 -0.028000
v -0.020500 0.008652 -0.026630
v -0.055500 0.008652 -0.026630
v -0.020500 0.016458 -0.022652
v -0.055500 0.016458 -0.022652
v -0.020500 0.022652 -0.016458
v -0.055500 0.022652 -0.016458
v -0.020500 0.026630 -0.008652
v -0.055500 0.026630 -0.008652
v -0.047500 0.016000 0.000000
v -0.072500 0.016000 0.000000
v -0.047500 0.014782 0.006123
v -0.072500 0.014782 0.006123
v -0.047500 0.011314 0.011314
v -0.072500 0.011314 0.011314
v -0.047500 0.006123 0.014782
v -0.072500 0.006123 0.014782
v -0.047500 0.000000 0.016000
v -0.072500 0.000000 0.016000
v -0.047500 -0.006123 0.014782
v -0.072500 -0.006123 0.014782
v -0.047500 -0.011314 0.011314
v -0.072500 -0.011314 0.011314
v -0.047500 -0.014782 0.006123
v -0.072500 -0.014782 0.006123
v -0.047500 -0.016000 0.000000
v -0.072500 -0.016000 0.000000
v -0.047500 -0.014782 -0.006123
v -0.072500 -0.014782 -0.006123
v -0.047500 -0.011314 -0.011314
v -0.072500 -0.011314 -0.011314
v -0.047500 -0.006123 -0.014782
v -0.072500 -0.006123 -0.014782
v -0.047500 -0.000000 -0.016000
v -0.072500 -0.000000 -0.016000
v -0.047500 0.006123 -0.014782
v -0.072500 0.006123 -0.014782
v -0.047500 0.011314 -0.011314
v -0.072500 0.011314 -0.011314
v -0.047500 0.014782 -0.006123
v -0.072500 0.014782 -0.006123
v -0.047500 0.000000 0.000000
v -0.072500 0.000000 0.000000
v -0.047500 0.016000 0.000000
v -0.072500 0.016000 0.000000
v -0.047500 0.014782 0.006123
v -0.072500 0.014782 0.006123
v -0.047500 0.011314 0.011314
v -0.072500 0.011314 0.011314
v -0.047500 0.006123 0.014782
v -0.072500 0.006123 0.014782
v -0.047500 0.000000 0.016000
v -0.072500 0.000000 0.016000
v -0.047500 -0.006123 0.014782
v -0.072500 -0.006123 0.014782
v -0.047500 -0.011314 0.011314
v -0.072500 -0.011314 0.011314
v -0.047500 -0.014782 0.006123
v -0.072500 -0.014782 0.006123
v -0.047500 -0.016000 0.000000
v -0.072500 -0.016000 0.000000
v -0.047500 -0.014782 -0.006123
v -0.072500 -0.014782 -0.006123
v -0.047500 -0.011314 -0.011314
v -0.072500 -0.011314 -0.011314
v -0.047500 -0.006123 -0.014782
v -0.072500 -0.006123 -0.014782
v -0.047500 -0.000000 -0.016000
v -0.072500 -0.000000 -0.016000
v -0.047500 0.006123 -0.014782
v -0.072500 0.006123 -0.014782
v -0.047500 0.011314 -0.011314
v -0.072500 0.011314 -0.011314
v -0.047500 0.014782 -0.006123
v -0.072500 0.014782 -0.006123
v -0.075000 -0.027500 0.006000
v -0.065000 -0.027500 0.006000
v -0.065000 0.027500 0.006000
v -0.075000 0.027500 0.006000
v -0.065000 -0.027500 -0.006000
v -0.075000 -0.027500 -0.006000
v -0.075000 0.027500 -0.006000
v -0.065000 0.027500 -0.006000
v -0.075000 0.027500 0.006000
v -0.065000 0.027500 0.006000
v -0.065000 0.027500 -0.006000
v -0.075000 0.027500 -0.006000
v -0.075000 -0.027500 -0.006000
v -0.065000 -0.027500 -0.006000
v -0.065000 -0.027500 0.006000
v -0.075000 -0.027500 0.006000
v -0.065000 -0.027500 0.006000
v -0.065000 -0.027500 -0.006000
v -0.065000 0.027500 -0.006000
v -0.065000 0.027500 0.006000
v -0.075000 -0.027500 -0.006000
v -0.075000 -0.027500 0.006000
v -0.075000 0.027500 0.006000
v -0.075000 0.027500 -0.006000
v 0.011000 0.050000 0.000000
v 0.011000 0.020000 0.000000
v 0.010163 0.050000 0.004210
v 0.010163 0.020000 0.004210
v 0.007778 0.050000 0.007778
v 0.007778 0.020000 0.007778
v 0.004210 0.050000 0.010163
v 0.004210 0.020000 0.010163
v 0.000000 0.050000 0.011000
v 0.000000 0.020000 0.011000
v -0.004210 0.050000 0.010163
v -0.004210 0.020000 0.010163
v -0.007778 0.050000 0.007778
v -0.007778 0.020000 0.007778
v -0.010163 0.050000 0.004210
v -0.010163 0.020000 0.004210
v -0.011000 0.050000 0.000000
v -0.011000 0.020000 0.000000
v -0.010163 0.050000 -0.004210
v -0.010163 0.020000 -0.004210
v -0.007778 0.050000 -0.007778
v -0.007778 0.020000 -0.007778
v -0.004210 0.050000 -0.010163
v -0.004210 0.020000 -0.010163
v -0.000000 0.050000 -0.011000
v -0.000000 0.020000 -0.011000
v 0.004210 0.050000 -0.010163
v 0.004210 0.020000 -0.010163
v 0.007778 0.050000 -0.007778
v 0.007778 0.020000 -0.007778
v 0.010163 0.050000 -0.004210
v 0.010163 0.020000 -0.004210
v 0.000000 0.050000 0.000000
v 0.000000 0.020000 0.000000
v 0.011000 0.050000 0.000000
v 0.011000 0.020000 0.000000
v 0.010163 0.050000 0.004210
v 0.010163 0.020000 0.004210
v 0.007778 0.050000 0.007778
v 0.007778 0.020000 0.007778
v 0.004210 0.050000 0.010163
v 0.004210 0.020000 0.010163
v 0.000000 0.050000 0.011000
v 0.000000 0.020000 0.011000
v -0.004210 0.050000 0.010163
v -0.004210 0.020000 0.010163
v -0.007778 0.050000 0.007778
v -0.007778 0.020000 0.007778
v -0.010163 0.050000 0.004210
v -0.010163 0.020000 0.004210
v -0.011000 0.050000 0.000000
v -0.011000 0.020000 0.000000
v -0.010163 0.050000 -0.004210
v -0.010163 0.020000 -0.004210
v -0.007778 0.050000 -0.007778
v -0.007778 0.020000 -0.007778
v -0.004210 0.050000 -0.010163
v -0.004210 0.020000 -0.010163
v -0.000000 0.050000 -0.011000
v -0.000000 0.020000 -0.011000
v 0.004210 0.050000 -0.010163
v 0.004210 0.020000 -0.010163
v 0.007778 0.050000 -0.007778
v 0.007778 0.020000 -0.007778
v 0.010163 0.050000 -0.004210
v 0.010163 0.020000 -0.004210
v -0.055000 0.014000 0.000000
v -0.145000 0.014000 0.000000
v -0.055000 0.012934 0.005358
v -0.145000 0.012934 0.005358
v -0.055000 0.009899 0.009899
v -0.145000 0.009899 0.009899
v -0.055000 0.005358 0.012934
v -0.145000 0.005358 0.012934
v -0.055000 0.000000 0.014000
v -0.145000 0.000000 0.014000
v -0.055000 -0.005358 0.012934
v -0.145000 -0.005358 0.012934
v -0.055000 -0.009899 0.009899
v -0.145000 -0.009899 0.009899
v -0.055000 -0.012934 0.005358
v -0.145000 -0.012934 0.005358
v -0.055000 -0.014000 0.000000
v -0.145000 -0.014000 0.000000
v -0.055000 -0.012934 -0.005358
v -0.145000 -0.012934 -0.005358
v -0.055000 -0.009899 -0.009899
v -0.145000 -0.009899 -0.009899
v -0.055000 -0.005358 -0.012934
v -0.145000 -0.005358 -0.012934
v -0.055000 -0.000000 -0.014000
v -0.145000 -0.000000 -0.014000
v -0.055000 0.005358 -0.012934
v -0.145000 0.005358 -0.012934
v -0.055000 0.009899 -0.009899
v -0.145000 0.009899 -0.009899
v -0.055000 0.012934 -0.005358
v -0.145000 0.012934 -0.005358
v -0.055000 0.000000 0.000000
v -0.145000 0.000000 0.000000
v -0.055000 0.014000 0.000000
v -0.145000 0.014000 0.000000
v -0.055000 0.012934 0.005358
v -0.145000 0.012934 0.005358
v -0.055000 0.009899 0.009899
v -0.145000 0.009899 0.009899
v -0.055000 0.005358 0.012934
v -0.145000 0.005358 0.012934
v -0.055000 0.000000 0.014000
v -0.145000 0.000000 0.014000
v -0.055000 -0.005358 0.012934
v -0.145000 -0.005358 0.012934
v -0.055000 -0.009899 0.009899
v -0.145000 -0.009899 0.009899
v -0.055000 -0.012934 0.005358
v -0.145000 -0.012934 0.005358
v -0.055000 -0.014000 0.000000
v -0.145000 -0.014000 0.000000
v -0.055000 -0.012934 -0.005358
v -0.145000 -0.012934 -0.005358
v -0.055000 -0.009899 -0.009899
v -0.145000 -0.009899 -0.009899
v -0.055000 -0.005358 -0.012934
v -0.145000 -0.005358 -0.012934
v -0.055000 -0.000000 -0.014000
v -0.145000 -0.000000 -0.014000
v -0.055000 0.005358 -0.012934
v -0.145000 0.005358 -0.012934
v -0.055000 0.009899 -0.009899
v -0.145000 0.009899 -0.009899
v -0.055000 0.012934 -0.005358
v -0.145000 0.012934 -0.005358
v -0.130000 0.020000 0.000000
v -0.150000 0.020000 0.000000
v -0.130000 0.010000 0.017321
v -0.150000 0.010000 0.017321
v -0.130000 -0.010000 0.017321
v -0.150000 -0.010000 0.017321
v -0.130000 -0.020000 0.000000
v -0.150000 -0.020000 0.000000
v -0.130000 -0.010000 -0.017321
v -0.150000 -0.010000 -0.017321
v -0.130000 0.010000 -0.017321
v -0.150000 0.010000 -0.017321
v -0.130000 0.000000 0.000000
v -0.150000 0.000000 0.000000
v -0.130000 0.020000 0.000000
v -0.150000 0.020000 0.000000
v -0.130000 0.010000 0.017321
v -0.150000 0.010000 0.017321
v -0.130000 -0.010000 0.017321
v -0.150000 -0.010000 0.017321
v -0.130000 -0.020000 0.000000
v -0.150000 -0.020000 0.000000
v -0.130000 -0.010000 -0.017321
v -0.150000 -0.010000 -0.017321
v -0.130000 0.010000 -0.017321
v -0.150000 0.010000 -0.017321
vt 0.000000 1.000000
vt 0.000000 0.000000
vt 0.166667 1.000000
vt 0.166667 0.000000
vt 0.333333 1.000000
vt 0.333333 0.000000
vt 0.500000 1.000000
vt 0.500000 0.000000
vt 0.666667 1.000000
vt 0.666667 0.000000
vt 0.833333 1.000000
vt 0.833333 0.000000
vt 0.500000 0.500000
vt 0.500000 0.500000
vt 1.000000 0.500000
vt 1.000000 0.500000
vt 0.750000 0.933013
vt 0.750000 0.933013
vt 0.250000 0.933013
vt 0.250000 0.933013
vt 0.000000 0.500000
vt 0.000000 0.500000
vt 0.250000 0.066987
vt 0.250000 0.066987
vt 0.750000 0.066987
vt 0.750000 0.066987
vt 0.000000 1.000000
vt 0.000000 0.000000
vt 0.062500 1.000000
vt 0.062500 0.000000
vt 0.125000 1.000000
vt 0.125000 0.000000
vt 0.187500 1.000000
vt 0.187500 0.000000
vt 0.250000 1.000000
vt 0.250000 0.000000
vt 0.312500 1.000000
vt 0.312500 0.000000
vt 0.375000 1.000000
vt 0.375000 0.000000
vt 0.437500 1.000000
vt 0.437500 0.000000
vt 0.500000 1.000000
vt 0.500000 0.000000
vt 0.562500 1.000000
vt 0.562500 0.000000
vt 0.625000 1.000000
vt 0.625000 0.000000
vt 0.687500 1.000000
vt 0.687500 0.000000
vt 0.750000 1.000000
vt 0.750000 0.000000
vt 0.812500 1.000000
vt 0.812500 0.000000
vt 0.875000 1.000000
vt 0.875000 0.000000
vt 0.937500 1.000000
vt 0.937500 0.000000
vt 0.500000 0.500000
vt 0.500000 0.500000
vt 1.000000 0.500000
vt 1.000000 0.500000
vt 0.961940 0.691342
vt 0.961940 0.691342
vt 0.853553 0.853553
vt 0.853553 0.853553
vt 0.691342 0.961940
vt 0.691342 0.961940
vt 0.500000 1.000000
vt 0.500000 1.000000
vt 0.308658 0.961940
vt 0.308658 0.961940
vt 0.146447 0.853553
vt 0.146447 0.853553
vt 0.038060 0.691342
vt 0.038060 0.691342
vt 0.000000 0.500000
vt 0.000000 0.500000
vt 0.038060 0.308658
vt 0.038060 0.308658
vt 0.146447 0.146447
vt 0.146447 0.146447
vt 0.308658 0.038060
vt 0.308658 0.038060
vt 0.500000 0.000000
vt 0.500000 0.000000
vt 0.691342 0.038060
vt 0.691342 0.038060
vt 0.853553 0.146447
vt 0.853553 0.146447
vt 0.961940 0.308658
vt 0.961940 0.308658
vt 0.000000 1.000000
vt 0.000000 0.000000
vt 0.041667 1.000000
vt 0.041667 0.000000
vt 0.083333 1.000000
vt 0.083333 0.000000
vt 0.125000 1.000000
vt 0.125000 0.000000
vt 0.166667 1.000000
vt 0.166667 0.000000
vt 0.208333 1.000000
vt 0.208333 0.000000
vt 0.250000 1.000000
vt 0.250000 0.000000
vt 0.291667 1.000000
vt 0.291667 0.000000
vt 0.333333 1.000000
vt 0.333333 0.000000
vt 0.375000 1.000000
vt 0.375000 0.000000
vt 0.416667 1.000000
vt 0.416667 0.000000
vt 0.458333 1.000000
vt 0.458333 0.000000
vt 0.500000 1.000000
vt 0.500000 0.000000
vt 0.541667 1.000000
vt 0.541667 0.000000
vt 0.583333 1.000000
vt 0.583333 0.000000
vt 0.625000 1.000000
vt 0.625000 0.000000
vt 0.666667 1.000000
vt 0.666667 0.000000
vt 0.708333 1.000000
vt 0.708333 0.000000
vt 0.750000 1.000000
vt 0.750000 0.000000
vt 0.791667 1.000000
vt 0.791667 0.000000
vt 0.833333 1.000000
vt 0.833333 0.000000
vt 0.875000 1.000000
vt 0.875000 0.000000
vt 0.916667 1.000000
vt 0.916667 0.000000
vt 0.958333 1.000000
vt 0.958333 0.000000
vt 0.500000 0.500000
vt 0.500000 0.500000
vt 1.000000 0.500000
vt 1.000000 0.500000
vt 0.982963 0.629410
vt 0.982963 0.629410
vt 0.933013 0.750000
vt 0.933013 0.750000
vt 0.853553 0.853553
vt 0.853553 0.853553
vt 0.750000 0.933013
vt 0.750000 0.933013
vt 0.629410 0.982963
vt 0.629410 0.982963
vt 0.500000 1.000000
vt 0.500000 1.000000
vt 0.370590 0.982963
vt 0.370590 0.982963
vt 0.250000 0.933013
vt 0.250000 0.933013
vt 0.146447 0.853553
vt 0.146447 0.853553
vt 0.066987 0.750000
vt 0.066987 0.750000
vt 0.017037 0.629410
vt 0.017037 0.629410
vt 0.000000 0.500000
vt 0.000000 0.500000
vt 0.017037 0.370590
vt 0.017037 0.370590
vt 0.066987 0.250000
vt 0.066987 0.250000
vt 0.146447 0.146447
vt 0.146447 0.146447
vt 0.250000 0.066987
vt 0.250000 0.066987
vt 0.370590 0.017037
vt 0.370590 0.017037
vt 0.500000 0.000000
vt 0.500000 0.000000
vt 0.629410 0.017037
vt 0.629410 0.017037
vt 0.750000 0.066987
vt 0.750000 0.066987
vt 0.853553 0.146447
vt 0.853553 0.146447
vt 0.933013 0.250000
vt 0.933013 0.250000
vt 0.982963 0.370590
vt 0.982963 0.370590
vt 0.000000 0.000000
vt 0.000000 0.083333
vt 0.000000 0.166667
vt 0.000000 0.250000
vt 0.000000 0.333333
vt 0.000000 0.416667
vt 0.000000 0.500000
vt 0.000000 0.583333
vt 0.000000 0.666667
vt 0.000000 0.750000
vt 0.000000 0.833333
vt 0.000000 0.916667
vt 0.041667 0.000000
vt 0.041667 0.083333
vt 0.041667 0.166667
vt 0.041667 0.250000
vt 0.041667 0.333333
vt 0.041667 0.416667
vt 0.041667 0.500000
vt 0.041667 0.583333
vt 0.041667 0.666667
vt 0.041667 0.750000
vt 0.041667 0.833333
vt 0.041667 0.916667
vt 0.083333 0.000000
vt 0.083333 0.083333
vt 0.083333 0.166667
vt 0.083333 0.250000
vt 0.083333 0.333333
vt 0.083333 0.416667
vt 0.083333 0.500000
vt 0.083333 0.583333
vt 0.083333 0.666667
vt 0.083333 0.750000
vt 0.083333 0.833333
vt 0.083333 0.916667
vt 0.125000 0.000000
vt 0.125000 0.083333
vt 0.125000 0.166667
vt 0.125000 0.250000
vt 0.125000 0.333333
vt 0.125000 0.416667
vt 0.125000 0.500000
vt 0.125000 0.583333
vt 0.125000 0.666667
vt 0.125000 0.750000
vt 0.125000 0.833333
vt 0.125000 0.916667
vt 0.166667 0.000000
vt 0.166667 0.083333
vt 0.166667 0.166667
vt 0.166667 0.250000
vt 0.166667 0.333333
vt 0.166667 0.416667
vt 0.166667 0.500000
vt 0.166667 0.583333
vt 0.166667 0.666667
vt 0.166667 0.750000
vt 0.166667 0.833333
vt 0.166667 0.916667
vt 0.208333 0.000000
vt 0.208333 0.083333
vt 0.208333 0.166667
vt 0.208333 0.250000
vt 0.208333 0.333333
vt 0.208333 0.416667
vt 0.208333 0.500000
vt 0.208333 0.583333
vt 0.208333 0.666667
vt 0.208333 0.750000
vt 0.208333 0.833333
vt 0.208333 0.916667
vt 0.250000 0.000000
vt 0.250000 0.083333
vt 0.250000 0.166667
vt 0.250000 0.250000
vt 0.250000 0.333333
vt 0.250000 0.416667
vt 0.250000 0.500000
vt 0.250000 0.583333
vt 0.250000 0.666667
vt 0.250000 0.750000
vt 0.250000 0.833333
vt 0.250000 0.916667
vt 0.291667 0.000000
vt 0.291667 0.083333
vt 0.291667 0.166667
vt 0.291667 0.250000
vt 0.291667 0.333333
vt 0.291667 0.416667
vt 0.291667 0.500000
vt 0.291667 0.583333
vt 0.291667 0.666667
vt 0.291667 0.750000
vt 0.291667 0.833333
vt 0.291667 0.916667
vt 0.333333 0.000000
vt 0.333333 0.083333
vt 0.333333 0.166667
vt 0.333333 0.250000
vt 0.333333 0.333333
vt 0.333333 0.416667
vt 0.333333 0.500000
vt 0.333333 0.583333
vt 0.333333 0.666667
vt 0.333333 0.750000
vt 0.333333 0.833333
vt 0.333333 0.916667
vt 0.375000 0.000000
vt 0.375000 0.083333
vt 0.375000 0.166667
vt 0.375000 0.250000
vt 0.375000 0.333333
vt 0.375000 0.416667
vt 0.375000 0.500000
vt 0.375000 0.583333
vt 0.375000 0.666667
vt 0.375000 0.750000
vt 0.375000 0.833333
vt 0.375000 0.916667
vt 0.416667 0.000000
vt 0.416667 0.083333
vt 0.416667 0.166667
vt 0.416667 0.250000
vt 0.416667 0.333333
vt 0.416667 0.416667
vt 0.416667 0.500000
vt 0.416667 0.583333
vt 0.416667 0.666667
vt 0.416667 0.750000
vt 0.416667 0.833333
vt 0.416667 0.916667
vt 0.458333 0.000000
vt 0.458333 0.083333
vt 0.458333 0.166667
vt 0.458333 0.250000
vt 0.458333 0.333333
vt 0.458333 0.416667
vt 0.458333 0.500000
vt 0.458333 0.583333
vt 0.458333 0.666667
vt 0.458333 0.750000
vt 0.458333 0.833333
vt 0.458333 0.916667
vt 0.500000 0.000000
vt 0.500000 0.083333
vt 0.500000 0.166667
vt 0.500000 0.250000
vt 0.500000 0.333333
vt 0.500000 0.416667
vt 0.500000 0.500000
vt 0.500000 0.583333
vt 0.500000 0.666667
vt 0.500000 0.750000
vt 0.500000 0.833333
vt 0.500000 0.916667
vt 0.541667 0.000000
vt 0.541667 0.083333
vt 0.541667 0.166667
vt 0.541667 0.250000
vt 0.541667 0.333333
vt 0.541667 0.416667
vt 0.541667 0.500000
vt 0.541667 0.583333
vt 0.541667 0.666667
vt 0.541667 0.750000
vt 0.541667 0.833333
vt 0.541667 0.916667
vt 0.583333 0.000000
vt 0.583333 0.083333
vt 0.583333 0.166667
vt 0.583333 0.250000
vt 0.583333 0.333333
vt 0.583333 0.416667
vt 0.583333 0.500000
vt 0.583333 0.583333
vt 0.583333 0.666667
vt 0.583333 0.750000
vt 0.583333 0.833333
vt 0.583333 0.916667
vt 0.625000 0.000000
vt 0.625000 0.083333
vt 0.625000 0.166667
vt 0.625000 0.250000
vt 0.625000 0.333333
vt 0.625000 0.416667
vt 0.625000 0.500000
vt 0.625000 0.583333
vt 0.625000 0.666667
vt 0.625000 0.750000
vt 0.625000 0.833333
vt 0.625000 0.916667
vt 0.666667 0.000000
vt 0.666667 0.083333
vt 0.666667 0.166667
vt 0.666667 0.250000
vt 0.666667 0.333333
vt 0.666667 0.416667
vt 0.666667 0.500000
vt 0.666667 0.583333
vt 0.666667 0.666667
vt 0.666667 0.750000
vt 0.666667 0.833333
vt 0.666667 0.916667
vt 0.708333 0.000000
vt 0.708333 0.083333
vt 0.708333 0.166667
vt 0.708333 0.250000
vt 0.708333 0.333333
vt 0.708333 0.416667
vt 0.708333 0.500000
vt 0.708333 0.583333
vt 0.708333 0.666667
vt 0.708333 0.750000
vt 0.708333 0.833333
vt 0.708333 0.916667
vt 0.750000 0.000000
vt 0.750000 0.083333
vt 0.750000 0.166667
vt 0.750000 0.250000
vt 0.750000 0.333333
vt 0.750000 0.416667
vt 0.750000 0.500000
vt 0.750000 0.583333
vt 0.750000 0.666667
vt 0.750000 0.750000
vt 0.750000 0.833333
vt 0.750000 0.916667
vt 0.791667 0.000000
vt 0.791667 0.083333
vt 0.791667 0.166667
vt 0.791667 0.250000
vt 0.791667 0.333333
vt 0.791667 0.416667
vt 0.791667 0.500000
vt 0.791667 0.583333
vt 0.791667 0.666667
vt 0.791667 0.750000
vt 0.791667 0.833333
vt 0.791667 0.916667
vt 0.833333 0.000000
vt 0.833333 0.083333
vt 0.833333 0.166667
vt 0.833333 0.250000
vt 0.833333 0.333333
vt 0.833333 0.416667
vt 0.833333 0.500000
vt 0.833333 0.583333
vt 0.833333 0.666667
vt 0.833333 0.750000
vt 0.833333 0.833333
vt 0.833333 0.916667
vt 0.875000 0.000000
vt 0.875000 0.083333
vt 0.875000 0.166667
vt 0.875000 0.250000
vt 0.875000 0.333333
vt 0.875000 0.416667
vt 0.875000 0.500000
vt 0.875000 0.583333
vt 0.875000 0.666667
vt 0.875000 0.750000
vt 0.875000 0.833333
vt 0.875000 0.916667
vt 0.916667 0.000000
vt 0.916667 0.083333
vt 0.916667 0.166667
vt 0.916667 0.250000
vt 0.916667 0.333333
vt 0.916667 0.416667
vt 0.916667 0.500000
vt 0.916667 0.583333
vt 0.916667 0.666667
vt 0.916667 0.750000
vt 0.916667 0.833333
vt 0.916667 0.916667
vt 0.958333 0.000000
vt 0.958333 0.083333
vt 0.958333 0.166667
vt 0.958333 0.250000
vt 0.958333 0.333333
vt 0.958333 0.416667
vt 0.958333 0.500000
vt 0.958333 0.583333
vt 0.958333 0.666667
vt 0.958333 0.750000
vt 0.958333 0.833333
vt 0.958333 0.916667
vt 0.000000 1.000000
vt 0.000000 0.000000
vt 0.050000 1.000000
vt 0.050000 0.000000
vt 0.100000 1.000000
vt 0.100000 0.000000
vt 0.150000 1.000000
vt 0.150000 0.000000
vt 0.200000 1.000000
vt 0.200000 0.000000
vt 0.250000 1.000000
vt 0.250000 0.000000
vt 0.300000 1.000000
vt 0.300000 0.000000
vt 0.350000 1.000000
vt 0.350000 0.000000
vt 0.400000 1.000000
vt 0.400000 0.000000
vt 0.450000 1.000000
vt 0.450000 0.000000
vt 0.500000 1.000000
vt 0.500000 0.000000
vt 0.550000 1.000000
vt 0.550000 0.000000
vt 0.600000 1.000000
vt 0.600000 0.000000
vt 0.650000 1.000000
vt 0.650000 0.000000
vt 0.700000 1.000000
vt 0.700000 0.000000
vt 0.750000 1.000000
vt 0.750000 0.000000
vt 0.800000 1.000000
vt 0.800000 0.000000
vt 0.850000 1.000000
vt 0.850000 0.000000
vt 0.900000 1.000000
vt 0.900000 0.000000
vt 0.950000 1.000000
vt 0.950000 0.000000
vt 0.500000 0.500000
vt 0.500000 0.500000
vt 1.000000 0.500000
vt 1.000000 0.500000
vt 0.975528 0.654508
vt 0.975528 0.654508
vt 0.904508 0.793893
vt 0.904508 0.793893
vt 0.793893 0.904508
vt 0.793893 0.904508
vt 0.654508 0.975528
vt 0.654508 0.975528
vt 0.500000 1.000000
vt 0.500000 1.000000
vt 0.345492 0.975528
vt 0.345492 0.975528
vt 0.206107 0.904508
vt 0.206107 0.904508
vt 0.095492 0.793893
vt 0.095492 0.793893
vt 0.024472 0.654508
vt 0.024472 0.654508
vt 0.000000 0.500000
vt 0.000000 0.500000
vt 0.024472 0.345492
vt 0.024472 0.345492
vt 0.095492 0.206107
vt 0.095492 0.206107
vt 0.206107 0.095492
vt 0.206107 0.095492
vt 0.345492 0.024472
vt 0.345492 0.024472
vt 0.500000 0.000000
vt 0.500000 0.000000
vt 0.654508 0.024472
vt 0.654508 0.024472
vt 0.793893 0.095492
vt 0.793893 0.095492
vt 0.904508 0.206107
vt 0.904508 0.206107
vt 0.975528 0.345492
vt 0.975528 0.345492
vt 0.000000 1.000000
vt 0.000000 0.000000
vt 0.062500 1.000000
vt 0.062500 0.000000
vt 0.125000 1.000000
vt 0.125000 0.000000
vt 0.187500 1.000000
vt 0.187500 0.000000
vt 0.250000 1.000000
vt 0.250000 0.000000
vt 0.312500 1.000000
vt 0.312500 0.000000
vt 0.375000 1.000000
vt 0.375000 0.000000
vt 0.437500 1.000000
vt 0.437500 0.000000
vt 0.500000 1.000000
vt 0.500000 0.000000
vt 0.562500 1.000000
vt 0.562500 0.000000
vt 0.625000 1.000000
vt 0.625000 0.000000
vt 0.687500 1.000000
vt 0.687500 0.000000
vt 0.750000 1.000000
vt 0.750000 0.000000
vt 0.812500 1.000000
vt 0.812500 0.000000
vt 0.875000 1.000000
vt 0.875000 0.000000
vt 0.937500 1.000000
vt 0.937500 0.000000
vt 0.500000 0.500000
vt 0.500000 0.500000
vt 1.000000 0.500000
vt 1.000000 0.500000
vt 0.961940 0.691342
vt 0.961940 0.691342
vt 0.853553 0.853553
vt 0.853553 0.853553
vt 0.691342 0.961940
vt 0.691342 0.961940
vt 0.500000 1.000000
vt 0.500000 1.000000
vt 0.308658 0.961940
vt 0.308658 0.961940
vt 0.146447 0.853553
vt 0.146447 0.853553
vt 0.038060 0.691342
vt 0.038060 0.691342
vt 0.000000 0.500000
vt 0.000000 0.500000
vt 0.038060 0.308658
vt 0.038060 0.308658
vt 0.146447 0.146447
vt 0.146447 0.146447
vt 0.308658 0.038060
vt 0.308658 0.038060
vt 0.500000 0.000000
vt 0.500000 0.000000
vt 0.691342 0.038060
vt 0.691342 0.038060
vt 0.853553 0.146447
vt 0.853553 0.146447
vt 0.961940 0.308658
vt 0.961940 0.308658
vt 0.000000 0.000000
vt 1.000000 0.000000
vt 1.000000 1.000000
vt 0.000000 1.000000
vt 0.000000 0.000000
vt 1.000000 0.000000
vt 1.000000 1.000000
vt 0.000000 1.000000
vt 0.000000 0.000000
vt 1.000000 0.000000
vt 1.000000 1.000000
vt 0.000000 1.000000
vt 0.000000 0.000000
vt 1.000000 0.000000
vt 1.000000 1.000000
vt 0.000000 1.000000
vt 0.000000 0.000000
vt 1.000000 0.000000
vt 1.000000 1.000000
vt 0.000000 1.000000
vt 0.000000 0.000000
vt 1.000000 0.000000
vt 1.000000 1.000000
vt 0.000000 1.000000
vt 0.000000 1.000000
vt 0.000000 0.000000
vt 0.062500 1.000000
vt 0.062500 0.000000
vt 0.125000 1.000000
vt 0.125000 0.000000
vt 0.187500 1.000000
vt 0.187500 0.000000
vt 0.250000 1.000000
vt 0.250000 0.000000
vt 0.312500 1.000000
vt 0.312500 0.000000
vt 0.375000 1.000000
vt 0.375000 0.000000
vt 0.437500 1.000000
vt 0.437500 0.000000
vt 0.500000 1.000000
vt 0.500000 0.000000
vt 0.562500 1.000000
vt 0.562500 0.000000
vt 0.625000 1.000000
vt 0.625000 0.000000
vt 0.687500 1.000000
vt 0.687500 0.000000
vt 0.750000 1.000000
vt 0.750000 0.000000
vt 0.812500 1.000000
vt 0.812500 0.000000
vt 0.875000 1.000000
vt 0.875000 0.000000
vt 0.937500 1.000000
vt 0.937500 0.000000
vt 0.500000 0.500000
vt 0.500000 0.500000
vt 1.000000 0.500000
vt 1.000000 0.500000
vt 0.961940 0.691342
vt 0.961940 0.691342
vt 0.853553 0.853553
vt 0.853553 0.853553
vt 0.691342 0.961940
vt 0.691342 0.961940
vt 0.500000 1.000000
vt 0.500000 1.000000
vt 0.308658 0.961940
vt 0.308658 0.961940
vt 0.146447 0.853553
vt 0.146447 0.853553
vt 0.038060 0.691342
vt 0.038060 0.691342
vt 0.000000 0.500000
vt 0.000000 0.500000
vt 0.038060 0.308658
vt 0.038060 0.308658
vt 0.146447 0.146447
vt 0.146447 0.146447
vt 0.308658 0.038060
vt 0.308658 0.038060
vt 0.500000 0.000000
vt 0.500000 0.000000
vt 0.691342 0.038060
vt 0.691342 0.038060
vt 0.853553 0.146447
vt 0.853553 0.146447
vt 0.961940 0.308658
vt 0.961940 0.308658
vt 0.000000 1.000000
vt 0.000000 0.000000
vt 0.062500 1.000000
vt 0.062500 0.000000
vt 0.125000 1.000000
vt 0.125000 0.000000
vt 0.187500 1.000000
vt 0.187500 0.000000
vt 0.250000 1.000000
vt 0.250000 0.000000
vt 0.312500 1.000000
vt 0.312500 0.000000
vt 0.375000 1.000000
vt 0.375000 0.000000
vt 0.437500 1.000000
vt 0.437500 0.000000
vt 0.500000 1.000000
vt 0.500000 0.000000
vt 0.562500 1.000000
vt 0.562500 0.000000
vt 0.625000 1.000000
vt 0.625000 0.000000
vt 0.687500 1.000000
vt 0.687500 0.000000
vt 0.750000 1.000000
vt 0.750000 0.000000
vt 0.812500 1.000000
vt 0.812500 0.000000
vt 0.875000 1.000000
vt 0.875000 0.000000
vt 0.937500 1.000000
vt 0.937500 0.000000
vt 0.500000 0.500000
vt 0.500000 0.500000
vt 1.000000 0.500000
vt 1.000000 0.500000
vt 0.961940 0.691342
vt 0.961940 0.691342
vt 0.853553 0.853553
vt 0.853553 0.853553
vt 0.691342 0.961940
vt 0.691342 0.961940
vt 0.500000 1.000000
vt 0.500000 1.000000
vt 0.308658 0.961940
vt 0.308658 0.961940
vt 0.146447 0.853553
vt 0.146447 0.853553
vt 0.038060 0.691342
vt 0.038060 0.691342
vt 0.000000 0.500000
vt 0.000000 0.500000
vt 0.038060 0.308658
vt 0.038060 0.308658
vt 0.146447 0.146447
vt 0.146447 0.146447
vt 0.308658 0.038060
vt 0.308658 0.038060
vt 0.500000 0.000000
vt 0.500000 0.000000
vt 0.691342 0.038060
vt 0.691342 0.038060
vt 0.853553 0.146447
vt 0.853553 0.146447
vt 0.961940 0.308658
vt 0.961940 0.308658
vt 0.000000 1.000000
vt 0.000000 0.000000
vt 0.166667 1.000000
vt 0.166667 0.000000
vt 0.333333 1.000000
vt 0.333333 0.000000
vt 0.500000 1.000000
vt 0.500000 0.000000
vt 0.666667 1.000000
vt 0.666667 0.000000
vt 0.833333 1.000000
vt 0.833333 0.000000
vt 0.500000 0.500000
vt 0.500000 0.500000
vt 1.000000 0.500000
vt 1.000000 0.500000
vt 0.750000 0.933013
vt 0.750000 0.933013
vt 0.250000 0.933013
vt 0.250000 0.933013
vt 0.000000 0.500000
vt 0.000000 0.500000
vt 0.250000 0.066987
vt 0.250000 0.066987
vt 0.750000 0.066987
vt 0.750000 0.066987
vn 0.000000 1.000000 0.000000
vn 0.000000 1.000000 0.000000
vn 0.000000 0.500000 0.866025
vn 0.000000 0.500000 0.866025
vn 0.000000 -0.500000 0.866025
vn 0.000000 -0.500000 0.866025
vn 0.000000 -1.000000 0.000000
vn 0.000000 -1.000000 0.000000
vn 0.000000 -0.500000 -0.866025
vn 0.000000 -0.500000 -0.866025
vn 0.000000 0.500000 -0.866025
vn 0.000000 0.500000 -0.866025
vn 1.000000 0.000000 0.000000
vn -1.000000 0.000000 0.000000
vn 1.000000 0.000000 0.000000
vn -1.000000 0.000000 0.000000
vn 1.000000 0.000000 0.000000
vn -1.000000 0.000000 0.000000
vn 1.000000 0.000000 0.000000
vn -1.000000 0.000000 0.000000
vn 1.000000 0.000000 0.000000
vn -1.000000 0.000000 0.000000
vn 1.000000 0.000000 0.000000
vn -1.000000 0.000000 0.000000
vn 1.000000 0.000000 0.000000
vn -1.000000 0.000000 0.000000
vn 0.000000 1.000000 0.000000
vn 0.000000 1.000000 0.000000
vn 0.000000 0.923880 0.382683
vn 0.000000 0.923880 0.382683
vn 0.000000 0.707107 0.707107
vn 0.000000 0.707107 0.707107
vn 0.000000 0.382683 0.923880
vn 0.000000 0.382683 0.923880
vn 0.000000 0.000000 1.000000
vn 0.000000 0.000000 1.000000
vn 0.000000 -0.382683 0.923880
vn 0.000000 -0.382683 0.923880
vn 0.000000 -0.707107 0.707107
vn 0.000000 -0.707107 0.707107
vn 0.000000 -0.923880 0.382683
vn 0.000000 -0.923880 0.382683
vn 0.000000 -1.000000 0.000000
vn 0.000000 -1.000000 0.000000
vn 0.000000 -0.923880 -0.382683
vn 0.000000 -0.923880 -0.382683
vn 0.000000 -0.707107 -0.707107
vn 0.000000 -0.707107 -0.707107
vn 0.000000 -0.382683 -0.923880
vn 0.000000 -0.382683 -0.923880
vn 0.000000 -0.000000 -1.000000
vn 0.000000 -0.000000 -1.000000
vn 0.000000 0.382683 -0.923880
vn 0.000000 0.382683 -0.923880
vn 0.000000 0.707107 -0.707107
vn 0.000000 0.707107 -0.707107
vn 0.000000 0.923880 -0.382683
vn 0.000000 0.923880 -0.382683
vn 1.000000 0.000000 0.000000
vn -1.000000 0.000000 0.000000
vn 1.000000 0.000000 0.000000
vn -1.000000 0.000000 0.000000
vn 1.000000 0.000000 0.000000
vn -1.000000 0.000000 0.000000
vn 1.000000 0.000000 0.000000
vn -1.000000 0.000000 0.000000
vn 1.000000 0.000000 0.000000
vn -1.000000 0.000000 0.000000
vn 1.000000 0.000000 0.000000
vn -1.000000 0.000000 0.000000
vn 1.000000 0.000000 0.000000
vn -1.000000 0.000000 0.000000
vn 1.000000 0.000000 0.000000
vn -1.000000 0.000000 0.000000
vn 1.000000 0.000000 0.000000
vn -1.000000 0.000000 0.000000
vn 1.000000 0.000000 0.000000
vn -1.000000 0.000000 0.000000
vn 1.000000 0.000000 0.000000
vn -1.000000 0.000000 0.000000
vn 1.000000 0.000000 0.000000
vn -1.000000 0.000000 0.000000
vn 1.000000 0.000000 0.000000
vn -1.000000 0.000000 0.000000
vn 1.000000 0.000000 0.000000
vn -1.000000 0.000000 0.000000
vn 1.000000 0.000000 0.000000
vn -1.000000 0.000000 0.000000
vn 1.000000 0.000000 0.000000
vn -1.000000 0.000000 0.000000
vn 1.000000 0.000000 0.000000
vn -1.000000 0.000000 0.000000
vn 0.000000 1.000000 0.000000
vn 0.000000 1.000000 0.000000
vn 0.000000 0.965926 0.258819
vn 0.000000 0.965926 0.258819
vn 0.000000 0.866025 0.500000
vn 0.000000 0.866025 0.500000
vn 0.000000 0.707107 0.707107
vn 0.000000 0.707107 0.707107
vn 0.000000 0.500000 0.866025
vn 0.000000 0.500000 0.866025
vn 0.000000 0.258819 0.965926
vn 0.000000 0.258819 0.965926
vn 0.000000 0.000000 1.000000
vn 0.000000 0.000000 1.000000
vn 0.000000 -0.258819 0.965926
vn 0.000000 -0.258819 0.965926
vn 0.000000 -0.500000 0.866025
vn 0.000000 -0.500000 0.866025
vn 0.000000 -0.707107 0.707107
vn 0.000000 -0.707107 0.707107
vn 0.000000 -0.866025 0.500000
vn 0.000000 -0.866025 0.500000
vn 0.000000 -0.965926 0.258819
vn 0.000000 -0.965926 0.258819
vn 0.000000 -1.000000 0.000000
vn 0.000000 -1.000000 0.000000
vn 0.000000 -0.965926 -0.258819
vn 0.000000 -0.965926 -0.258819
vn 0.000000 -0.866025 -0.500000
vn 0.000000 -0.866025 -0.500000
vn 0.000000 -0.707107 -0.707107
vn 0.000000 -0.707107 -0.707107
vn 0.000000 -0.500000 -0.866025
vn 0.000000 -0.500000 -0.866025
vn 0.000000 -0.258819 -0.965926
vn 0.000000 -0.258819 -0.965926
vn 0.000000 -0.000000 -1.000000
vn 0.000000 -0.000000 -1.000000
vn 0.000000 0.258819 -0.965926
vn 0.000000 0.258819 -0.965926
vn 0.000000 0.500000 -0.866025
vn 0.000000 0.500000 -0.866025
vn 0.000000 0.707107 -0.707107
vn 0.000000 0.707107 -0.707107
vn 0.000000 0.866025 -0.500000
vn 0.000000 0.866025 -0.500000
vn 0.000000 0.965926 -0.258819
vn 0.000000 0.965926 -0.258819
vn 1.000000 0.000000 0.000000
vn -1.000000 0.000000 0.000000
vn 1.000000 0.000000 0.000000
vn -1.000000 0.000000 0.000000
vn 1.000000 0.000000 0.000000
vn -1.000000 0.000000 0.000000
vn 1.000000 0.000000 0.000000
vn -1.000000 0.000000 0.000000
vn 1.000000 0.000000 0.000000
vn -1.000000 0.000000 0.000000
vn 1.000000 0.000000 0.000000
vn -1.000000 0.000000 0.000000
vn 1.000000 0.000000 0.000000
vn -1.000000 0.000000 0.000000
vn 1.000000 0.000000 0.000000
vn -1.000000 0.000000 0.000000
vn 1.000000 0.000000 0.000000
vn -1.000000 0.000000 0.000000
vn 1.000000 0.000000 0.000000
vn -1.000000 0.000000 0.000000
vn 1.000000 0.000000 0.000000
vn -1.000000 0.000000 0.000000
vn 1.000000 0.000000 0.000000
vn -1.000000 0.000000 0.000000
vn 1.000000 0.000000 0.000000
vn -1.000000 0.000000 0.000000
vn 1.000000 0.000000 0.000000
vn -1.000000 0.000000 0.000000
vn 1.000000 0.000000 0.000000
vn -1.000000 0.000000 0.000000
vn 1.000000 0.000000 0.000000
vn -1.000000 0.000000 0.000000
vn 1.000000 0.000000 0.000000
vn -1.000000 0.000000 0.000000
vn 1.000000 0.000000 0.000000
vn -1.000000 0.000000 0.000000
vn 1.000000 0.000000 0.000000
vn -1.000000 0.000000 0.000000
vn 1.000000 0.000000 0.000000
vn -1.000000 0.000000 0.000000
vn 1.000000 0.000000 0.000000
vn -1.000000 0.000000 0.000000
vn 1.000000 0.000000 0.000000
vn -1.000000 0.000000 0.000000
vn 1.000000 0.000000 0.000000
vn -1.000000 0.000000 0.000000
vn 1.000000 0.000000 0.000000
vn -1.000000 0.000000 0.000000
vn 1.000000 0.000000 0.000000
vn -1.000000 0.000000 0.000000
vn 1.000000 0.000000 0.000000
vn 0.866025 0.500000 0.000000
vn 0.500000 0.866025 0.000000
vn 0.000000 1.000000 0.000000
vn -0.500000 0.866025 -0.000000
vn -0.866025 0.500000 -0.000000
vn -1.000000 0.000000 -0.000000
vn -0.866025 -0.500000 -0.000000
vn -0.500000 -0.866025 -0.000000
vn -0.000000 -1.000000 -0.000000
vn 0.500000 -0.866025 0.000000
vn 0.866025 -0.500000 0.000000
vn 0.965926 0.000000 0.258819
vn 0.836516 0.500000 0.224144
vn 0.482963 0.866025 0.129410
vn 0.000000 1.000000 0.000000
vn -0.482963 0.866025 -0.129410
vn -0.836516 0.500000 -0.224144
vn -0.965926 0.000000 -0.258819
vn -0.836516 -0.500000 -0.224144
vn -0.482963 -0.866025 -0.129410
vn -0.000000 -1.000000 -0.000000
vn 0.482963 -0.866025 0.129410
vn 0.836516 -0.500000 0.224144
vn 0.866025 0.000000 0.500000
vn 0.750000 0.500000 0.433013
vn 0.433013 0.866025 0.250000
vn 0.000000 1.000000 0.000000
vn -0.433013 0.866025 -0.250000
vn -0.750000 0.500000 -0.433013
vn -0.866025 0.000000 -0.500000
vn -0.750000 -0.500000 -0.433013
vn -0.433013 -0.866025 -0.250000
vn -0.000000 -1.000000 -0.000000
vn 0.433013 -0.866025 0.250000
vn 0.750000 -0.500000 0.433013
vn 0.707107 0.000000 0.707107
vn 0.612372 0.500000 0.612372
vn 0.353553 0.866025 0.353553
vn 0.000000 1.000000 0.000000
vn -0.353553 0.866025 -0.353553
vn -0.612372 0.500000 -0.612372
vn -0.707107 0.000000 -0.707107
vn -0.612372 -0.500000 -0.612372
vn -0.353553 -0.866025 -0.353553
vn -0.000000 -1.000000 -0.000000
vn 0.353553 -0.866025 0.353553
vn 0.612372 -0.500000 0.612372
vn 0.500000 0.000000 0.866025
vn 0.433013 0.500000 0.750000
vn 0.250000 0.866025 0.433013
vn 0.000000 1.000000 0.000000
vn -0.250000 0.866025 -0.433013
vn -0.433013 0.500000 -0.750000
vn -0.500000 0.000000 -0.866025
vn -0.433013 -0.500000 -0.750000
vn -0.250000 -0.866025 -0.433013
vn -0.000000 -1.000000 -0.000000
vn 0.250000 -0.866025 0.433013
vn 0.433013 -0.500000 0.750000
vn 0.258819 0.000000 0.965926
vn 0.224144 0.500000 0.836516
vn 0.129410 0.866025 0.482963
vn 0.000000 1.000000 0.000000
vn -0.129410 0.866025 -0.482963
vn -0.224144 0.500000 -0.836516
vn -0.258819 0.000000 -0.965926
vn -0.224144 -0.500000 -0.836516
vn -0.129410 -0.866025 -0.482963
vn -0.000000 -1.000000 -0.000000
vn 0.129410 -0.866025 0.482963
vn 0.224144 -0.500000 0.836516
vn 0.000000 0.000000 1.000000
vn 0.000000 0.500000 0.866025
vn 0.000000 0.866025 0.500000
vn 0.000000 1.000000 0.000000
vn -0.000000 0.866025 -0.500000
vn -0.000000 0.500000 -0.866025
vn -0.000000 0.000000 -1.000000
vn -0.000000 -0.500000 -0.866025
vn -0.000000 -0.866025 -0.500000
vn -0.000000 -1.000000 -0.000000
vn 0.000000 -0.866025 0.500000
vn 0.000000 -0.500000 0.866025
vn -0.258819 0.000000 0.965926
vn -0.224144 0.500000 0.836516
vn -0.129410 0.866025 0.482963
vn -0.000000 1.000000 0.000000
vn 0.129410 0.866025 -0.482963
vn 0.224144 0.500000 -0.836516
vn 0.258819 0.000000 -0.965926
vn 0.224144 -0.500000 -0.836516
vn 0.129410 -0.866025 -0.482963
vn 0.000000 -1.000000 -0.000000
vn -0.129410 -0.866025 0.482963
vn -0.224144 -0.500000 0.836516
vn -0.500000 0.000000 0.866025
vn -0.433013 0.500000 0.750000
vn -0.250000 0.866025 0.433013
vn -0.000000 1.000000 0.000000
vn 0.250000 0.866025 -0.433013
vn 0.433013 0.500000 -0.750000
vn 0.500000 0.000000 -0.866025
vn 0.433013 -0.500000 -0.750000
vn 0.250000 -0.866025 -0.433013
vn 0.000000 -1.000000 -0.000000
vn -0.250000 -0.866025 0.433013
vn -0.433013 -0.500000 0.750000
vn -0.707107 0.000000 0.707107
vn -0.612372 0.500000 0.612372
vn -0.353553 0.866025 0.353553
vn -0.000000 1.000000 0.000000
vn 0.353553 0.866025 -0.353553
vn 0.612372 0.500000 -0.612372
vn 0.707107 0.000000 -0.707107
vn 0.612372 -0.500000 -0.612372
vn 0.353553 -0.866025 -0.353553
vn 0.000000 -1.000000 -0.000000
vn -0.353553 -0.866025 0.353553
vn -0.612372 -0.500000 0.612372
vn -0.866025 0.000000 0.500000
vn -0.750000 0.500000 0.433013
vn -0.433013 0.866025 0.250000
vn -0.000000 1.000000 0.000000
vn 0.433013 0.866025 -0.250000
vn 0.750000 0.500000 -0.433013
vn 0.866025 0.000000 -0.500000
vn 0.750000 -0.500000 -0.433013
vn 0.433013 -0.866025 -0.250000
vn 0.000000 -1.000000 -0.000000
vn -0.433013 -0.866025 0.250000
vn -0.750000 -0.500000 0.433013
vn -0.965926 0.000000 0.258819
vn -0.836516 0.500000 0.224144
vn -0.482963 0.866025 0.129410
vn -0.000000 1.000000 0.000000
vn 0.482963 0.866025 -0.129410
vn 0.836516 0.500000 -0.224144
vn 0.965926 0.000000 -0.258819
vn 0.836516 -0.500000 -0.224144
vn 0.482963 -0.866025 -0.129410
vn 0.000000 -1.000000 -0.000000
vn -0.482963 -0.866025 0.129410
vn -0.836516 -0.500000 0.224144
vn -1.000000 0.000000 0.000000
vn -0.866025 0.500000 0.000000
vn -0.500000 0.866025 0.000000
vn -0.000000 1.000000 0.000000
vn 0.500000 0.866025 -0.000000
vn 0.866025 0.500000 -0.000000
vn 1.000000 0.000000 -0.000000
vn 0.866025 -0.500000 -0.000000
vn 0.500000 -0.866025 -0.000000
vn 0.000000 -1.000000 -0.000000
vn -0.500000 -0.866025 0.000000
vn -0.866025 -0.500000 0.000000
vn -0.965926 0.000000 -0.258819
vn -0.836516 0.500000 -0.224144
vn -0.482963 0.866025 -0.129410
vn -0.000000 1.000000 -0.000000
vn 0.482963 0.866025 0.129410
vn 0.836516 0.500000 0.224144
vn 0.965926 0.000000 0.258819
vn 0.836516 -0.500000 0.224144
vn 0.482963 -0.866025 0.129410
vn 0.000000 -1.000000 0.000000
vn -0.482963 -0.866025 -0.129410
vn -0.836516 -0.500000 -0.224144
vn -0.866025 0.000000 -0.500000
vn -0.750000 0.500000 -0.433013
vn -0.433013 0.866025 -0.250000
vn -0.000000 1.000000 -0.000000
vn 0.433013 0.866025 0.250000
vn 0.750000 0.500000 0.433013
vn 0.866025 0.000000 0.500000
vn 0.750000 -0.500000 0.433013
vn 0.433013 -0.866025 0.250000
vn 0.000000 -1.000000 0.000000
vn -0.433013 -0.866025 -0.250000
vn -0.750000 -0.500000 -0.433013
vn -0.707107 0.000000 -0.707107
vn -0.612372 0.500000 -0.612372
vn -0.353553 0.866025 -0.353553
vn -0.000000 1.000000 -0.000000
vn 0.353553 0.866025 0.353553
vn 0.612372 0.500000 0.612372
vn 0.707107 0.000000 0.707107
vn 0.612372 -0.500000 0.612372
vn 0.353553 -0.866025 0.353553
vn 0.000000 -1.000000 0.000000
vn -0.353553 -0.866025 -0.353553
vn -0.612372 -0.500000 -0.612372
vn -0.500000 0.000000 -0.866025
vn -0.433013 0.500000 -0.750000
vn -0.250000 0.866025 -0.433013
vn -0.000000 1.000000 -0.000000
vn 0.250000 0.866025 0.433013
vn 0.433013 0.500000 0.750000
vn 0.500000 0.000000 0.866025
vn 0.433013 -0.500000 0.750000
vn 0.250000 -0.866025 0.433013
vn 0.000000 -1.000000 0.000000
vn -0.250000 -0.866025 -0.433013
vn -0.433013 -0.500000 -0.750000
vn -0.258819 0.000000 -0.965926
vn -0.224144 0.500000 -0.836516
vn -0.129410 0.866025 -0.482963
vn -0.000000 1.000000 -0.000000
vn 0.129410 0.866025 0.482963
vn 0.224144 0.500000 0.836516
vn 0.258819 0.000000 0.965926
vn 0.224144 -0.500000 0.836516
vn 0.129410 -0.866025 0.482963
vn 0.000000 -1.000000 0.000000
vn -0.129410 -0.866025 -0.482963
vn -0.224144 -0.500000 -0.836516
vn -0.000000 0.000000 -1.000000
vn -0.000000 0.500000 -0.866025
vn -0.000000 0.866025 -0.500000
vn -0.000000 1.000000 -0.000000
vn 0.000000 0.866025 0.500000
vn 0.000000 0.500000 0.866025
vn 0.000000 0.000000 1.000000
vn 0.000000 -0.500000 0.866025
vn 0.000000 -0.866025 0.500000
vn 0.000000 -1.000000 0.000000
vn -0.000000 -0.866025 -0.500000
vn -0.000000 -0.500000 -0.866025
vn 0.258819 0.000000 -0.965926
vn 0.224144 0.500000 -0.836516
vn 0.129410 0.866025 -0.482963
vn 0.000000 1.000000 -0.000000
vn -0.129410 0.866025 0.482963
vn -0.224144 0.500000 0.836516
vn -0.258819 0.000000 0.965926
vn -0.224144 -0.500000 0.836516
vn -0.129410 -0.866025 0.482963
vn -0.000000 -1.000000 0.000000
vn 0.129410 -0.866025 -0.482963
vn 0.224144 -0.500000 -0.836516
vn 0.500000 0.000000 -0.866025
vn 0.433013 0.500000 -0.750000
vn 0.250000 0.866025 -0.433013
vn 0.000000 1.000000 -0.000000
vn -0.250000 0.866025 0.433013
vn -0.433013 0.500000 0.750000
vn -0.500000 0.000000 0.866025
vn -0.433013 -0.500000 0.750000
vn -0.250000 -0.866025 0.433013
vn -0.000000 -1.000000 0.000000
vn 0.250000 -0.866025 -0.433013
vn 0.433013 -0.500000 -0.750000
vn 0.707107 0.000000 -0.707107
vn 0.612372 0.500000 -0.612372
vn 0.353553 0.866025 -0.353553
vn 0.000000 1.000000 -0.000000
vn -0.353553 0.866025 0.353553
vn -0.612372 0.500000 0.612372
vn -0.707107 0.000000 0.707107
vn -0.612372 -0.500000 0.612372
vn -0.353553 -0.866025 0.353553
vn -0.000000 -1.000000 0.000000
vn 0.353553 -0.866025 -0.353553
vn 0.612372 -0.500000 -0.612372
vn 0.866025 0.000000 -0.500000
vn 0.750000 0.500000 -0.433013
vn 0.433013 0.866025 -0.250000
vn 0.000000 1.000000 -0.000000
vn -0.433013 0.866025 0.250000
vn -0.750000 0.500000 0.433013
vn -0.866025 0.000000 0.500000
vn -0.750000 -0.500000 0.433013
vn -0.433013 -0.866025 0.250000
vn -0.000000 -1.000000 0.000000
vn 0.433013 -0.866025 -0.250000
vn 0.750000 -0.500000 -0.433013
vn 0.965926 0.000000 -0.258819
vn 0.836516 0.500000 -0.224144
vn 0.482963 0.866025 -0.129410
vn 0.000000 1.000000 -0.000000
vn -0.482963 0.866025 0.129410
vn -0.836516 0.500000 0.224144
vn -0.965926 0.000000 0.258819
vn -0.836516 -0.500000 0.224144
vn -0.482963 -0.866025 0.129410
vn -0.000000 -1.000000 0.000000
vn 0.482963 -0.866025 -0.129410
vn 0.836516 -0.500000 -0.224144
vn 0.000000 1.000000 0.000000
vn 0.000000 1.000000 0.000000
vn 0.000000 0.951057 0.309017
vn 0.000000 0.951057 0.309017
vn 0.000000 0.809017 0.587785
vn 0.000000 0.809017 0.587785
vn 0.000000 0.587785 0.809017
vn 0.000000 0.587785 0.809017
vn 0.000000 0.309017 0.951057
vn 0.000000 0.309017 0.951057
vn 0.000000 0.000000 1.000000
vn 0.000000 0.000000 1.000000
vn 0.000000 -0.309017 0.951057
vn 0.000000 -0.309017 0.951057
vn 0.000000 -0.587785 0.809017
vn 0.000000 -0.587785 0.809017
vn 0.000000 -0.809017 0.587785
vn 0.000000 -0.809017 0.587785
vn 0.000000 -0.951057 0.309017
vn 0.000000 -0.951057 0.309017
vn 0.000000 -1.000000 0.000000
vn 0.000000 -1.000000 0.000000
vn 0.000000 -0.951057 -0.309017
vn 0.000000 -0.951057 -0.309017
vn 0.000000 -0.809017 -0.587785
vn 0.000000 -0.809017 -0.587785
vn 0.000000 -0.587785 -0.809017
vn 0.000000 -0.587785 -0.809017
vn 0.000000 -0.309017 -0.951057
vn 0.000000 -0.309017 -0.951057
vn 0.000000 -0.000000 -1.000000
vn 0.000000 -0.000000 -1.000000
vn 0.000000 0.309017 -0.951057
vn 0.000000 0.309017 -0.951057
vn 0.000000 0.587785 -0.809017
vn 0.000000 0.587785 -0.809017
vn 0.000000 0.809017 -0.587785
vn 0.000000 0.809017 -0.587785
vn 0.000000 0.951057 -0.309017
vn 0.000000 0.951057 -0.309017
vn 1.000000 0.000000 0.000000
vn -1.000000 0.000000 0.000000
vn 1.000000 0.000000 0.000000
vn -1.000000 0.000000 0.000000
vn 1.000000 0.000000 0.000000
vn -1.000000 0.000000 0.000000
vn 1.000000 0.000000 0.000000
vn -1.000000 0.000000 0.000000
vn 1.000000 0.000000 0.000000
vn -1.000000 0.000000 0.000000
vn 1.000000 0.000000 0.000000
vn -1.000000 0.000000 0.000000
vn 1.000000 0.000000 0.000000
vn -1.000000 0.000000 0.000000
vn 1.000000 0.000000 0.000000
vn -1.000000 0.000000 0.000000
vn 1.000000 0.000000 0.000000
vn -1.000000 0.000000 0.000000
vn 1.000000 0.000000 0.000000
vn -1.000000 0.000000 0.000000
vn 1.000000 0.000000 0.000000
vn -1.000000 0.000000 0.000000
vn 1.000000 0.000000 0.000000
vn -1.000000 0.000000 0.000000
vn 1.000000 0.000000 0.000000
vn -1.000000 0.000000 0.000000
vn 1.000000 0.000000 0.000000
vn -1.000000 0.000000 0.000000
vn 1.000000 0.000000 0.000000
vn -1.000000 0.000000 0.000000
vn 1.000000 0.000000 0.000000
vn -1.000000 0.000000 0.000000
vn 1.000000 0.000000 0.000000
vn -1.000000 0.000000 0.000000
vn 1.000000 0.000000 0.000000
vn -1.000000 0.000000 0.000000
vn 1.000000 0.000000 0.000000
vn -1.000000 0.000000 0.000000
vn 1.000000 0.000000 0.000000
vn -1.000000 0.000000 0.000000
vn 1.000000 0.000000 0.000000
vn -1.000000 0.000000 0.000000
vn 0.000000 1.000000 0.000000
vn 0.000000 1.000000 0.000000
vn 0.000000 0.923880 0.382683
vn 0.000000 0.923880 0.382683
vn 0.000000 0.707107 0.707107
vn 0.000000 0.707107 0.707107
vn 0.000000 0.382683 0.923880
vn 0.000000 0.382683 0.923880
vn 0.000000 0.000000 1.000000
vn 0.000000 0.000000 1.000000
vn 0.000000 -0.382683 0.923880
vn 0.000000 -0.382683 0.923880
vn 0.000000 -0.707107 0.707107
vn 0.000000 -0.707107 0.707107
vn 0.000000 -0.923880 0.382683
vn 0.000000 -0.923880 0.382683
vn 0.000000 -1.000000 0.000000
vn 0.000000 -1.000000 0.000000
vn 0.000000 -0.923880 -0.382683
vn 0.000000 -0.923880 -0.382683
vn 0.000000 -0.707107 -0.707107
vn 0.000000 -0.707107 -0.707107
vn 0.000000 -0.382683 -0.923880
vn 0.000000 -0.382683 -0.923880
vn 0.000000 -0.000000 -1.000000
vn 0.000000 -0.000000 -1.000000
vn 0.000000 0.382683 -0.923880
vn 0.000000 0.382683 -0.923880
vn 0.000000 0.707107 -0.707107
vn 0.000000 0.707107 -0.707107
vn 0.000000 0.923880 -0.382683
vn 0.000000 0.923880 -0.382683
vn 1.000000 0.000000 0.000000
vn -1.000000 0.000000 0.000000
vn 1.000000 0.000000 0.000000
vn -1.000000 0.000000 0.000000
vn 1.000000 0.000000 0.000000
vn -1.000000 0.000000 0.000000
vn 1.000000 0.000000 0.000000
vn -1.000000 0.000000 0.000000
vn 1.000000 0.000000 0.000000
vn -1.000000 0.000000 0.000000
vn 1.000000 0.000000 0.000000
vn -1.000000 0.000000 0.000000
vn 1.000000 0.000000 0.000000
vn -1.000000 0.000000 0.000000
vn 1.000000 0.000000 0.000000
vn -1.000000 0.000000 0.000000
vn 1.000000 0.000000 0.000000
vn -1.000000 0.000000 0.000000
vn 1.000000 0.000000 0.000000
vn -1.000000 0.000000 0.000000
vn 1.000000 0.000000 0.000000
vn -1.000000 0.000000 0.000000
vn 1.000000 0.000000 0.000000
vn -1.000000 0.000000 0.000000
vn 1.000000 0.000000 0.000000
vn -1.000000 0.000000 0.000000
vn 1.000000 0.000000 0.000000
vn -1.000000 0.000000 0.000000
vn 1.000000 0.000000 0.000000
vn -1.000000 0.000000 0.000000
vn 1.000000 0.000000 0.000000
vn -1.000000 0.000000 0.000000
vn 1.000000 0.000000 0.000000
vn -1.000000 0.000000 0.000000
vn 0.000000 0.000000 1.000000
vn 0.000000 0.000000 1.000000
vn 0.000000 0.000000 1.000000
vn 0.000000 0.000000 1.000000
vn 0.000000 0.000000 -1.000000
vn 0.000000 0.000000 -1.000000
vn 0.000000 0.000000 -1.000000
vn 0.000000 0.000000 -1.000000
vn 0.000000 1.000000 0.000000
vn 0.000000 1.000000 0.000000
vn 0.000000 1.000000 0.000000
vn 0.000000 1.000000 0.000000
vn 0.000000 -1.000000 0.000000
vn 0.000000 -1.000000 0.000000
vn 0.000000 -1.000000 0.000000
vn 0.000000 -1.000000 0.000000
vn 1.000000 0.000000 0.000000
vn 1.000000 0.000000 0.000000
vn 1.000000 0.000000 0.000000
vn 1.000000 0.000000 0.000000
vn -1.000000 0.000000 0.000000
vn -1.000000 0.000000 0.000000
vn -1.000000 0.000000 0.000000
vn -1.000000 0.000000 0.000000
vn 1.000000 0.000000 0.000000
vn 1.000000 0.000000 0.000000
vn 0.923880 0.000000 0.382683
vn 0.923880 0.000000 0.382683
vn 0.707107 0.000000 0.707107
vn 0.707107 0.000000 0.707107
vn 0.382683 0.000000 0.923880
vn 0.382683 0.000000 0.923880
vn 0.000000 0.000000 1.000000
vn 0.000000 0.000000 1.000000
vn -0.382683 0.000000 0.923880
vn -0.382683 0.000000 0.923880
vn -0.707107 0.000000 0.707107
vn -0.707107 0.000000 0.707107
vn -0.923880 0.000000 0.382683
vn -0.923880 0.000000 0.382683
vn -1.000000 0.000000 0.000000
vn -1.000000 0.000000 0.000000
vn -0.923880 0.000000 -0.382683
vn -0.923880 0.000000 -0.382683
vn -0.707107 0.000000 -0.707107
vn -0.707107 0.000000 -0.707107
vn -0.382683 0.000000 -0.923880
vn -0.382683 0.000000 -0.923880
vn -0.000000 0.000000 -1.000000
vn -0.000000 0.000000 -1.000000
vn 0.382683 0.000000 -0.923880
vn 0.382683 0.000000 -0.923880
vn 0.707107 0.000000 -0.707107
vn 0.707107 0.000000 -0.707107
vn 0.923880 0.000000 -0.382683
vn 0.923880 0.000000 -0.382683
vn 0.000000 1.000000 0.000000
vn 0.000000 -1.000000 0.000000
vn 0.000000 1.000000 0.000000
vn 0.000000 -1.000000 0.000000
vn 0.000000 1.000000 0.000000
vn 0.000000 -1.000000 0.000000
vn 0.000000 1.000000 0.000000
vn 0.000000 -1.000000 0.000000
vn 0.000000 1.000000 0.000000
vn 0.000000 -1.000000 0.000000
vn 0.000000 1.000000 0.000000
vn 0.000000 -1.000000 0.000000
vn 0.000000 1.000000 0.000000
vn 0.000000 -1.000000 0.000000
vn 0.000000 1.000000 0.000000
vn 0.000000 -1.000000 0.000000
vn 0.000000 1.000000 0.000000
vn 0.000000 -1.000000 0.000000
vn 0.000000 1.000000 0.000000
vn 0.000000 -1.000000 0.000000
vn 0.000000 1.000000 0.000000
vn 0.000000 -1.000000 0.000000
vn 0.000000 1.000000 0.000000
vn 0.000000 -1.000000 0.000000
vn 0.000000 1.000000 0.000000
vn 0.000000 -1.000000 0.000000
vn 0.000000 1.000000 0.000000
vn 0.000000 -1.000000 0.000000
vn 0.000000 1.000000 0.000000
vn 0.000000 -1.000000 0.000000
vn 0.000000 1.000000 0.000000
vn 0.000000 -1.000000 0.000000
vn 0.000000 1.000000 0.000000
vn 0.000000 -1.000000 0.000000
vn 0.000000 1.000000 0.000000
vn 0.000000 1.000000 0.000000
vn 0.000000 0.923880 0.382683
vn 0.000000 0.923880 0.382683
vn 0.000000 0.707107 0.707107
vn 0.000000 0.707107 0.707107
vn 0.000000 0.382683 0.923880
vn 0.000000 0.382683 0.923880
vn 0.000000 0.000000 1.000000
vn 0.000000 0.000000 1.000000
vn 0.000000 -0.382683 0.923880
vn 0.000000 -0.382683 0.923880
vn 0.000000 -0.707107 0.707107
vn 0.000000 -0.707107 0.707107
vn 0.000000 -0.923880 0.382683
vn 0.000000 -0.923880 0.382683
vn 0.000000 -1.000000 0.000000
vn 0.000000 -1.000000 0.000000
vn 0.000000 -0.923880 -0.382683
vn 0.000000 -0.923880 -0.382683
vn 0.000000 -0.707107 -0.707107
vn 0.000000 -0.707107 -0.707107
vn 0.000000 -0.382683 -0.923880
vn 0.000000 -0.382683 -0.923880
vn 0.000000 -0.000000 -1.000000
vn 0.000000 -0.000000 -1.000000
vn 0.000000 0.382683 -0.923880
vn 0.000000 0.382683 -0.923880
vn 0.000000 0.707107 -0.707107
vn 0.000000 0.707107 -0.707107
vn 0.000000 0.923880 -0.382683
vn 0.000000 0.923880 -0.382683
vn 1.000000 0.000000 0.000000
vn -1.000000 0.000000 0.000000
vn 1.000000 0.000000 0.000000
vn -1.000000 0.000000 0.000000
vn 1.000000 0.000000 0.000000
vn -1.000000 0.000000 0.000000
vn 1.000000 0.000000 0.000000
vn -1.000000 0.000000 0.000000
vn 1.000000 0.000000 0.000000
vn -1.000000 0.000000 0.000000
vn 1.000000 0.000000 0.000000
vn -1.000000 0.000000 0.000000
vn 1.000000 0.000000 0.000000
vn -1.000000 0.000000 0.000000
vn 1.000000 0.000000 0.000000
vn -1.000000 0.000000 0.000000
vn 1.000000 0.000000 0.000000
vn -1.000000 0.000000 0.000000
vn 1.000000 0.000000 0.000000
vn -1.000000 0.000000 0.000000
vn 1.000000 0.000000 0.000000
vn -1.000000 0.000000 0.000000
vn 1.000000 0.000000 0.000000
vn -1.000000 0.000000 0.000000
vn 1.000000 0.000000 0.000000
vn -1.000000 0.000000 0.000000
vn 1.000000 0.000000 0.000000
vn -1.000000 0.000000 0.000000
vn 1.000000 0.000000 0.000000
vn -1.000000 0.000000 0.000000
vn 1.000000 0.000000 0.000000
vn -1.000000 0.000000 0.000000
vn 1.000000 0.000000 0.000000
vn -1.000000 0.000000 0.000000
vn 0.000000 1.000000 0.000000
vn 0.000000 1.000000 0.000000
vn 0.000000 0.500000 0.866025
vn 0.000000 0.500000 0.866025
vn 0.000000 -0.500000 0.866025
vn 0.000000 -0.500000 0.866025
vn 0.000000 -1.000000 0.000000
vn 0.000000 -1.000000 0.000000
vn 0.000000 -0.500000 -0.866025
vn 0.000000 -0.500000 -0.866025
vn 0.000000 0.500000 -0.866025
vn 0.000000 0.500000 -0.866025
vn 1.000000 0.000000 0.000000
vn -1.000000 0.000000 0.000000
vn 1.000000 0.000000 0.000000
vn -1.000000 0.000000 0.000000
vn 1.000000 0.000000 0.000000
vn -1.000000 0.000000 0.000000
vn 1.000000 0.000000 0.000000
vn -1.000000 0.000000 0.000000
vn 1.000000 0.000000 0.000000
vn -1.000000 0.000000 0.000000
vn 1.000000 0.000000 0.000000
vn -1.000000 0.000000 0.000000
vn 1.000000 0.000000 0.000000
vn -1.000000 0.000000 0.000000
f 1/1/1 2/2/2 4/4/4
f 1/1/1 4/4/4 3/3/3
f 3/3/3 4/4/4 6/6/6
f 3/3/3 6/6/6 5/5/5
f 5/5/5 6/6/6 8/8/8
f 5/5/5 8/8/8 7/7/7
f 7/7/7 8/8/8 10/10/10
f 7/7/7 10/10/10 9/9/9
f 9/9/9 10/10/10 12/12/12
f 9/9/9 12/12/12 11/11/11
f 11/11/11 12/12/12 2/2/2
f 11/11/11 2/2/2 1/1/1
f 13/13/13 15/15/15 17/17/17
f 14/14/14 18/18/18 16/16/16
f 13/13/13 17/17/17 19/19/19
f 14/14/14 20/20/20 18/18/18
f 13/13/13 19/19/19 21/21/21
f 14/14/14 22/22/22 20/20/20
f 13/13/13 21/21/21 23/23/23
f 14/14/14 24/24/24 22/22/22
f 13/13/13 23/23/23 25/25/25
f 14/14/14 26/26/26 24/24/24
f 13/13/13 25/25/25 15/15/15
f 14/14/14 16/16/16 26/26/26
f 27/27/27 28/28/28 30/30/30
f 27/27/27 30/30/30 29/29/29
f 29/29/29 30/30/30 32/32/32
f 29/29/29 32/32/32 31/31/31
f 31/31/31 32/32/32 34/34/34
f 31/31/31 34/34/34 33/33/33
f 33/33/33 34/34/34 36/36/36
f 33/33/33 36/36/36 35/35/35
f 35/35/35 36/36/36 38/38/38
f 35/35/35 38/38/38 37/37/37
f 37/37/37 38/38/38 40/40/40
f 37/37/37 40/40/40 39/39/39
f 39/39/39 40/40/40 42/42/42
f 39/39/39 42/42/42 41/41/41
f 41/41/41 42/42/42 44/44/44
f 41/41/41 44/44/44 43/43/43
f 43/43/43 44/44/44 46/46/46
f 43/43/43 46/46/46 45/45/45
f 45/45/45 46/46/46 48/48/48
f 45/45/45 48/48/48 47/47/47
f 47/47/47 48/48/48 50/50/50
f 47/47/47 50/50/50 49/49/49
f 49/49/49 50/50/50 52/52/52
f 49/49/49 52/52/52 51/51/51
f 51/51/51 52/52/52 54/54/54
f 51/51/51 54/54/54 53/53/53
f 53/53/53 54/54/54 56/56/56
f 53/53/53 56/56/56 55/55/55
f 55/55/55 56/56/56 58/58/58
f 55/55/55 58/58/58 57/57/57
f 57/57/57 58/58/58 28/28/28
f 57/57/57 28/28/28 27/27/27
f 59/59/59 61/61/61 63/63/63
f 60/60/60 64/64/64 62/62/62
f 59/59/59 63/63/63 65/65/65
f 60/60/60 66/66/66 64/64/64
f 59/59/59 65/65/65 67/67/67
f 60/60/60 68/68/68 66/66/66
f 59/59/59 67/67/67 69/69/69
f 60/60/60 70/70/70 68/68/68
f 59/59/59 69/69/69 71/71/71
f 60/60/60 72/72/72 70/70/70
f 59/59/59 71/71/71 73/73/73
f 60/60/60 74/74/74 72/72/72
f 59/59/59 73/73/73 75/75/75
f 60/60/60 76/76/76 74/74/74
f 59/59/59 75/75/75 77/77/77
f 60/60/60 78/78/78 76/76/76
f 59/59/59 77/77/77 79/79/79
f 60/60/60 80/80/80 78/78/78
f 59/59/59 79/79/79 81/81/81
f 60/60/60 82/82/82 80/80/80
f 59/59/59 81/81/81 83/83/83
f 60/60/60 84/84/84 82/82/82
f 59/59/59 83/83/83 85/85/85
f 60/60/60 86/86/86 84/84/84
f 59/59/59 85/85/85 87/87/87
f 60/60/60 88/88/88 86/86/86
f 59/59/59 87/87/87 89/89/89
f 60/60/60 90/90/90 88/88/88
f 59/59/59 89/89/89 91/91/91
f 60/60/60 92/92/92 90/90/90
f 59/59/59 91/91/91 61/61/61
f 60/60/60 62/62/62 92/92/92
f 93/93/93 94/94/94 96/96/96
f 93/93/93 96/96/96 95/95/95
f 95/95/95 96/96/96 98/98/98
f 95/95/95 98/98/98 97/97/97
f 97/97/97 98/98/98 100/100/100
f 97/97/97 100/100/100 99/99/99
f 99/99/99 100/100/100 102/102/102
f 99/99/99 102/102/102 101/101/101
f 101/101/101 102/102/102 104/104/104
f 101/101/101 104/104/104 103/103/103
f 103/103/103 104/104/104 106/106/106
f 103/103/103 106/106/106 105/105/105
f 105/105/105 106/106/106 108/108/108
f 105/105/105 108/108/108 107/107/107
f 107/107/107 108/108/108 110/110/110
f 107/107/107 110/110/110 109/109/109
f 109/109/109 110/110/110 112/112/112
f 109/109/109 112/112/112 111/111/111
f 111/111/111 112/112/112 114/114/114
f 111/111/111 114/114/114 113/113/113
f 113/113/113 114/114/114 116/116/116
f 113/113/113 116/116/116 115/115/115
f 115/115/115 116/116/116 118/118/118
f 115/115/115 118/118/118 117/117/117
f 117/117/117 118/118/118 120/120/120
f 117/117/117 120/120/120 119/119/119
f 119/119/119 120/120/120 122/122/122
f 119/119/119 122/122/122 121/121/121
f 121/121/121 122/122/122 124/124/124
f 121/121/121 124/124/124 123/123/123
f 123/123/123 124/124/124 126/126/126
f 123/123/123 126/126/126 125/125/125
f 125/125/125 126/126/126 128/128/128
f 125/125/125 128/128/128 127/127/127
f 127/127/127 128/128/128 130/130/130
f 127/127/127 130/130/130 129/129/129
f 129/129/129 130/130/130 132/132/132
f 129/129/129 132/132/132 131/131/131
f 131/131/131 132/132/132 134/134/134
f 131/131/131 134/134/134 133/133/133
f 133/133/133 134/134/134 136/136/136
f 133/133/133 136/136/136 135/135/135
f 135/135/135 136/136/136 138/138/138
f 135/135/135 138/138/138 137/137/137
f 137/137/137 138/138/138 140/140/140
f 137/137/137 140/140/140 139/139/139
f 139/139/139 140/140/140 94/94/94
f 139/139/139 94/94/94 93/93/93
f 141/141/141 143/143/143 145/145/145
f 142/142/142 146/146/146 144/144/144
f 141/141/141 145/145/145 147/147/147
f 142/142/142 148/148/148 146/146/146
f 141/141/141 147/147/147 149/149/149
f 142/142/142 150/150/150 148/148/148
f 141/141/141 149/149/149 151/151/151
f 142/142/142 152/152/152 150/150/150
f 141/141/141 151/151/151 153/153/153
f 142/142/142 154/154/154 152/152/152
f 141/141/141 153/153/153 155/155/155
f 142/142/142 156/156/156 154/154/154
f 141/141/141 155/155/155 157/157/157
f 142/142/142 158/158/158 156/156/156
f 141/141/141 157/157/157 159/159/159
f 142/142/142 160/160/160 158/158/158
f 141/141/141 159/159/159 161/161/161
f 142/142/142 162/162/162 160/160/160
f 141/141/141 161/161/161 163/163/163
f 142/142/142 164/164/164 162/162/162
f 141/141/141 163/163/163 165/165/165
f 142/142/142 166/166/166 164/164/164
f 141/141/141 165/165/165 167/167/167
f 142/142/142 168/168/168 166/166/166
f 141/141/141 167/167/167 169/169/169
f 142/142/142 170/170/170 168/168/168
f 141/141/141 169/169/169 171/171/171
f 142/142/142 172/172/172 170/170/170
f 141/141/141 171/171/171 173/173/173
f 142/142/142 174/174/174 172/172/172
f 141/141/141 173/173/173 175/175/175
f 142/142/142 176/176/176 174/174/174
f 141/141/141 175/175/175 177/177/177
f 142/142/142 178/178/178 176/176/176
f 141/141/141 177/177/177 179/179/179
f 142/142/142 180/180/180 178/178/178
f 141/141/141 179/179/179 181/181/181
f 142/142/142 182/182/182 180/180/180
f 141/141/141 181/181/181 183/183/183
f 142/142/142 184/184/184 182/182/182
f 141/141/141 183/183/183 185/185/185
f 142/142/142 186/186/186 184/184/184
f 141/141/141 185/185/185 187/187/187
f 142/142/142 188/188/188 186/186/186
f 141/141/141 187/187/187 189/189/189
f 142/142/142 190/190/190 188/188/188
f 141/141/141 189/189/189 143/143/143
f 142/142/142 144/144/144 190/190/190
f 191/191/191 203/203/203 204/204/204
f 191/191/191 204/204/204 192/192/192
f 192/192/192 204/204/204 205/205/205
f 192/192/192 205/205/205 193/193/193
f 193/193/193 205/205/205 206/206/206
f 193/193/193 206/206/206 194/194/194
f 194/194/194 206/206/206 207/207/207
f 194/194/194 207/207/207 195/195/195
f 195/195/195 207/207/207 208/208/208
f 195/195/195 208/208/208 196/196/196
f 196/196/196 208/208/208 209/209/209
f 196/196/196 209/209/209 197/197/197
f 197/197/197 209/209/209 210/210/210
f 197/197/197 210/210/210 198/198/198
f 198/198/198 210/210/210 211/211/211
f 198/198/198 211/211/211 199/199/199
f 199/199/199 211/211/211 212/212/212
f 199/199/199 212/212/212 200/200/200
f 200/200/200 212/212/212 213/213/213
f 200/200/200 213/213/213 201/201/201
f 201/201/201 213/213/213 214/214/214
f 201/201/201 214/214/214 202/202/202
f 202/202/202 214/214/214 203/203/203
f 202/202/202 203/203/203 191/191/191
f 203/203/203 215/215/215 216/216/216
f 203/203/203 216/216/216 204/204/204
f 204/204/204 216/216/216 217/217/217
f 204/204/204 217/217/217 205/205/205
f 205/205/205 217/217/217 218/218/218
f 205/205/205 218/218/218 206/206/206
f 206/206/206 218/218/218 219/219/219
f 206/206/206 219/219/219 207/207/207
f 207/207/207 219/219/219 220/220/220
f 207/207/207 220/220/220 208/208/208
f 208/208/208 220/220/220 221/221/221
f 208/208/208 221/221/221 209/209/209
f 209/209/209 221/221/221 222/222/222
f 209/209/209 222/222/222 210/210/210
f 210/210/210 222/222/222 223/223/223
f 210/210/210 223/223/223 211/211/211
f 211/211/211 223/223/223 224/224/224
f 211/211/211 224/224/224 212/212/212
f 212/212/212 224/224/224 225/225/225
f 212/212/212 225/225/225 213/213/213
f 213/213/213 225/225/225 226/226/226
f 213/213/213 226/226/226 214/214/214
f 214/214/214 226/226/226 215/215/215
f 214/214/214 215/215/215 203/203/203
f 215/215/215 227/227/227 228/228/228
f 215/215/215 228/228/228 216/216/216
f 216/216/216 228/228/228 229/229/229
f 216/216/216 229/229/229 217/217/217
f 217/217/217 229/229/229 230/230/230
f 217/217/217 230/230/230 218/218/218
f 218/218/218 230/230/230 231/231/231
f 218/218/218 231/231/231 219/219/219
f 219/219/219 231/231/231 232/232/232
f 219/219/219 232/232/232 220/220/220
f 220/220/220 232/232/232 233/233/233
f 220/220/220 233/233/233 221/221/221
f 221/221/221 233/233/233 234/234/234
f 221/221/221 234/234/234 222/222/222
f 222/222/222 234/234/234 235/235/235
f 222/222/222 235/235/235 223/223/223
f 223/223/223 235/235/235 236/236/236
f 223/223/223 236/236/236 224/224/224
f 224/224/224 236/236/236 237/237/237
f 224/224/224 237/237/237 225/225/225
f 225/225/225 237/237/237 238/238/238
f 225/225/225 238/238/238 226/226/226
f 226/226/226 238/238/238 227/227/227
f 226/226/226 227/227/227 215/215/215
f 227/227/227 239/239/239 240/240/240
f 227/227/227 240/240/240 228/228/228
f 228/228/228 240/240/240 241/241/241
f 228/228/228 241/241/241 229/229/229
f 229/229/229 241/241/241 242/242/242
f 229/229/229 242/242/242 230/230/230
f 230/230/230 242/242/242 243/243/243
f 230/230/230 243/243/243 231/231/231
f 231/231/231 243/243/243 244/244/244
f 231/231/231 244/244/244 232/232/232
f 232/232/232 244/244/244 245/245/245
f 232/232/232 245/245/245 233/233/233
f 233/233/233 245/245/245 246/246/246
f 233/233/233 246/246/246 234/234/234
f 234/234/234 246/246/246 247/247/247
f 234/234/234 247/247/247 235/235/235
f 235/235/235 247/247/247 248/248/248
f 235/235/235 248/248/248 236/236/236
f 236/236/236 248/248/248 249/249/249
f 236/236/236 249/249/249 237/237/237
f 237/237/237 249/249/249 250/250/250
f 237/237/237 250/250/250 238/238/238
f 238/238/238 250/250/250 239/239/239
f 238/238/238 239/239/239 227/227/227
f 239/239/239 251/251/251 252/252/252
f 239/239/239 252/252/252 240/240/240
f 240/240/240 252/252/252 253/253/253
f 240/240/240 253/253/253 241/241/241
f 241/241/241 253/253/253 254/254/254
f 241/241/241 254/254/254 242/242/242
f 242/242/242 254/254/254 255/255/255
f 242/242/242 255/255/255 243/243/243
f 243/243/243 255/255/255 256/256/256
f 243/243/243 256/256/256 244/244/244
f 244/244/244 256/256/256 257/257/257
f 244/244/244 257/257/257 245/245/245
f 245/245/245 257/257/257 258/258/258
f 245/245/245 258/258/258 246/246/246
f 246/246/246 258/258/258 259/259/259
f 246/246/246 259/259/259 247/247/247
f 247/247/247 259/259/259 260/260/260
f 247/247/247 260/260/260 248/248/248
f 248/248/248 260/260/260 261/261/261
f 248/248/248 261/261/261 249/249/249
f 249/249/249 261/261/261 262/262/262
f 249/249/249 262/262/262 250/250/250
f 250/250/250 262/262/262 251/251/251
f 250/250/250 251/251/251 239/239/239
f 251/251/251 263/263/263 264/264/264
f 251/251/251 264/264/264 252/252/252
f 252/252/252 264/264/264 265/265/265
f 252/252/252 265/265/265 253/253/253
f 253/253/253 265/265/265 266/266/266
f 253/253/253 266/266/266 254/254/254
f 254/254/254 266/266/266 267/267/267
f 254/254/254 267/267/267 255/255/255
f 255/255/255 267/267/267 268/268/268
f 255/255/255 268/268/268 256/256/256
f 256/256/256 268/268/268 269/269/269
f 256/256/256 269/269/269 257/257/257
f 257/257/257 269/269/269 270/270/270
f 257/257/257 270/270/270 258/258/258
f 258/258/258 270/270/270 271/271/271
f 258/258/258 271/271/271 259/259/259
f 259/259/259 271/271/271 272/272/272
f 259/259/259 272/272/272 260/260/260
f 260/260/260 272/272/272 273/273/273
f 260/260/260 273/273/273 261/261/261
f 261/261/261 273/273/273 274/274/274
f 261/261/261 274/274/274 262/262/262
f 262/262/262 274/274/274 263/263/263
f 262/262/262 263/263/263 251/251/251
f 263/263/263 275/275/275 276/276/276
f 263/263/263 276/276/276 264/264/264
f 264/264/264 276/276/276 277/277/277
f 264/264/264 277/277/277 265/265/265
f 265/265/265 277/277/277 278/278/278
f 265/265/265 278/278/278 266/266/266
f 266/266/266 278/278/278 279/279/279
f 266/266/266 279/279/279 267/267/267
f 267/267/267 279/279/279 280/280/280
f 267/267/267 280/280/280 268/268/268
f 268/268/268 280/280/280 281/281/281
f 268/268/268 281/281/281 269/269/269
f 269/269/269 281/281/281 282/282/282
f 269/269/269 282/282/282 270/270/270
f 270/270/270 282/282/282 283/283/283
f 270/270/270 283/283/283 271/271/271
f 271/271/271 283/283/283 284/284/284
f 271/271/271 284/284/284 272/272/272
f 272/272/272 284/284/284 285/285/285
f 272/272/272 285/285/285 273/273/273
f 273/273/273 285/285/285 286/286/286
f 273/273/273 286/286/286 274/274/274
f 274/274/274 286/286/286 275/275/275
f 274/274/274 275/275/275 263/263/263
f 275/275/275 287/287/287 288/288/288
f 275/275/275 288/288/288 276/276/276
f 276/276/276 288/288/288 289/289/289
f 276/276/276 289/289/289 277/277/277
f 277/277/277 289/289/289 290/290/290
f 277/277/277 290/290/290 278/278/278
f 278/278/278 290/290/290 291/291/291
f 278/278/278 291/291/291 279/279/279
f 279/279/279 291/291/291 292/292/292
f 279/279/279 292/292/292 280/280/280
f 280/280/280 292/292/292 293/293/293
f 280/280/280 293/293/293 281/281/281
f 281/281/281 293/293/293 294/294/294
f 281/281/281 294/294/294 282/282/282
f 282/282/282 294/294/294 295/295/295
f 282/282/282 295/295/295 283/283/283
f 283/283/283 295/295/295 296/296/296
f 283/283/283 296/296/296 284/284/284
f 284/284/284 296/296/296 297/297/297
f 284/284/284 297/297/297 285/285/285
f 285/285/285 297/297/297 298/298/298
f 285/285/285 298/298/298 286/286/286
f 286/286/286 298/298/298 287/287/287
f 286/286/286 287/287/287 275/275/275
f 287/287/287 299/299/299 300/300/300
f 287/287/287 300/300/300 288/288/288
f 288/288/288 300/300/300 301/301/301
f 288/288/288 301/301/301 289/289/289
f 289/289/289 301/301/301 302/302/302
f 289/289/289 302/302/302 290/290/290
f 290/290/290 302/302/302 303/303/303
f 290/290/290 303/303/303 291/291/291
f 291/291/291 303/303/303 304/304/304
f 291/291/291 304/304/304 292/292/292
f 292/292/292 304/304/304 305/305/305
f 292/292/292 305/305/305 293/293/293
f 293/293/293 305/305/305 306/306/306
f 293/293/293 306/306/306 294/294/294
f 294/294/294 306/306/306 307/307/307
f 294/294/294 307/307/307 295/295/295
f 295/295/295 307/307/307 308/308/308
f 295/295/295 308/308/308 296/296/296
f 296/296/296 308/308/308 309/309/309
f 296/296/296 309/309/309 297/297/297
f 297/297/297 309/309/309 310/310/310
f 297/297/297 310/310/310 298/298/298
f 298/298/298 310/310/310 299/299/299
f 298/298/298 299/299/299 287/287/287
f 299/299/299 311/311/311 312/312/312
f 299/299/299 312/312/312 300/300/300
f 300/300/300 312/312/312 313/313/313
f 300/300/300 313/313/313 301/301/301
f 301/301/301 313/313/313 314/314/314
f 301/301/301 314/314/314 302/302/302
f 302/302/302 314/314/314 315/315/315
f 302/302/302 315/315/315 303/303/303
f 303/303/303 315/315/315 316/316/316
f 303/303/303 316/316/316 304/304/304
f 304/304/304 316/316/316 317/317/317
f 304/304/304 317/317/317 305/305/305
f 305/305/305 317/317/317 318/318/318
f 305/305/305 318/318/318 306/306/306
f 306/306/306 318/318/318 319/319/319
f 306/306/306 319/319/319 307/307/307
f 307/307/307 319/319/319 320/320/320
f 307/307/307 320/320/320 308/308/308
f 308/308/308 320/320/320 321/321/321
f 308/308/308 321/321/321 309/309/309
f 309/309/309 321/321/321 322/322/322
f 309/309/309 322/322/322 310/310/310
f 310/310/310 322/322/322 311/311/311
f 310/310/310 311/311/311 299/299/299
f 311/311/311 323/323/323 324/324/324
f 311/311/311 324/324/324 312/312/312
f 312/312/312 324/324/324 325/325/325
f 312/312/312 325/325/325 313/313/313
f 313/313/313 325/325/325 326/326/326
f 313/313/313 326/326/326 314/314/314
f 314/314/314 326/326/326 327/327/327
f 314/314/314 327/327/327 315/315/315
f 315/315/315 327/327/327 328/328/328
f 315/315/315 328/328/328 316/316/316
f 316/316/316 328/328/328 329/329/329
f 316/316/316 329/329/329 317/317/317
f 317/317/317 329/329/329 330/330/330
f 317/317/317 330/330/330 318/318/318
f 318/318/318 330/330/330 331/331/331
f 318/318/318 331/331/331 319/319/319
f 319/319/319 331/331/331 332/332/332
f 319/319/319 332/332/332 320/320/320
f 320/320/320 332/332/332 333/333/333
f 320/320/320 333/333/333 321/321/321
f 321/321/321 333/333/333 334/334/334
f 321/321/321 334/334/334 322/322/322
f 322/322/322 334/334/334 323/323/323
f 322/322/322 323/323/323 311/311/311
f 323/323/323 335/335/335 336/336/336
f 323/323/323 336/336/336 324/324/324
f 324/324/324 336/336/336 337/337/337
f 324/324/324 337/337/337 325/325/325
f 325/325/325 337/337/337 338/338/338
f 325/325/325 338/338/338 326/326/326
f 326/326/326 338/338/338 339/339/339
f 326/326/326 339/339/339 327/327/327
f 327/327/327 339/339/339 340/340/340
f 327/327/327 340/340/340 328/328/328
f 328/328/328 340/340/340 341/341/341
f 328/328/328 341/341/341 329/329/329
f 329/329/329 341/341/341 342/342/342
f 329/329/329 342/342/342 330/330/330
f 330/330/330 342/342/342 343/343/343
f 330/330/330 343/343/343 331/331/331
f 331/331/331 343/343/343 344/344/344
f 331/331/331 344/344/344 332/332/332
f 332/332/332 344/344/344 345/345/345
f 332/332/332 345/345/345 333/333/333
f 333/333/333 345/345/345 346/346/346
f 333/333/333 346/346/346 334/334/334
f 334/334/334 346/346/346 335/335/335
f 334/334/334 335/335/335 323/323/323
f 335/335/335 347/347/347 348/348/348
f 335/335/335 348/348/348 336/336/336
f 336/336/336 348/348/348 349/349/349
f 336/336/336 349/349/349 337/337/337
f 337/337/337 349/349/349 350/350/350
f 337/337/337 350/350/350 338/338/338
f 338/338/338 350/350/350 351/351/351
f 338/338/338 351/351/351 339/339/339
f 339/339/339 351/351/351 352/352/352
f 339/339/339 352/352/352 340/340/340
f 340/340/340 352/352/352 353/353/353
f 340/340/340 353/353/353 341/341/341
f 341/341/341 353/353/353 354/354/354
f 341/341/341 354/354/354 342/342/342
f 342/342/342 354/354/354 355/355/355
f 342/342/342 355/355/355 343/343/343
f 343/343/343 355/355/355 356/356/356
f 343/343/343 356/356/356 344/344/344
f 344/344/344 356/356/356 357/357/357
f 344/344/344 357/357/357 345/345/345
f 345/345/345 357/357/357 358/358/358
f 345/345/345 358/358/358 346/346/346
f 346/346/346 358/358/358 347/347/347
f 346/346/346 347/347/347 335/335/335
f 347/347/347 359/359/359 360/360/360
f 347/347/347 360/360/360 348/348/348
f 348/348/348 360/360/360 361/361/361
f 348/348/348 361/361/361 349/349/349
f 349/349/349 361/361/361 362/362/362
f 349/349/349 362/362/362 350/350/350
f 350/350/350 362/362/362 363/363/363
f 350/350/350 363/363/363 351/351/351
f 351/351/351 363/363/363 364/364/364
f 351/351/351 364/364/364 352/352/352
f 352/352/352 364/364/364 365/365/365
f 352/352/352 365/365/365 353/353/353
f 353/353/353 365/365/365 366/366/366
f 353/353/353 366/366/366 354/354/354
f 354/354/354 366/366/366 367/367/367
f 354/354/354 367/367/367 355/355/355
f 355/355/355 367/367/367 368/368/368
f 355/355/355 368/368/368 356/356/356
f 356/356/356 368/368/368 369/369/369
f 356/356/356 369/369/369 357/357/357
f 357/357/357 369/369/369 370/370/370
f 357/357/357 370/370/370 358/358/358
f 358/358/358 370/370/370 359/359/359
f 358/358/358 359/359/359 347/347/347
f 359/359/359 371/371/371 372/372/372
f 359/359/359 372/372/372 360/360/360
f 360/360/360 372/372/372 373/373/373
f 360/360/360 373/373/373 361/361/361
f 361/361/361 373/373/373 374/374/374
f 361/361/361 374/374/374 362/362/362
f 362/362/362 374/374/374 375/375/375
f 362/362/362 375/375/375 363/363/363
f 363/363/363 375/375/375 376/376/376
f 363/363/363 376/376/376 364/364/364
f 364/364/364 376/376/376 377/377/377
f 364/364/364 377/377/377 365/365/365
f 365/365/365 377/377/377 378/378/378
f 365/365/365 378/378/378 366/366/366
f 366/366/366 378/378/378 379/379/379
f 366/366/366 379/379/379 367/367/367
f 367/367/367 379/379/379 380/380/380
f 367/367/367 380/380/380 368/368/368
f 368/368/368 380/380/380 381/381/381
f 368/368/368 381/381/381 369/369/369
f 369/369/369 381/381/381 382/382/382
f 369/369/369 382/382/382 370/370/370
f 370/370/370 382/382/382 371/371/371
f 370/370/370 371/371/371 359/359/359
f 371/371/371 383/383/383 384/384/384
f 371/371/371 384/384/384 372/372/372
f 372/372/372 384/384/384 385/385/385
f 372/372/372 385/385/385 373/373/373
f 373/373/373 385/385/385 386/386/386
f 373/373/373 386/386/386 374/374/374
f 374/374/374 386/386/386 387/387/387
f 374/374/374 387/387/387 375/375/375
f 375/375/375 387/387/387 388/388/388
f 375/375/375 388/388/388 376/376/376
f 376/376/376 388/388/388 389/389/389
f 376/376/376 389/389/389 377/377/377
f 377/377/377 389/389/389 390/390/390
f 377/377/377 390/390/390 378/378/378
f 378/378/378 390/390/390 391/391/391
f 378/378/378 391/391/391 379/379/379
f 379/379/379 391/391/391 392/392/392
f 379/379/379 392/392/392 380/380/380
f 380/380/380 392/392/392 393/393/393
f 380/380/380 393/393/393 381/381/381
f 381/381/381 393/393/393 394/394/394
f 381/381/381 394/394/394 382/382/382
f 382/382/382 394/394/394 383/383/383
f 382/382/382 383/383/383 371/371/371
f 383/383/383 395/395/395 396/396/396
f 383/383/383 396/396/396 384/384/384
f 384/384/384 396/396/396 397/397/397
f 384/384/384 397/397/397 385/385/385
f 385/385/385 397/397/397 398/398/398
f 385/385/385 398/398/398 386/386/386
f 386/386/386 398/398/398 399/399/399
f 386/386/386 399/399/399 387/387/387
f 387/387/387 399/399/399 400/400/400
f 387/387/387 400/400/400 388/388/388
f 388/388/388 400/400/400 401/401/401
f 388/388/388 401/401/401 389/389/389
f 389/389/389 401/401/401 402/402/402
f 389/389/389 402/402/402 390/390/390
f 390/390/390 402/402/402 403/403/403
f 390/390/390 403/403/403 391/391/391
f 391/391/391 403/403/403 404/404/404
f 391/391/391 404/404/404 392/392/392
f 392/392/392 404/404/404 405/405/405
f 392/392/392 405/405/405 393/393/393
f 393/393/393 405/405/405 406/406/406
f 393/393/393 406/406/406 394/394/394
f 394/394/394 406/406/406 395/395/395
f 394/394/394 395/395/395 383/383/383
f 395/395/395 407/407/407 408/408/408
f 395/395/395 408/408/408 396/396/396
f 396/396/396 408/408/408 409/409/409
f 396/396/396 409/409/409 397/397/397
f 397/397/397 409/409/409 410/410/410
f 397/397/397 410/410/410 398/398/398
f 398/398/398 410/410/410 411/411/411
f 398/398/398 411/411/411 399/399/399
f 399/399/399 411/411/411 412/412/412
f 399/399/399 412/412/412 400/400/400
f 400/400/400 412/412/412 413/413/413
f 400/400/400 413/413/413 401/401/401
f 401/401/401 413/413/413 414/414/414
f 401/401/401 414/414/414 402/402/402
f 402/402/402 414/414/414 415/415/415
f 402/402/402 415/415/415 403/403/403
f 403/403/403 415/415/415 416/416/416
f 403/403/403 416/416/416 404/404/404
f 404/404/404 416/416/416 417/417/417
f 404/404/404 417/417/417 405/405/405
f 405/405/405 417/417/417 418/418/418
f 405/405/405 418/418/418 406/406/406
f 406/406/406 418/418/418 407/407/407
f 406/406/406 407/407/407 395/395/395
f 407/407/407 419/419/419 420/420/420
f 407/407/407 420/420/420 408/408/408
f 408/408/408 420/420/420 421/421/421
f 408/408/408 421/421/421 409/409/409
f 409/409/409 421/421/421 422/422/422
f 409/409/409 422/422/422 410/410/410
f 410/410/410 422/422/422 423/423/423
f 410/410/410 423/423/423 411/411/411
f 411/411/411 423/423/423 424/424/424
f 411/411/411 424/424/424 412/412/412
f 412/412/412 424/424/424 425/425/425
f 412/412/412 425/425/425 413/413/413
f 413/413/413 425/425/425 426/426/426
f 413/413/413 426/426/426 414/414/414
f 414/414/414 426/426/426 427/427/427
f 414/414/414 427/427/427 415/415/415
f 415/415/415 427/427/427 428/428/428
f 415/415/415 428/428/428 416/416/416
f 416/416/416 428/428/428 429/429/429
f 416/416/416 429/429/429 417/417/417
f 417/417/417 429/429/429 430/430/430
f 417/417/417 430/430/430 418/418/418
f 418/418/418 430/430/430 419/419/419
f 418/418/418 419/419/419 407/407/407
f 419/419/419 431/431/431 432/432/432
f 419/419/419 432/432/432 420/420/420
f 420/420/420 432/432/432 433/433/433
f 420/420/420 433/433/433 421/421/421
f 421/421/421 433/433/433 434/434/434
f 421/421/421 434/434/434 422/422/422
f 422/422/422 434/434/434 435/435/435
f 422/422/422 435/435/435 423/423/423
f 423/423/423 435/435/435 436/436/436
f 423/423/423 436/436/436 424/424/424
f 424/424/424 436/436/436 437/437/437
f 424/424/424 437/437/437 425/425/425
f 425/425/425 437/437/437 438/438/438
f 425/425/425 438/438/438 426/426/426
f 426/426/426 438/438/438 439/439/439
f 426/426/426 439/439/439 427/427/427
f 427/427/427 439/439/439 440/440/440
f 427/427/427 440/440/440 428/428/428
f 428/428/428 440/440/440 441/441/441
f 428/428/428 441/441/441 429/429/429
f 429/429/429 441/441/441 442/442/442
f 429/429/429 442/442/442 430/430/430
f 430/430/430 442/442/442 431/431/431
f 430/430/430 431/431/431 419/419/419
f 431/431/431 443/443/443 444/444/444
f 431/431/431 444/444/444 432/432/432
f 432/432/432 444/444/444 445/445/445
f 432/432/432 445/445/445 433/433/433
f 433/433/433 445/445/445 446/446/446
f 433/433/433 446/446/446 434/434/434
f 434/434/434 446/446/446 447/447/447
f 434/434/434 447/447/447 435/435/435
f 435/435/435 447/447/447 448/448/448
f 435/435/435 448/448/448 436/436/436
f 436/436/436 448/448/448 449/449/449
f 436/436/436 449/449/449 437/437/437
f 437/437/437 449/449/449 450/450/450
f 437/437/437 450/450/450 438/438/438
f 438/438/438 450/450/450 451/451/451
f 438/438/438 451/451/451 439/439/439
f 439/439/439 451/451/451 452/452/452
f 439/439/439 452/452/452 440/440/440
f 440/440/440 452/452/452 453/453/453
f 440/440/440 453/453/453 441/441/441
f 441/441/441 453/453/453 454/454/454
f 441/441/441 454/454/454 442/442/442
f 442/442/442 454/454/454 443/443/443
f 442/442/442 443/443/443 431/431/431
f 443/443/443 455/455/455 456/456/456
f 443/443/443 456/456/456 444/444/444
f 444/444/444 456/456/456 457/457/457
f 444/444/444 457/457/457 445/445/445
f 445/445/445 457/457/457 458/458/458
f 445/445/445 458/458/458 446/446/446
f 446/446/446 458/458/458 459/459/459
f 446/446/446 459/459/459 447/447/447
f 447/447/447 459/459/459 460/460/460
f 447/447/447 460/460/460 448/448/448
f 448/448/448 460/460/460 461/461/461
f 448/448/448 461/461/461 449/449/449
f 449/449/449 461/461/461 462/462/462
f 449/449/449 462/462/462 450/450/450
f 450/450/450 462/462/462 463/463/463
f 450/450/450 463/463/463 451/451/451
f 451/451/451 463/463/463 464/464/464
f 451/451/451 464/464/464 452/452/452
f 452/452/452 464/464/464 465/465/465
f 452/452/452 465/465/465 453/453/453
f 453/453/453 465/465/465 466/466/466
f 453/453/453 466/466/466 454/454/454
f 454/454/454 466/466/466 455/455/455
f 454/454/454 455/455/455 443/443/443
f 455/455/455 467/467/467 468/468/468
f 455/455/455 468/468/468 456/456/456
f 456/456/456 468/468/468 469/469/469
f 456/456/456 469/469/469 457/457/457
f 457/457/457 469/469/469 470/470/470
f 457/457/457 470/470/470 458/458/458
f 458/458/458 470/470/470 471/471/471
f 458/458/458 471/471/471 459/459/459
f 459/459/459 471/471/471 472/472/472
f 459/459/459 472/472/472 460/460/460
f 460/460/460 472/472/472 473/473/473
f 460/460/460 473/473/473 461/461/461
f 461/461/461 473/473/473 474/474/474
f 461/461/461 474/474/474 462/462/462
f 462/462/462 474/474/474 475/475/475
f 462/462/462 475/475/475 463/463/463
f 463/463/463 475/475/475 476/476/476
f 463/463/463 476/476/476 464/464/464
f 464/464/464 476/476/476 477/477/477
f 464/464/464 477/477/477 465/465/465
f 465/465/465 477/477/477 478/478/478
f 465/465/465 478/478/478 466/466/466
f 466/466/466 478/478/478 467/467/467
f 466/466/466 467/467/467 455/455/455
f 467/467/467 191/191/191 192/192/192
f 467/467/467 192/192/192 468/468/468
f 468/468/468 192/192/192 193/193/193
f 468/468/468 193/193/193 469/469/469
f 469/469/469 193/193/193 194/194/194
f 469/469/469 194/194/194 470/470/470
f 470/470/470 194/194/194 195/195/195
f 470/470/470 195/195/195 471/471/471
f 471/471/471 195/195/195 196/196/196
f 471/471/471 196/196/196 472/472/472
f 472/472/472 196/196/196 197/197/197
f 472/472/472 197/197/197 473/473/473
f 473/473/473 197/197/197 198/198/198
f 473/473/473 198/198/198 474/474/474
f 474/474/474 198/198/198 199/199/199
f 474/474/474 199/199/199 475/475/475
f 475/475/475 199/199/199 200/200/200
f 475/475/475 200/200/200 476/476/476
f 476/476/476 200/200/200 201/201/201
f 476/476/476 201/201/201 477/477/477
f 477/477/477 201/201/201 202/202/202
f 477/477/477 202/202/202 478/478/478
f 478/478/478 202/202/202 191/191/191
f 478/478/478 191/191/191 467/467/467
f 479/479/479 480/480/480 482/482/482
f 479/479/479 482/482/482 481/481/481
f 481/481/481 482/482/482 484/484/484
f 481/481/481 484/484/484 483/483/483
f 483/483/483 484/484/484 486/486/486
f 483/483/483 486/486/486 485/485/485
f 485/485/485 486/486/486 488/488/488
f 485/485/485 488/488/488 487/487/487
f 487/487/487 488/488/488 490/490/490
f 487/487/487 490/490/490 489/489/489
f 489/489/489 490/490/490 492/492/492
f 489/489/489 492/492/492 491/491/491
f 491/491/491 492/492/492 494/494/494
f 491/491/491 494/494/494 493/493/493
f 493/493/493 494/494/494 496/496/496
f 493/493/493 496/496/496 495/495/495
f 495/495/495 496/496/496 498/498/498
f 495/495/495 498/498/498 497/497/497
f 497/497/497 498/498/498 500/500/500
f 497/497/497 500/500/500 499/499/499
f 499/499/499 500/500/500 502/502/502
f 499/499/499 502/502/502 501/501/501
f 501/501/501 502/502/502 504/504/504
f 501/501/501 504/504/504 503/503/503
f 503/503/503 504/504/504 506/506/506
f 503/503/503 506/506/506 505/505/505
f 505/505/505 506/506/506 508/508/508
f 505/505/505 508/508/508 507/507/507
f 507/507/507 508/508/508 510/510/510
f 507/507/507 510/510/510 509/509/509
f 509/509/509 510/510/510 512/512/512
f 509/509/509 512/512/512 511/511/511
f 511/511/511 512/512/512 514/514/514
f 511/511/511 514/514/514 513/513/513
f 513/513/513 514/514/514 516/516/516
f 513/513/513 516/516/516 515/515/515
f 515/515/515 516/516/516 518/518/518
f 515/515/515 518/518/518 517/517/517
f 517/517/517 518/518/518 480/480/480
f 517/517/517 480/480/480 479/479/479
f 519/519/519 521/521/521 523/523/523
f 520/520/520 524/524/524 522/522/522
f 519/519/519 523/523/523 525/525/525
f 520/520/520 526/526/526 524/524/524
f 519/519/519 525/525/525 527/527/527
f 520/520/520 528/528/528 526/526/526
f 519/519/519 527/527/527 529/529/529
f 520/520/520 530/530/530 528/528/528
f 519/519/519 529/529/529 531/531/531
f 520/520/520 532/532/532 530/530/530
f 519/519/519 531/531/531 533/533/533
f 520/520/520 534/534/534 532/532/532
f 519/519/519 533/533/533 535/535/535
f 520/520/520 536/536/536 534/534/534
f 519/519/519 535/535/535 537/537/537
f 520/520/520 538/538/538 536/536/536
f 519/519/519 537/537/537 539/539/539
f 520/520/520 540/540/540 538/538/538
f 519/519/519 539/539/539 541/541/541
f 520/520/520 542/542/542 540/540/540
f 519/519/519 541/541/541 543/543/543
f 520/520/520 544/544/544 542/542/542
f 519/519/519 543/543/543 545/545/545
f 520/520/520 546/546/546 544/544/544
f 519/519/519 545/545/545 547/547/547
f 520/520/520 548/548/548 546/546/546
f 519/519/519 547/547/547 549/549/549
f 520/520/520 550/550/550 548/548/548
f 519/519/519 549/549/549 551/551/551
f 520/520/520 552/552/552 550/550/550
f 519/519/519 551/551/551 553/553/553
f 520/520/520 554/554/554 552/552/552
f 519/519/519 553/553/553 555/555/555
f 520/520/520 556/556/556 554/554/554
f 519/519/519 555/555/555 557/557/557
f 520/520/520 558/558/558 556/556/556
f 519/519/519 557/557/557 559/559/559
f 520/520/520 560/560/560 558/558/558
f 519/519/519 559/559/559 521/521/521
f 520/520/520 522/522/522 560/560/560
f 561/561/561 562/562/562 564/564/564
f 561/561/561 564/564/564 563/563/563
f 563/563/563 564/564/564 566/566/566
f 563/563/563 566/566/566 565/565/565
f 565/565/565 566/566/566 568/568/568
f 565/565/565 568/568/568 567/567/567
f 567/567/567 568/568/568 570/570/570
f 567/567/567 570/570/570 569/569/569
f 569/569/569 570/570/570 572/572/572
f 569/569/569 572/572/572 571/571/571
f 571/571/571 572/572/572 574/574/574
f 571/571/571 574/574/574 573/573/573
f 573/573/573 574/574/574 576/576/576
f 573/573/573 576/576/576 575/575/575
f 575/575/575 576/576/576 578/578/578
f 575/575/575 578/578/578 577/577/577
f 577/577/577 578/578/578 580/580/580
f 577/577/577 580/580/580 579/579/579
f 579/579/579 580/580/580 582/582/582
f 579/579/579 582/582/582 581/581/581
f 581/581/581 582/582/582 584/584/584
f 581/581/581 584/584/584 583/583/583
f 583/583/583 584/584/584 586/586/586
f 583/583/583 586/586/586 585/585/585
f 585/585/585 586/586/586 588/588/588
f 585/585/585 588/588/588 587/587/587
f 587/587/587 588/588/588 590/590/590
f 587/587/587 590/590/590 589/589/589
f 589/589/589 590/590/590 592/592/592
f 589/589/589 592/592/592 591/591/591
f 591/591/591 592/592/592 562/562/562
f 591/591/591 562/562/562 561/561/561
f 593/593/593 595/595/595 597/597/597
f 594/594/594 598/598/598 596/596/596
f 593/593/593 597/597/597 599/599/599
f 594/594/594 600/600/600 598/598/598
f 593/593/593 599/599/599 601/601/601
f 594/594/594 602/602/602 600/600/600
f 593/593/593 601/601/601 603/603/603
f 594/594/594 604/604/604 602/602/602
f 593/593/593 603/603/603 605/605/605
f 594/594/594 606/606/606 604/604/604
f 593/593/593 605/605/605 607/607/607
f 594/594/594 608/608/608 606/606/606
f 593/593/593 607/607/607 609/609/609
f 594/594/594 610/610/610 608/608/608
f 593/593/593 609/609/609 611/611/611
f 594/594/594 612/612/612 610/610/610
f 593/593/593 611/611/611 613/613/613
f 594/594/594 614/614/614 612/612/612
f 593/593/593 613/613/613 615/615/615
f 594/594/594 616/616/616 614/614/614
f 593/593/593 615/615/615 617/617/617
f 594/594/594 618/618/618 616/616/616
f 593/593/593 617/617/617 619/619/619
f 594/594/594 620/620/620 618/618/618
f 593/593/593 619/619/619 621/621/621
f 594/594/594 622/622/622 620/620/620
f 593/593/593 621/621/621 623/623/623
f 594/594/594 624/624/624 622/622/622
f 593/593/593 623/623/623 625/625/625
f 594/594/594 626/626/626 624/624/624
f 593/593/593 625/625/625 595/595/595
f 594/594/594 596/596/596 626/626/626
f 627/627/627 628/628/628 629/629/629
f 627/627/627 629/629/629 630/630/630
f 631/631/631 632/632/632 633/633/633
f 631/631/631 633/633/633 634/634/634
f 635/635/635 636/636/636 637/637/637
f 635/635/635 637/637/637 638/638/638
f 639/639/639 640/640/640 641/641/641
f 639/639/639 641/641/641 642/642/642
f 643/643/643 644/644/644 645/645/645
f 643/643/643 645/645/645 646/646/646
f 647/647/647 648/648/648 649/649/649
f 647/647/647 649/649/649 650/650/650
f 651/651/651 652/652/652 654/654/654
f 651/651/651 654/654/654 653/653/653
f 653/653/653 654/654/654 656/656/656
f 653/653/653 656/656/656 655/655/655
f 655/655/655 656/656/656 658/658/658
f 655/655/655 658/658/658 657/657/657
f 657/657/657 658/658/658 660/660/660
f 657/657/657 660/660/660 659/659/659
f 659/659/659 660/660/660 662/662/662
f 659/659/659 662/662/662 661/661/661
f 661/661/661 662/662/662 664/664/664
f 661/661/661 664/664/664 663/663/663
f 663/663/663 664/664/664 666/666/666
f 663/663/663 666/666/666 665/665/665
f 665/665/665 666/666/666 668/668/668
f 665/665/665 668/668/668 667/667/667
f 667/667/667 668/668/668 670/670/670
f 667/667/667 670/670/670 669/669/669
f 669/669/669 670/670/670 672/672/672
f 669/669/669 672/672/672 671/671/671
f 671/671/671 672/672/672 674/674/674
f 671/671/671 674/674/674 673/673/673
f 673/673/673 674/674/674 676/676/676
f 673/673/673 676/676/676 675/675/675
f 675/675/675 676/676/676 678/678/678
f 675/675/675 678/678/678 677/677/677
f 677/677/677 678/678/678 680/680/680
f 677/677/677 680/680/680 679/679/679
f 679/679/679 680/680/680 682/682/682
f 679/679/679 682/682/682 681/681/681
f 681/681/681 682/682/682 652/652/652
f 681/681/681 652/652/652 651/651/651
f 683/683/683 685/685/685 687/687/687
f 684/684/684 688/688/688 686/686/686
f 683/683/683 687/687/687 689/689/689
f 684/684/684 690/690/690 688/688/688
f 683/683/683 689/689/689 691/691/691
f 684/684/684 692/692/692 690/690/690
f 683/683/683 691/691/691 693/693/693
f 684/684/684 694/694/694 692/692/692
f 683/683/683 693/693/693 695/695/695
f 684/684/684 696/696/696 694/694/694
f 683/683/683 695/695/695 697/697/697
f 684/684/684 698/698/698 696/696/696
f 683/683/683 697/697/697 699/699/699
f 684/684/684 700/700/700 698/698/698
f 683/683/683 699/699/699 701/701/701
f 684/684/684 702/702/702 700/700/700
f 683/683/683 701/701/701 703/703/703
f 684/684/684 704/704/704 702/702/702
f 683/683/683 703/703/703 705/705/705
f 684/684/684 706/706/706 704/704/704
f 683/683/683 705/705/705 707/707/707
f 684/684/684 708/708/708 706/706/706
f 683/683/683 707/707/707 709/709/709
f 684/684/684 710/710/710 708/708/708
f 683/683/683 709/709/709 711/711/711
f 684/684/684 712/712/712 710/710/710
f 683/683/683 711/711/711 713/713/713
f 684/684/684 714/714/714 712/712/712
f 683/683/683 713/713/713 715/715/715
f 684/684/684 716/716/716 714/714/714
f 683/683/683 715/715/715 685/685/685
f 684/684/684 686/686/686 716/716/716
f 717/717/717 718/718/718 720/720/720
f 717/717/717 720/720/720 719/719/719
f 719/719/719 720/720/720 722/722/722
f 719/719/719 722/722/722 721/721/721
f 721/721/721 722/722/722 724/724/724
f 721/721/721 724/724/724 723/723/723
f 723/723/723 724/724/724 726/726/726
f 723/723/723 726/726/726 725/725/725
f 725/725/725 726/726/726 728/728/728
f 725/725/725 728/728/728 727/727/727
f 727/727/727 728/728/728 730/730/730
f 727/727/727 730/730/730 729/729/729
f 729/729/729 730/730/730 732/732/732
f 729/729/729 732/732/732 731/731/731
f 731/731/731 732/732/732 734/734/734
f 731/731/731 734/734/734 733/733/733
f 733/733/733 734/734/734 736/736/736
f 733/733/733 736/736/736 735/735/735
f 735/735/735 736/736/736 738/738/738
f 735/735/735 738/738/738 737/737/737
f 737/737/737 738/738/738 740/740/740
f 737/737/737 740/740/740 739/739/739
f 739/739/739 740/740/740 742/742/742
f 739/739/739 742/742/742 741/741/741
f 741/741/741 742/742/742 744/744/744
f 741/741/741 744/744/744 743/743/743
f 743/743/743 744/744/744 746/746/746
f 743/743/743 746/746/746 745/745/745
f 745/745/745 746/746/746 748/748/748
f 745/745/745 748/748/748 747/747/747
f 747/747/747 748/748/748 718/718/718
f 747/747/747 718/718/718 717/717/717
f 749/749/749 751/751/751 753/753/753
f 750/750/750 754/754/754 752/752/752
f 749/749/749 753/753/753 755/755/755
f 750/750/750 756/756/756 754/754/754
f 749/749/749 755/755/755 757/757/757
f 750/750/750 758/758/758 756/756/756
f 749/749/749 757/757/757 759/759/759
f 750/750/750 760/760/760 758/758/758
f 749/749/749 759/759/759 761/761/761
f 750/750/750 762/762/762 760/760/760
f 749/749/749 761/761/761 763/763/763
f 750/750/750 764/764/764 762/762/762
f 749/749/749 763/763/763 765/765/765
f 750/750/750 766/766/766 764/764/764
f 749/749/749 765/765/765 767/767/767
f 750/750/750 768/768/768 766/766/766
f 749/749/749 767/767/767 769/769/769
f 750/750/750 770/770/770 768/768/768
f 749/749/749 769/769/769 771/771/771
f 750/750/750 772/772/772 770/770/770
f 749/749/749 771/771/771 773/773/773
f 750/750/750 774/774/774 772/772/772
f 749/749/749 773/773/773 775/775/775
f 750/750/750 776/776/776 774/774/774
f 749/749/749 775/775/775 777/777/777
f 750/750/750 778/778/778 776/776/776
f 749/749/749 777/777/777 779/779/779
f 750/750/750 780/780/780 778/778/778
f 749/749/749 779/779/779 781/781/781
f 750/750/750 782/782/782 780/780/780
f 749/749/749 781/781/781 751/751/751
f 750/750/750 752/752/752 782/782/782
f 783/783/783 784/784/784 786/786/786
f 783/783/783 786/786/786 785/785/785
f 785/785/785 786/786/786 788/788/788
f 785/785/785 788/788/788 787/787/787
f 787/787/787 788/788/788 790/790/790
f 787/787/787 790/790/790 789/789/789
f 789/789/789 790/790/790 792/792/792
f 789/789/789 792/792/792 791/791/791
f 791/791/791 792/792/792 794/794/794
f 791/791/791 794/794/794 793/793/793
f 793/793/793 794/794/794 784/784/784
f 793/793/793 784/784/784 783/783/783
f 795/795/795 797/797/797 799/799/799
f 796/796/796 800/800/800 798/798/798
f 795/795/795 799/799/799 801/801/801
f 796/796/796 802/802/802 800/800/800
f 795/795/795 801/801/801 803/803/803
f 796/796/796 804/804/804 802/802/802
f 795/795/795 803/803/803 805/805/805
f 796/796/796 806/806/806 804/804/804
f 795/795/795 805/805/805 807/807/807
f 796/796/796 808/808/808 806/806/806
f 795/795/795 807/807/807 797/797/797
f 796/796/796 798/798/798 808/808/808
