# Multi-Material High-Detail Industrial Asset: gas_cylinder_hd.obj
v 0.114000 0.960000 0.000000
v 0.114000 0.040000 0.000000
v 0.111810 0.960000 0.022240
v 0.111810 0.040000 0.022240
v 0.105322 0.960000 0.043626
v 0.105322 0.040000 0.043626
v 0.094788 0.960000 0.063335
v 0.094788 0.040000 0.063335
v 0.080610 0.960000 0.080610
v 0.080610 0.040000 0.080610
v 0.063335 0.960000 0.094788
v 0.063335 0.040000 0.094788
v 0.043626 0.960000 0.105322
v 0.043626 0.040000 0.105322
v 0.022240 0.960000 0.111810
v 0.022240 0.040000 0.111810
v 0.000000 0.960000 0.114000
v 0.000000 0.040000 0.114000
v -0.022240 0.960000 0.111810
v -0.022240 0.040000 0.111810
v -0.043626 0.960000 0.105322
v -0.043626 0.040000 0.105322
v -0.063335 0.960000 0.094788
v -0.063335 0.040000 0.094788
v -0.080610 0.960000 0.080610
v -0.080610 0.040000 0.080610
v -0.094788 0.960000 0.063335
v -0.094788 0.040000 0.063335
v -0.105322 0.960000 0.043626
v -0.105322 0.040000 0.043626
v -0.111810 0.960000 0.022240
v -0.111810 0.040000 0.022240
v -0.114000 0.960000 0.000000
v -0.114000 0.040000 0.000000
v -0.111810 0.960000 -0.022240
v -0.111810 0.040000 -0.022240
v -0.105322 0.960000 -0.043626
v -0.105322 0.040000 -0.043626
v -0.094788 0.960000 -0.063335
v -0.094788 0.040000 -0.063335
v -0.080610 0.960000 -0.080610
v -0.080610 0.040000 -0.080610
v -0.063335 0.960000 -0.094788
v -0.063335 0.040000 -0.094788
v -0.043626 0.960000 -0.105322
v -0.043626 0.040000 -0.105322
v -0.022240 0.960000 -0.111810
v -0.022240 0.040000 -0.111810
v -0.000000 0.960000 -0.114000
v -0.000000 0.040000 -0.114000
v 0.022240 0.960000 -0.111810
v 0.022240 0.040000 -0.111810
v 0.043626 0.960000 -0.105322
v 0.043626 0.040000 -0.105322
v 0.063335 0.960000 -0.094788
v 0.063335 0.040000 -0.094788
v 0.080610 0.960000 -0.080610
v 0.080610 0.040000 -0.080610
v 0.094788 0.960000 -0.063335
v 0.094788 0.040000 -0.063335
v 0.105322 0.960000 -0.043626
v 0.105322 0.040000 -0.043626
v 0.111810 0.960000 -0.022240
v 0.111810 0.040000 -0.022240
v 0.000000 0.960000 0.000000
v 0.000000 0.040000 0.000000
v 0.114000 0.960000 0.000000
v 0.114000 0.040000 0.000000
v 0.111810 0.960000 0.022240
v 0.111810 0.040000 0.022240
v 0.105322 0.960000 0.043626
v 0.105322 0.040000 0.043626
v 0.094788 0.960000 0.063335
v 0.094788 0.040000 0.063335
v 0.080610 0.960000 0.080610
v 0.080610 0.040000 0.080610
v 0.063335 0.960000 0.094788
v 0.063335 0.040000 0.094788
v 0.043626 0.960000 0.105322
v 0.043626 0.040000 0.105322
v 0.022240 0.960000 0.111810
v 0.022240 0.040000 0.111810
v 0.000000 0.960000 0.114000
v 0.000000 0.040000 0.114000
v -0.022240 0.960000 0.111810
v -0.022240 0.040000 0.111810
v -0.043626 0.960000 0.105322
v -0.043626 0.040000 0.105322
v -0.063335 0.960000 0.094788
v -0.063335 0.040000 0.094788
v -0.080610 0.960000 0.080610
v -0.080610 0.040000 0.080610
v -0.094788 0.960000 0.063335
v -0.094788 0.040000 0.063335
v -0.105322 0.960000 0.043626
v -0.105322 0.040000 0.043626
v -0.111810 0.960000 0.022240
v -0.111810 0.040000 0.022240
v -0.114000 0.960000 0.000000
v -0.114000 0.040000 0.000000
v -0.111810 0.960000 -0.022240
v -0.111810 0.040000 -0.022240
v -0.105322 0.960000 -0.043626
v -0.105322 0.040000 -0.043626
v -0.094788 0.960000 -0.063335
v -0.094788 0.040000 -0.063335
v -0.080610 0.960000 -0.080610
v -0.080610 0.040000 -0.080610
v -0.063335 0.960000 -0.094788
v -0.063335 0.040000 -0.094788
v -0.043626 0.960000 -0.105322
v -0.043626 0.040000 -0.105322
v -0.022240 0.960000 -0.111810
v -0.022240 0.040000 -0.111810
v -0.000000 0.960000 -0.114000
v -0.000000 0.040000 -0.114000
v 0.022240 0.960000 -0.111810
v 0.022240 0.040000 -0.111810
v 0.043626 0.960000 -0.105322
v 0.043626 0.040000 -0.105322
v 0.063335 0.960000 -0.094788
v 0.063335 0.040000 -0.094788
v 0.080610 0.960000 -0.080610
v 0.080610 0.040000 -0.080610
v 0.094788 0.960000 -0.063335
v 0.094788 0.040000 -0.063335
v 0.105322 0.960000 -0.043626
v 0.105322 0.040000 -0.043626
v 0.111810 0.960000 -0.022240
v 0.111810 0.040000 -0.022240
v 0.118000 0.080000 0.000000
v 0.118000 0.000000 0.000000
v 0.115733 0.080000 0.023021
v 0.115733 0.000000 0.023021
v 0.109018 0.080000 0.045157
v 0.109018 0.000000 0.045157
v 0.098113 0.080000 0.065557
v 0.098113 0.000000 0.065557
v 0.083439 0.080000 0.083439
v 0.083439 0.000000 0.083439
v 0.065557 0.080000 0.098113
v 0.065557 0.000000 0.098113
v 0.045157 0.080000 0.109018
v 0.045157 0.000000 0.109018
v 0.023021 0.080000 0.115733
v 0.023021 0.000000 0.115733
v 0.000000 0.080000 0.118000
v 0.000000 0.000000 0.118000
v -0.023021 0.080000 0.115733
v -0.023021 0.000000 0.115733
v -0.045157 0.080000 0.109018
v -0.045157 0.000000 0.109018
v -0.065557 0.080000 0.098113
v -0.065557 0.000000 0.098113
v -0.083439 0.080000 0.083439
v -0.083439 0.000000 0.083439
v -0.098113 0.080000 0.065557
v -0.098113 0.000000 0.065557
v -0.109018 0.080000 0.045157
v -0.109018 0.000000 0.045157
v -0.115733 0.080000 0.023021
v -0.115733 0.000000 0.023021
v -0.118000 0.080000 0.000000
v -0.118000 0.000000 0.000000
v -0.115733 0.080000 -0.023021
v -0.115733 0.000000 -0.023021
v -0.109018 0.080000 -0.045157
v -0.109018 0.000000 -0.045157
v -0.098113 0.080000 -0.065557
v -0.098113 0.000000 -0.065557
v -0.083439 0.080000 -0.083439
v -0.083439 0.000000 -0.083439
v -0.065557 0.080000 -0.098113
v -0.065557 0.000000 -0.098113
v -0.045157 0.080000 -0.109018
v -0.045157 0.000000 -0.109018
v -0.023021 0.080000 -0.115733
v -0.023021 0.000000 -0.115733
v -0.000000 0.080000 -0.118000
v -0.000000 0.000000 -0.118000
v 0.023021 0.080000 -0.115733
v 0.023021 0.000000 -0.115733
v 0.045157 0.080000 -0.109018
v 0.045157 0.000000 -0.109018
v 0.065557 0.080000 -0.098113
v 0.065557 0.000000 -0.098113
v 0.083439 0.080000 -0.083439
v 0.083439 0.000000 -0.083439
v 0.098113 0.080000 -0.065557
v 0.098113 0.000000 -0.065557
v 0.109018 0.080000 -0.045157
v 0.109018 0.000000 -0.045157
v 0.115733 0.080000 -0.023021
v 0.115733 0.000000 -0.023021
v 0.000000 0.080000 0.000000
v 0.000000 0.000000 0.000000
v 0.118000 0.080000 0.000000
v 0.118000 0.000000 0.000000
v 0.115733 0.080000 0.023021
v 0.115733 0.000000 0.023021
v 0.109018 0.080000 0.045157
v 0.109018 0.000000 0.045157
v 0.098113 0.080000 0.065557
v 0.098113 0.000000 0.065557
v 0.083439 0.080000 0.083439
v 0.083439 0.000000 0.083439
v 0.065557 0.080000 0.098113
v 0.065557 0.000000 0.098113
v 0.045157 0.080000 0.109018
v 0.045157 0.000000 0.109018
v 0.023021 0.080000 0.115733
v 0.023021 0.000000 0.115733
v 0.000000 0.080000 0.118000
v 0.000000 0.000000 0.118000
v -0.023021 0.080000 0.115733
v -0.023021 0.000000 0.115733
v -0.045157 0.080000 0.109018
v -0.045157 0.000000 0.109018
v -0.065557 0.080000 0.098113
v -0.065557 0.000000 0.098113
v -0.083439 0.080000 0.083439
v -0.083439 0.000000 0.083439
v -0.098113 0.080000 0.065557
v -0.098113 0.000000 0.065557
v -0.109018 0.080000 0.045157
v -0.109018 0.000000 0.045157
v -0.115733 0.080000 0.023021
v -0.115733 0.000000 0.023021
v -0.118000 0.080000 0.000000
v -0.118000 0.000000 0.000000
v -0.115733 0.080000 -0.023021
v -0.115733 0.000000 -0.023021
v -0.109018 0.080000 -0.045157
v -0.109018 0.000000 -0.045157
v -0.098113 0.080000 -0.065557
v -0.098113 0.000000 -0.065557
v -0.083439 0.080000 -0.083439
v -0.083439 0.000000 -0.083439
v -0.065557 0.080000 -0.098113
v -0.065557 0.000000 -0.098113
v -0.045157 0.080000 -0.109018
v -0.045157 0.000000 -0.109018
v -0.023021 0.080000 -0.115733
v -0.023021 0.000000 -0.115733
v -0.000000 0.080000 -0.118000
v -0.000000 0.000000 -0.118000
v 0.023021 0.080000 -0.115733
v 0.023021 0.000000 -0.115733
v 0.045157 0.080000 -0.109018
v 0.045157 0.000000 -0.109018
v 0.065557 0.080000 -0.098113
v 0.065557 0.000000 -0.098113
v 0.083439 0.080000 -0.083439
v 0.083439 0.000000 -0.083439
v 0.098113 0.080000 -0.065557
v 0.098113 0.000000 -0.065557
v 0.109018 0.080000 -0.045157
v 0.109018 0.000000 -0.045157
v 0.115733 0.080000 -0.023021
v 0.115733 0.000000 -0.023021
v 0.114000 0.960000 0.000000
v 0.111412 0.973011 0.000000
v 0.104042 0.984042 0.000000
v 0.093011 0.991412 0.000000
v 0.080000 0.994000 0.000000
v 0.066989 0.991412 0.000000
v 0.055958 0.984042 0.000000
v 0.048588 0.973011 0.000000
v 0.046000 0.960000 0.000000
v 0.048588 0.946989 0.000000
v 0.055958 0.935958 0.000000
v 0.066989 0.928588 0.000000
v 0.080000 0.926000 0.000000
v 0.093011 0.928588 0.000000
v 0.104042 0.935958 0.000000
v 0.111412 0.946989 0.000000
v 0.111810 0.960000 0.022240
v 0.109271 0.973011 0.021735
v 0.102042 0.984042 0.020298
v 0.091224 0.991412 0.018146
v 0.078463 0.994000 0.015607
v 0.065702 0.991412 0.013069
v 0.054883 0.984042 0.010917
v 0.047654 0.973011 0.009479
v 0.045116 0.960000 0.008974
v 0.047654 0.946989 0.009479
v 0.054883 0.935958 0.010917
v 0.065702 0.928588 0.013069
v 0.078463 0.926000 0.015607
v 0.091224 0.928588 0.018146
v 0.102042 0.935958 0.020298
v 0.109271 0.946989 0.021735
v 0.105322 0.960000 0.043626
v 0.102931 0.973011 0.042635
v 0.096122 0.984042 0.039815
v 0.085931 0.991412 0.035594
v 0.073910 0.994000 0.030615
v 0.061890 0.991412 0.025635
v 0.051699 0.984042 0.021414
v 0.044890 0.973011 0.018594
v 0.042498 0.960000 0.017603
v 0.044890 0.946989 0.018594
v 0.051699 0.935958 0.021414
v 0.061890 0.928588 0.025635
v 0.073910 0.926000 0.030615
v 0.085931 0.928588 0.035594
v 0.096122 0.935958 0.039815
v 0.102931 0.946989 0.042635
v 0.094788 0.960000 0.063335
v 0.092636 0.973011 0.061897
v 0.086507 0.984042 0.057802
v 0.077336 0.991412 0.051674
v 0.066518 0.994000 0.044446
v 0.055699 0.991412 0.037217
v 0.046528 0.984042 0.031089
v 0.040400 0.973011 0.026994
v 0.038248 0.960000 0.025556
v 0.040400 0.946989 0.026994
v 0.046528 0.935958 0.031089
v 0.055699 0.928588 0.037217
v 0.066518 0.926000 0.044446
v 0.077336 0.928588 0.051674
v 0.086507 0.935958 0.057802
v 0.092636 0.946989 0.061897
v 0.080610 0.960000 0.080610
v 0.078780 0.973011 0.078780
v 0.073569 0.984042 0.073569
v 0.065769 0.991412 0.065769
v 0.056569 0.994000 0.056569
v 0.047368 0.991412 0.047368
v 0.039569 0.984042 0.039569
v 0.034357 0.973011 0.034357
v 0.032527 0.960000 0.032527
v 0.034357 0.946989 0.034357
v 0.039569 0.935958 0.039569
v 0.047368 0.928588 0.047368
v 0.056569 0.926000 0.056569
v 0.065769 0.928588 0.065769
v 0.073569 0.935958 0.073569
v 0.078780 0.946989 0.078780
v 0.063335 0.960000 0.094788
v 0.061897 0.973011 0.092636
v 0.057802 0.984042 0.086507
v 0.051674 0.991412 0.077336
v 0.044446 0.994000 0.066518
v 0.037217 0.991412 0.055699
v 0.031089 0.984042 0.046528
v 0.026994 0.973011 0.040400
v 0.025556 0.960000 0.038248
v 0.026994 0.946989 0.040400
v 0.031089 0.935958 0.046528
v 0.037217 0.928588 0.055699
v 0.044446 0.926000 0.066518
v 0.051674 0.928588 0.077336
v 0.057802 0.935958 0.086507
v 0.061897 0.946989 0.092636
v 0.043626 0.960000 0.105322
v 0.042635 0.973011 0.102931
v 0.039815 0.984042 0.096122
v 0.035594 0.991412 0.085931
v 0.030615 0.994000 0.073910
v 0.025635 0.991412 0.061890
v 0.021414 0.984042 0.051699
v 0.018594 0.973011 0.044890
v 0.017603 0.960000 0.042498
v 0.018594 0.946989 0.044890
v 0.021414 0.935958 0.051699
v 0.025635 0.928588 0.061890
v 0.030615 0.926000 0.073910
v 0.035594 0.928588 0.085931
v 0.039815 0.935958 0.096122
v 0.042635 0.946989 0.102931
v 0.022240 0.960000 0.111810
v 0.021735 0.973011 0.109271
v 0.020298 0.984042 0.102042
v 0.018146 0.991412 0.091224
v 0.015607 0.994000 0.078463
v 0.013069 0.991412 0.065702
v 0.010917 0.984042 0.054883
v 0.009479 0.973011 0.047654
v 0.008974 0.960000 0.045116
v 0.009479 0.946989 0.047654
v 0.010917 0.935958 0.054883
v 0.013069 0.928588 0.065702
v 0.015607 0.926000 0.078463
v 0.018146 0.928588 0.091224
v 0.020298 0.935958 0.102042
v 0.021735 0.946989 0.109271
v 0.000000 0.960000 0.114000
v 0.000000 0.973011 0.111412
v 0.000000 0.984042 0.104042
v 0.000000 0.991412 0.093011
v 0.000000 0.994000 0.080000
v 0.000000 0.991412 0.066989
v 0.000000 0.984042 0.055958
v 0.000000 0.973011 0.048588
v 0.000000 0.960000 0.046000
v 0.000000 0.946989 0.048588
v 0.000000 0.935958 0.055958
v 0.000000 0.928588 0.066989
v 0.000000 0.926000 0.080000
v 0.000000 0.928588 0.093011
v 0.000000 0.935958 0.104042
v 0.000000 0.946989 0.111412
v -0.022240 0.960000 0.111810
v -0.021735 0.973011 0.109271
v -0.020298 0.984042 0.102042
v -0.018146 0.991412 0.091224
v -0.015607 0.994000 0.078463
v -0.013069 0.991412 0.065702
v -0.010917 0.984042 0.054883
v -0.009479 0.973011 0.047654
v -0.008974 0.960000 0.045116
v -0.009479 0.946989 0.047654
v -0.010917 0.935958 0.054883
v -0.013069 0.928588 0.065702
v -0.015607 0.926000 0.078463
v -0.018146 0.928588 0.091224
v -0.020298 0.935958 0.102042
v -0.021735 0.946989 0.109271
v -0.043626 0.960000 0.105322
v -0.042635 0.973011 0.102931
v -0.039815 0.984042 0.096122
v -0.035594 0.991412 0.085931
v -0.030615 0.994000 0.073910
v -0.025635 0.991412 0.061890
v -0.021414 0.984042 0.051699
v -0.018594 0.973011 0.044890
v -0.017603 0.960000 0.042498
v -0.018594 0.946989 0.044890
v -0.021414 0.935958 0.051699
v -0.025635 0.928588 0.061890
v -0.030615 0.926000 0.073910
v -0.035594 0.928588 0.085931
v -0.039815 0.935958 0.096122
v -0.042635 0.946989 0.102931
v -0.063335 0.960000 0.094788
v -0.061897 0.973011 0.092636
v -0.057802 0.984042 0.086507
v -0.051674 0.991412 0.077336
v -0.044446 0.994000 0.066518
v -0.037217 0.991412 0.055699
v -0.031089 0.984042 0.046528
v -0.026994 0.973011 0.040400
v -0.025556 0.960000 0.038248
v -0.026994 0.946989 0.040400
v -0.031089 0.935958 0.046528
v -0.037217 0.928588 0.055699
v -0.044446 0.926000 0.066518
v -0.051674 0.928588 0.077336
v -0.057802 0.935958 0.086507
v -0.061897 0.946989 0.092636
v -0.080610 0.960000 0.080610
v -0.078780 0.973011 0.078780
v -0.073569 0.984042 0.073569
v -0.065769 0.991412 0.065769
v -0.056569 0.994000 0.056569
v -0.047368 0.991412 0.047368
v -0.039569 0.984042 0.039569
v -0.034357 0.973011 0.034357
v -0.032527 0.960000 0.032527
v -0.034357 0.946989 0.034357
v -0.039569 0.935958 0.039569
v -0.047368 0.928588 0.047368
v -0.056569 0.926000 0.056569
v -0.065769 0.928588 0.065769
v -0.073569 0.935958 0.073569
v -0.078780 0.946989 0.078780
v -0.094788 0.960000 0.063335
v -0.092636 0.973011 0.061897
v -0.086507 0.984042 0.057802
v -0.077336 0.991412 0.051674
v -0.066518 0.994000 0.044446
v -0.055699 0.991412 0.037217
v -0.046528 0.984042 0.031089
v -0.040400 0.973011 0.026994
v -0.038248 0.960000 0.025556
v -0.040400 0.946989 0.026994
v -0.046528 0.935958 0.031089
v -0.055699 0.928588 0.037217
v -0.066518 0.926000 0.044446
v -0.077336 0.928588 0.051674
v -0.086507 0.935958 0.057802
v -0.092636 0.946989 0.061897
v -0.105322 0.960000 0.043626
v -0.102931 0.973011 0.042635
v -0.096122 0.984042 0.039815
v -0.085931 0.991412 0.035594
v -0.073910 0.994000 0.030615
v -0.061890 0.991412 0.025635
v -0.051699 0.984042 0.021414
v -0.044890 0.973011 0.018594
v -0.042498 0.960000 0.017603
v -0.044890 0.946989 0.018594
v -0.051699 0.935958 0.021414
v -0.061890 0.928588 0.025635
v -0.073910 0.926000 0.030615
v -0.085931 0.928588 0.035594
v -0.096122 0.935958 0.039815
v -0.102931 0.946989 0.042635
v -0.111810 0.960000 0.022240
v -0.109271 0.973011 0.021735
v -0.102042 0.984042 0.020298
v -0.091224 0.991412 0.018146
v -0.078463 0.994000 0.015607
v -0.065702 0.991412 0.013069
v -0.054883 0.984042 0.010917
v -0.047654 0.973011 0.009479
v -0.045116 0.960000 0.008974
v -0.047654 0.946989 0.009479
v -0.054883 0.935958 0.010917
v -0.065702 0.928588 0.013069
v -0.078463 0.926000 0.015607
v -0.091224 0.928588 0.018146
v -0.102042 0.935958 0.020298
v -0.109271 0.946989 0.021735
v -0.114000 0.960000 0.000000
v -0.111412 0.973011 0.000000
v -0.104042 0.984042 0.000000
v -0.093011 0.991412 0.000000
v -0.080000 0.994000 0.000000
v -0.066989 0.991412 0.000000
v -0.055958 0.984042 0.000000
v -0.048588 0.973011 0.000000
v -0.046000 0.960000 0.000000
v -0.048588 0.946989 0.000000
v -0.055958 0.935958 0.000000
v -0.066989 0.928588 0.000000
v -0.080000 0.926000 0.000000
v -0.093011 0.928588 0.000000
v -0.104042 0.935958 0.000000
v -0.111412 0.946989 0.000000
v -0.111810 0.960000 -0.022240
v -0.109271 0.973011 -0.021735
v -0.102042 0.984042 -0.020298
v -0.091224 0.991412 -0.018146
v -0.078463 0.994000 -0.015607
v -0.065702 0.991412 -0.013069
v -0.054883 0.984042 -0.010917
v -0.047654 0.973011 -0.009479
v -0.045116 0.960000 -0.008974
v -0.047654 0.946989 -0.009479
v -0.054883 0.935958 -0.010917
v -0.065702 0.928588 -0.013069
v -0.078463 0.926000 -0.015607
v -0.091224 0.928588 -0.018146
v -0.102042 0.935958 -0.020298
v -0.109271 0.946989 -0.021735
v -0.105322 0.960000 -0.043626
v -0.102931 0.973011 -0.042635
v -0.096122 0.984042 -0.039815
v -0.085931 0.991412 -0.035594
v -0.073910 0.994000 -0.030615
v -0.061890 0.991412 -0.025635
v -0.051699 0.984042 -0.021414
v -0.044890 0.973011 -0.018594
v -0.042498 0.960000 -0.017603
v -0.044890 0.946989 -0.018594
v -0.051699 0.935958 -0.021414
v -0.061890 0.928588 -0.025635
v -0.073910 0.926000 -0.030615
v -0.085931 0.928588 -0.035594
v -0.096122 0.935958 -0.039815
v -0.102931 0.946989 -0.042635
v -0.094788 0.960000 -0.063335
v -0.092636 0.973011 -0.061897
v -0.086507 0.984042 -0.057802
v -0.077336 0.991412 -0.051674
v -0.066518 0.994000 -0.044446
v -0.055699 0.991412 -0.037217
v -0.046528 0.984042 -0.031089
v -0.040400 0.973011 -0.026994
v -0.038248 0.960000 -0.025556
v -0.040400 0.946989 -0.026994
v -0.046528 0.935958 -0.031089
v -0.055699 0.928588 -0.037217
v -0.066518 0.926000 -0.044446
v -0.077336 0.928588 -0.051674
v -0.086507 0.935958 -0.057802
v -0.092636 0.946989 -0.061897
v -0.080610 0.960000 -0.080610
v -0.078780 0.973011 -0.078780
v -0.073569 0.984042 -0.073569
v -0.065769 0.991412 -0.065769
v -0.056569 0.994000 -0.056569
v -0.047368 0.991412 -0.047368
v -0.039569 0.984042 -0.039569
v -0.034357 0.973011 -0.034357
v -0.032527 0.960000 -0.032527
v -0.034357 0.946989 -0.034357
v -0.039569 0.935958 -0.039569
v -0.047368 0.928588 -0.047368
v -0.056569 0.926000 -0.056569
v -0.065769 0.928588 -0.065769
v -0.073569 0.935958 -0.073569
v -0.078780 0.946989 -0.078780
v -0.063335 0.960000 -0.094788
v -0.061897 0.973011 -0.092636
v -0.057802 0.984042 -0.086507
v -0.051674 0.991412 -0.077336
v -0.044446 0.994000 -0.066518
v -0.037217 0.991412 -0.055699
v -0.031089 0.984042 -0.046528
v -0.026994 0.973011 -0.040400
v -0.025556 0.960000 -0.038248
v -0.026994 0.946989 -0.040400
v -0.031089 0.935958 -0.046528
v -0.037217 0.928588 -0.055699
v -0.044446 0.926000 -0.066518
v -0.051674 0.928588 -0.077336
v -0.057802 0.935958 -0.086507
v -0.061897 0.946989 -0.092636
v -0.043626 0.960000 -0.105322
v -0.042635 0.973011 -0.102931
v -0.039815 0.984042 -0.096122
v -0.035594 0.991412 -0.085931
v -0.030615 0.994000 -0.073910
v -0.025635 0.991412 -0.061890
v -0.021414 0.984042 -0.051699
v -0.018594 0.973011 -0.044890
v -0.017603 0.960000 -0.042498
v -0.018594 0.946989 -0.044890
v -0.021414 0.935958 -0.051699
v -0.025635 0.928588 -0.061890
v -0.030615 0.926000 -0.073910
v -0.035594 0.928588 -0.085931
v -0.039815 0.935958 -0.096122
v -0.042635 0.946989 -0.102931
v -0.022240 0.960000 -0.111810
v -0.021735 0.973011 -0.109271
v -0.020298 0.984042 -0.102042
v -0.018146 0.991412 -0.091224
v -0.015607 0.994000 -0.078463
v -0.013069 0.991412 -0.065702
v -0.010917 0.984042 -0.054883
v -0.009479 0.973011 -0.047654
v -0.008974 0.960000 -0.045116
v -0.009479 0.946989 -0.047654
v -0.010917 0.935958 -0.054883
v -0.013069 0.928588 -0.065702
v -0.015607 0.926000 -0.078463
v -0.018146 0.928588 -0.091224
v -0.020298 0.935958 -0.102042
v -0.021735 0.946989 -0.109271
v -0.000000 0.960000 -0.114000
v -0.000000 0.973011 -0.111412
v -0.000000 0.984042 -0.104042
v -0.000000 0.991412 -0.093011
v -0.000000 0.994000 -0.080000
v -0.000000 0.991412 -0.066989
v -0.000000 0.984042 -0.055958
v -0.000000 0.973011 -0.048588
v -0.000000 0.960000 -0.046000
v -0.000000 0.946989 -0.048588
v -0.000000 0.935958 -0.055958
v -0.000000 0.928588 -0.066989
v -0.000000 0.926000 -0.080000
v -0.000000 0.928588 -0.093011
v -0.000000 0.935958 -0.104042
v -0.000000 0.946989 -0.111412
v 0.022240 0.960000 -0.111810
v 0.021735 0.973011 -0.109271
v 0.020298 0.984042 -0.102042
v 0.018146 0.991412 -0.091224
v 0.015607 0.994000 -0.078463
v 0.013069 0.991412 -0.065702
v 0.010917 0.984042 -0.054883
v 0.009479 0.973011 -0.047654
v 0.008974 0.960000 -0.045116
v 0.009479 0.946989 -0.047654
v 0.010917 0.935958 -0.054883
v 0.013069 0.928588 -0.065702
v 0.015607 0.926000 -0.078463
v 0.018146 0.928588 -0.091224
v 0.020298 0.935958 -0.102042
v 0.021735 0.946989 -0.109271
v 0.043626 0.960000 -0.105322
v 0.042635 0.973011 -0.102931
v 0.039815 0.984042 -0.096122
v 0.035594 0.991412 -0.085931
v 0.030615 0.994000 -0.073910
v 0.025635 0.991412 -0.061890
v 0.021414 0.984042 -0.051699
v 0.018594 0.973011 -0.044890
v 0.017603 0.960000 -0.042498
v 0.018594 0.946989 -0.044890
v 0.021414 0.935958 -0.051699
v 0.025635 0.928588 -0.061890
v 0.030615 0.926000 -0.073910
v 0.035594 0.928588 -0.085931
v 0.039815 0.935958 -0.096122
v 0.042635 0.946989 -0.102931
v 0.063335 0.960000 -0.094788
v 0.061897 0.973011 -0.092636
v 0.057802 0.984042 -0.086507
v 0.051674 0.991412 -0.077336
v 0.044446 0.994000 -0.066518
v 0.037217 0.991412 -0.055699
v 0.031089 0.984042 -0.046528
v 0.026994 0.973011 -0.040400
v 0.025556 0.960000 -0.038248
v 0.026994 0.946989 -0.040400
v 0.031089 0.935958 -0.046528
v 0.037217 0.928588 -0.055699
v 0.044446 0.926000 -0.066518
v 0.051674 0.928588 -0.077336
v 0.057802 0.935958 -0.086507
v 0.061897 0.946989 -0.092636
v 0.080610 0.960000 -0.080610
v 0.078780 0.973011 -0.078780
v 0.073569 0.984042 -0.073569
v 0.065769 0.991412 -0.065769
v 0.056569 0.994000 -0.056569
v 0.047368 0.991412 -0.047368
v 0.039569 0.984042 -0.039569
v 0.034357 0.973011 -0.034357
v 0.032527 0.960000 -0.032527
v 0.034357 0.946989 -0.034357
v 0.039569 0.935958 -0.039569
v 0.047368 0.928588 -0.047368
v 0.056569 0.926000 -0.056569
v 0.065769 0.928588 -0.065769
v 0.073569 0.935958 -0.073569
v 0.078780 0.946989 -0.078780
v 0.094788 0.960000 -0.063335
v 0.092636 0.973011 -0.061897
v 0.086507 0.984042 -0.057802
v 0.077336 0.991412 -0.051674
v 0.066518 0.994000 -0.044446
v 0.055699 0.991412 -0.037217
v 0.046528 0.984042 -0.031089
v 0.040400 0.973011 -0.026994
v 0.038248 0.960000 -0.025556
v 0.040400 0.946989 -0.026994
v 0.046528 0.935958 -0.031089
v 0.055699 0.928588 -0.037217
v 0.066518 0.926000 -0.044446
v 0.077336 0.928588 -0.051674
v 0.086507 0.935958 -0.057802
v 0.092636 0.946989 -0.061897
v 0.105322 0.960000 -0.043626
v 0.102931 0.973011 -0.042635
v 0.096122 0.984042 -0.039815
v 0.085931 0.991412 -0.035594
v 0.073910 0.994000 -0.030615
v 0.061890 0.991412 -0.025635
v 0.051699 0.984042 -0.021414
v 0.044890 0.973011 -0.018594
v 0.042498 0.960000 -0.017603
v 0.044890 0.946989 -0.018594
v 0.051699 0.935958 -0.021414
v 0.061890 0.928588 -0.025635
v 0.073910 0.926000 -0.030615
v 0.085931 0.928588 -0.035594
v 0.096122 0.935958 -0.039815
v 0.102931 0.946989 -0.042635
v 0.111810 0.960000 -0.022240
v 0.109271 0.973011 -0.021735
v 0.102042 0.984042 -0.020298
v 0.091224 0.991412 -0.018146
v 0.078463 0.994000 -0.015607
v 0.065702 0.991412 -0.013069
v 0.054883 0.984042 -0.010917
v 0.047654 0.973011 -0.009479
v 0.045116 0.960000 -0.008974
v 0.047654 0.946989 -0.009479
v 0.054883 0.935958 -0.010917
v 0.065702 0.928588 -0.013069
v 0.078463 0.926000 -0.015607
v 0.091224 0.928588 -0.018146
v 0.102042 0.935958 -0.020298
v 0.109271 0.946989 -0.021735
v 0.045000 1.070000 0.000000
v 0.045000 1.010000 0.000000
v 0.043467 1.070000 0.011647
v 0.043467 1.010000 0.011647
v 0.038971 1.070000 0.022500
v 0.038971 1.010000 0.022500
v 0.031820 1.070000 0.031820
v 0.031820 1.010000 0.031820
v 0.022500 1.070000 0.038971
v 0.022500 1.010000 0.038971
v 0.011647 1.070000 0.043467
v 0.011647 1.010000 0.043467
v 0.000000 1.070000 0.045000
v 0.000000 1.010000 0.045000
v -0.011647 1.070000 0.043467
v -0.011647 1.010000 0.043467
v -0.022500 1.070000 0.038971
v -0.022500 1.010000 0.038971
v -0.031820 1.070000 0.031820
v -0.031820 1.010000 0.031820
v -0.038971 1.070000 0.022500
v -0.038971 1.010000 0.022500
v -0.043467 1.070000 0.011647
v -0.043467 1.010000 0.011647
v -0.045000 1.070000 0.000000
v -0.045000 1.010000 0.000000
v -0.043467 1.070000 -0.011647
v -0.043467 1.010000 -0.011647
v -0.038971 1.070000 -0.022500
v -0.038971 1.010000 -0.022500
v -0.031820 1.070000 -0.031820
v -0.031820 1.010000 -0.031820
v -0.022500 1.070000 -0.038971
v -0.022500 1.010000 -0.038971
v -0.011647 1.070000 -0.043467
v -0.011647 1.010000 -0.043467
v -0.000000 1.070000 -0.045000
v -0.000000 1.010000 -0.045000
v 0.011647 1.070000 -0.043467
v 0.011647 1.010000 -0.043467
v 0.022500 1.070000 -0.038971
v 0.022500 1.010000 -0.038971
v 0.031820 1.070000 -0.031820
v 0.031820 1.010000 -0.031820
v 0.038971 1.070000 -0.022500
v 0.038971 1.010000 -0.022500
v 0.043467 1.070000 -0.011647
v 0.043467 1.010000 -0.011647
v 0.000000 1.070000 0.000000
v 0.000000 1.010000 0.000000
v 0.045000 1.070000 0.000000
v 0.045000 1.010000 0.000000
v 0.043467 1.070000 0.011647
v 0.043467 1.010000 0.011647
v 0.038971 1.070000 0.022500
v 0.038971 1.010000 0.022500
v 0.031820 1.070000 0.031820
v 0.031820 1.010000 0.031820
v 0.022500 1.070000 0.038971
v 0.022500 1.010000 0.038971
v 0.011647 1.070000 0.043467
v 0.011647 1.010000 0.043467
v 0.000000 1.070000 0.045000
v 0.000000 1.010000 0.045000
v -0.011647 1.070000 0.043467
v -0.011647 1.010000 0.043467
v -0.022500 1.070000 0.038971
v -0.022500 1.010000 0.038971
v -0.031820 1.070000 0.031820
v -0.031820 1.010000 0.031820
v -0.038971 1.070000 0.022500
v -0.038971 1.010000 0.022500
v -0.043467 1.070000 0.011647
v -0.043467 1.010000 0.011647
v -0.045000 1.070000 0.000000
v -0.045000 1.010000 0.000000
v -0.043467 1.070000 -0.011647
v -0.043467 1.010000 -0.011647
v -0.038971 1.070000 -0.022500
v -0.038971 1.010000 -0.022500
v -0.031820 1.070000 -0.031820
v -0.031820 1.010000 -0.031820
v -0.022500 1.070000 -0.038971
v -0.022500 1.010000 -0.038971
v -0.011647 1.070000 -0.043467
v -0.011647 1.010000 -0.043467
v -0.000000 1.070000 -0.045000
v -0.000000 1.010000 -0.045000
v 0.011647 1.070000 -0.043467
v 0.011647 1.010000 -0.043467
v 0.022500 1.070000 -0.038971
v 0.022500 1.010000 -0.038971
v 0.031820 1.070000 -0.031820
v 0.031820 1.010000 -0.031820
v 0.038971 1.070000 -0.022500
v 0.038971 1.010000 -0.022500
v 0.043467 1.070000 -0.011647
v 0.043467 1.010000 -0.011647
v 0.087000 1.180000 0.000000
v 0.085392 1.186000 0.000000
v 0.081000 1.190392 0.000000
v 0.075000 1.192000 0.000000
v 0.069000 1.190392 0.000000
v 0.064608 1.186000 0.000000
v 0.063000 1.180000 0.000000
v 0.064608 1.174000 0.000000
v 0.069000 1.169608 0.000000
v 0.075000 1.168000 0.000000
v 0.081000 1.169608 0.000000
v 0.085392 1.174000 0.000000
v 0.084036 1.180000 0.022517
v 0.082483 1.186000 0.022101
v 0.078240 1.190392 0.020964
v 0.072444 1.192000 0.019411
v 0.066649 1.190392 0.017859
v 0.062406 1.186000 0.016722
v 0.060853 1.180000 0.016306
v 0.062406 1.174000 0.016722
v 0.066649 1.169608 0.017859
v 0.072444 1.168000 0.019411
v 0.078240 1.169608 0.020964
v 0.082483 1.174000 0.022101
v 0.075344 1.180000 0.043500
v 0.073952 1.186000 0.042696
v 0.070148 1.190392 0.040500
v 0.064952 1.192000 0.037500
v 0.059756 1.190392 0.034500
v 0.055952 1.186000 0.032304
v 0.054560 1.180000 0.031500
v 0.055952 1.174000 0.032304
v 0.059756 1.169608 0.034500
v 0.064952 1.168000 0.037500
v 0.070148 1.169608 0.040500
v 0.073952 1.174000 0.042696
v 0.061518 1.180000 0.061518
v 0.060381 1.186000 0.060381
v 0.057276 1.190392 0.057276
v 0.053033 1.192000 0.053033
v 0.048790 1.190392 0.048790
v 0.045685 1.186000 0.045685
v 0.044548 1.180000 0.044548
v 0.045685 1.174000 0.045685
v 0.048790 1.169608 0.048790
v 0.053033 1.168000 0.053033
v 0.057276 1.169608 0.057276
v 0.060381 1.174000 0.060381
v 0.043500 1.180000 0.075344
v 0.042696 1.186000 0.073952
v 0.040500 1.190392 0.070148
v 0.037500 1.192000 0.064952
v 0.034500 1.190392 0.059756
v 0.032304 1.186000 0.055952
v 0.031500 1.180000 0.054560
v 0.032304 1.174000 0.055952
v 0.034500 1.169608 0.059756
v 0.037500 1.168000 0.064952
v 0.040500 1.169608 0.070148
v 0.042696 1.174000 0.073952
v 0.022517 1.180000 0.084036
v 0.022101 1.186000 0.082483
v 0.020964 1.190392 0.078240
v 0.019411 1.192000 0.072444
v 0.017859 1.190392 0.066649
v 0.016722 1.186000 0.062406
v 0.016306 1.180000 0.060853
v 0.016722 1.174000 0.062406
v 0.017859 1.169608 0.066649
v 0.019411 1.168000 0.072444
v 0.020964 1.169608 0.078240
v 0.022101 1.174000 0.082483
v 0.000000 1.180000 0.087000
v 0.000000 1.186000 0.085392
v 0.000000 1.190392 0.081000
v 0.000000 1.192000 0.075000
v 0.000000 1.190392 0.069000
v 0.000000 1.186000 0.064608
v 0.000000 1.180000 0.063000
v 0.000000 1.174000 0.064608
v 0.000000 1.169608 0.069000
v 0.000000 1.168000 0.075000
v 0.000000 1.169608 0.081000
v 0.000000 1.174000 0.085392
v -0.022517 1.180000 0.084036
v -0.022101 1.186000 0.082483
v -0.020964 1.190392 0.078240
v -0.019411 1.192000 0.072444
v -0.017859 1.190392 0.066649
v -0.016722 1.186000 0.062406
v -0.016306 1.180000 0.060853
v -0.016722 1.174000 0.062406
v -0.017859 1.169608 0.066649
v -0.019411 1.168000 0.072444
v -0.020964 1.169608 0.078240
v -0.022101 1.174000 0.082483
v -0.043500 1.180000 0.075344
v -0.042696 1.186000 0.073952
v -0.040500 1.190392 0.070148
v -0.037500 1.192000 0.064952
v -0.034500 1.190392 0.059756
v -0.032304 1.186000 0.055952
v -0.031500 1.180000 0.054560
v -0.032304 1.174000 0.055952
v -0.034500 1.169608 0.059756
v -0.037500 1.168000 0.064952
v -0.040500 1.169608 0.070148
v -0.042696 1.174000 0.073952
v -0.061518 1.180000 0.061518
v -0.060381 1.186000 0.060381
v -0.057276 1.190392 0.057276
v -0.053033 1.192000 0.053033
v -0.048790 1.190392 0.048790
v -0.045685 1.186000 0.045685
v -0.044548 1.180000 0.044548
v -0.045685 1.174000 0.045685
v -0.048790 1.169608 0.048790
v -0.053033 1.168000 0.053033
v -0.057276 1.169608 0.057276
v -0.060381 1.174000 0.060381
v -0.075344 1.180000 0.043500
v -0.073952 1.186000 0.042696
v -0.070148 1.190392 0.040500
v -0.064952 1.192000 0.037500
v -0.059756 1.190392 0.034500
v -0.055952 1.186000 0.032304
v -0.054560 1.180000 0.031500
v -0.055952 1.174000 0.032304
v -0.059756 1.169608 0.034500
v -0.064952 1.168000 0.037500
v -0.070148 1.169608 0.040500
v -0.073952 1.174000 0.042696
v -0.084036 1.180000 0.022517
v -0.082483 1.186000 0.022101
v -0.078240 1.190392 0.020964
v -0.072444 1.192000 0.019411
v -0.066649 1.190392 0.017859
v -0.062406 1.186000 0.016722
v -0.060853 1.180000 0.016306
v -0.062406 1.174000 0.016722
v -0.066649 1.169608 0.017859
v -0.072444 1.168000 0.019411
v -0.078240 1.169608 0.020964
v -0.082483 1.174000 0.022101
v -0.087000 1.180000 0.000000
v -0.085392 1.186000 0.000000
v -0.081000 1.190392 0.000000
v -0.075000 1.192000 0.000000
v -0.069000 1.190392 0.000000
v -0.064608 1.186000 0.000000
v -0.063000 1.180000 0.000000
v -0.064608 1.174000 0.000000
v -0.069000 1.169608 0.000000
v -0.075000 1.168000 0.000000
v -0.081000 1.169608 0.000000
v -0.085392 1.174000 0.000000
v -0.084036 1.180000 -0.022517
v -0.082483 1.186000 -0.022101
v -0.078240 1.190392 -0.020964
v -0.072444 1.192000 -0.019411
v -0.066649 1.190392 -0.017859
v -0.062406 1.186000 -0.016722
v -0.060853 1.180000 -0.016306
v -0.062406 1.174000 -0.016722
v -0.066649 1.169608 -0.017859
v -0.072444 1.168000 -0.019411
v -0.078240 1.169608 -0.020964
v -0.082483 1.174000 -0.022101
v -0.075344 1.180000 -0.043500
v -0.073952 1.186000 -0.042696
v -0.070148 1.190392 -0.040500
v -0.064952 1.192000 -0.037500
v -0.059756 1.190392 -0.034500
v -0.055952 1.186000 -0.032304
v -0.054560 1.180000 -0.031500
v -0.055952 1.174000 -0.032304
v -0.059756 1.169608 -0.034500
v -0.064952 1.168000 -0.037500
v -0.070148 1.169608 -0.040500
v -0.073952 1.174000 -0.042696
v -0.061518 1.180000 -0.061518
v -0.060381 1.186000 -0.060381
v -0.057276 1.190392 -0.057276
v -0.053033 1.192000 -0.053033
v -0.048790 1.190392 -0.048790
v -0.045685 1.186000 -0.045685
v -0.044548 1.180000 -0.044548
v -0.045685 1.174000 -0.045685
v -0.048790 1.169608 -0.048790
v -0.053033 1.168000 -0.053033
v -0.057276 1.169608 -0.057276
v -0.060381 1.174000 -0.060381
v -0.043500 1.180000 -0.075344
v -0.042696 1.186000 -0.073952
v -0.040500 1.190392 -0.070148
v -0.037500 1.192000 -0.064952
v -0.034500 1.190392 -0.059756
v -0.032304 1.186000 -0.055952
v -0.031500 1.180000 -0.054560
v -0.032304 1.174000 -0.055952
v -0.034500 1.169608 -0.059756
v -0.037500 1.168000 -0.064952
v -0.040500 1.169608 -0.070148
v -0.042696 1.174000 -0.073952
v -0.022517 1.180000 -0.084036
v -0.022101 1.186000 -0.082483
v -0.020964 1.190392 -0.078240
v -0.019411 1.192000 -0.072444
v -0.017859 1.190392 -0.066649
v -0.016722 1.186000 -0.062406
v -0.016306 1.180000 -0.060853
v -0.016722 1.174000 -0.062406
v -0.017859 1.169608 -0.066649
v -0.019411 1.168000 -0.072444
v -0.020964 1.169608 -0.078240
v -0.022101 1.174000 -0.082483
v -0.000000 1.180000 -0.087000
v -0.000000 1.186000 -0.085392
v -0.000000 1.190392 -0.081000
v -0.000000 1.192000 -0.075000
v -0.000000 1.190392 -0.069000
v -0.000000 1.186000 -0.064608
v -0.000000 1.180000 -0.063000
v -0.000000 1.174000 -0.064608
v -0.000000 1.169608 -0.069000
v -0.000000 1.168000 -0.075000
v -0.000000 1.169608 -0.081000
v -0.000000 1.174000 -0.085392
v 0.022517 1.180000 -0.084036
v 0.022101 1.186000 -0.082483
v 0.020964 1.190392 -0.078240
v 0.019411 1.192000 -0.072444
v 0.017859 1.190392 -0.066649
v 0.016722 1.186000 -0.062406
v 0.016306 1.180000 -0.060853
v 0.016722 1.174000 -0.062406
v 0.017859 1.169608 -0.066649
v 0.019411 1.168000 -0.072444
v 0.020964 1.169608 -0.078240
v 0.022101 1.174000 -0.082483
v 0.043500 1.180000 -0.075344
v 0.042696 1.186000 -0.073952
v 0.040500 1.190392 -0.070148
v 0.037500 1.192000 -0.064952
v 0.034500 1.190392 -0.059756
v 0.032304 1.186000 -0.055952
v 0.031500 1.180000 -0.054560
v 0.032304 1.174000 -0.055952
v 0.034500 1.169608 -0.059756
v 0.037500 1.168000 -0.064952
v 0.040500 1.169608 -0.070148
v 0.042696 1.174000 -0.073952
v 0.061518 1.180000 -0.061518
v 0.060381 1.186000 -0.060381
v 0.057276 1.190392 -0.057276
v 0.053033 1.192000 -0.053033
v 0.048790 1.190392 -0.048790
v 0.045685 1.186000 -0.045685
v 0.044548 1.180000 -0.044548
v 0.045685 1.174000 -0.045685
v 0.048790 1.169608 -0.048790
v 0.053033 1.168000 -0.053033
v 0.057276 1.169608 -0.057276
v 0.060381 1.174000 -0.060381
v 0.075344 1.180000 -0.043500
v 0.073952 1.186000 -0.042696
v 0.070148 1.190392 -0.040500
v 0.064952 1.192000 -0.037500
v 0.059756 1.190392 -0.034500
v 0.055952 1.186000 -0.032304
v 0.054560 1.180000 -0.031500
v 0.055952 1.174000 -0.032304
v 0.059756 1.169608 -0.034500
v 0.064952 1.168000 -0.037500
v 0.070148 1.169608 -0.040500
v 0.073952 1.174000 -0.042696
v 0.084036 1.180000 -0.022517
v 0.082483 1.186000 -0.022101
v 0.078240 1.190392 -0.020964
v 0.072444 1.192000 -0.019411
v 0.066649 1.190392 -0.017859
v 0.062406 1.186000 -0.016722
v 0.060853 1.180000 -0.016306
v 0.062406 1.174000 -0.016722
v 0.066649 1.169608 -0.017859
v 0.072444 1.168000 -0.019411
v 0.078240 1.169608 -0.020964
v 0.082483 1.174000 -0.022101
v 0.080000 1.180000 0.000000
v 0.080000 1.040000 0.000000
v 0.078660 1.180000 0.005000
v 0.078660 1.040000 0.005000
v 0.075000 1.180000 0.008660
v 0.075000 1.040000 0.008660
v 0.070000 1.180000 0.010000
v 0.070000 1.040000 0.010000
v 0.065000 1.180000 0.008660
v 0.065000 1.040000 0.008660
v 0.061340 1.180000 0.005000
v 0.061340 1.040000 0.005000
v 0.060000 1.180000 0.000000
v 0.060000 1.040000 0.000000
v 0.061340 1.180000 -0.005000
v 0.061340 1.040000 -0.005000
v 0.065000 1.180000 -0.008660
v 0.065000 1.040000 -0.008660
v 0.070000 1.180000 -0.010000
v 0.070000 1.040000 -0.010000
v 0.075000 1.180000 -0.008660
v 0.075000 1.040000 -0.008660
v 0.078660 1.180000 -0.005000
v 0.078660 1.040000 -0.005000
v 0.070000 1.180000 0.000000
v 0.070000 1.040000 0.000000
v 0.080000 1.180000 0.000000
v 0.080000 1.040000 0.000000
v 0.078660 1.180000 0.005000
v 0.078660 1.040000 0.005000
v 0.075000 1.180000 0.008660
v 0.075000 1.040000 0.008660
v 0.070000 1.180000 0.010000
v 0.070000 1.040000 0.010000
v 0.065000 1.180000 0.008660
v 0.065000 1.040000 0.008660
v 0.061340 1.180000 0.005000
v 0.061340 1.040000 0.005000
v 0.060000 1.180000 0.000000
v 0.060000 1.040000 0.000000
v 0.061340 1.180000 -0.005000
v 0.061340 1.040000 -0.005000
v 0.065000 1.180000 -0.008660
v 0.065000 1.040000 -0.008660
v 0.070000 1.180000 -0.010000
v 0.070000 1.040000 -0.010000
v 0.075000 1.180000 -0.008660
v 0.075000 1.040000 -0.008660
v 0.078660 1.180000 -0.005000
v 0.078660 1.040000 -0.005000
v -0.025000 1.180000 0.060622
v -0.025000 1.040000 0.060622
v -0.026340 1.180000 0.065622
v -0.026340 1.040000 0.065622
v -0.030000 1.180000 0.069282
v -0.030000 1.040000 0.069282
v -0.035000 1.180000 0.070622
v -0.035000 1.040000 0.070622
v -0.040000 1.180000 0.069282
v -0.040000 1.040000 0.069282
v -0.043660 1.180000 0.065622
v -0.043660 1.040000 0.065622
v -0.045000 1.180000 0.060622
v -0.045000 1.040000 0.060622
v -0.043660 1.180000 0.055622
v -0.043660 1.040000 0.055622
v -0.040000 1.180000 0.051962
v -0.040000 1.040000 0.051962
v -0.035000 1.180000 0.050622
v -0.035000 1.040000 0.050622
v -0.030000 1.180000 0.051962
v -0.030000 1.040000 0.051962
v -0.026340 1.180000 0.055622
v -0.026340 1.040000 0.055622
v -0.035000 1.180000 0.060622
v -0.035000 1.040000 0.060622
v -0.025000 1.180000 0.060622
v -0.025000 1.040000 0.060622
v -0.026340 1.180000 0.065622
v -0.026340 1.040000 0.065622
v -0.030000 1.180000 0.069282
v -0.030000 1.040000 0.069282
v -0.035000 1.180000 0.070622
v -0.035000 1.040000 0.070622
v -0.040000 1.180000 0.069282
v -0.040000 1.040000 0.069282
v -0.043660 1.180000 0.065622
v -0.043660 1.040000 0.065622
v -0.045000 1.180000 0.060622
v -0.045000 1.040000 0.060622
v -0.043660 1.180000 0.055622
v -0.043660 1.040000 0.055622
v -0.040000 1.180000 0.051962
v -0.040000 1.040000 0.051962
v -0.035000 1.180000 0.050622
v -0.035000 1.040000 0.050622
v -0.030000 1.180000 0.051962
v -0.030000 1.040000 0.051962
v -0.026340 1.180000 0.055622
v -0.026340 1.040000 0.055622
v -0.025000 1.180000 -0.060622
v -0.025000 1.040000 -0.060622
v -0.026340 1.180000 -0.055622
v -0.026340 1.040000 -0.055622
v -0.030000 1.180000 -0.051962
v -0.030000 1.040000 -0.051962
v -0.035000 1.180000 -0.050622
v -0.035000 1.040000 -0.050622
v -0.040000 1.180000 -0.051962
v -0.040000 1.040000 -0.051962
v -0.043660 1.180000 -0.055622
v -0.043660 1.040000 -0.055622
v -0.045000 1.180000 -0.060622
v -0.045000 1.040000 -0.060622
v -0.043660 1.180000 -0.065622
v -0.043660 1.040000 -0.065622
v -0.040000 1.180000 -0.069282
v -0.040000 1.040000 -0.069282
v -0.035000 1.180000 -0.070622
v -0.035000 1.040000 -0.070622
v -0.030000 1.180000 -0.069282
v -0.030000 1.040000 -0.069282
v -0.026340 1.180000 -0.065622
v -0.026340 1.040000 -0.065622
v -0.035000 1.180000 -0.060622
v -0.035000 1.040000 -0.060622
v -0.025000 1.180000 -0.060622
v -0.025000 1.040000 -0.060622
v -0.026340 1.180000 -0.055622
v -0.026340 1.040000 -0.055622
v -0.030000 1.180000 -0.051962
v -0.030000 1.040000 -0.051962
v -0.035000 1.180000 -0.050622
v -0.035000 1.040000 -0.050622
v -0.040000 1.180000 -0.051962
v -0.040000 1.040000 -0.051962
v -0.043660 1.180000 -0.055622
v -0.043660 1.040000 -0.055622
v -0.045000 1.180000 -0.060622
v -0.045000 1.040000 -0.060622
v -0.043660 1.180000 -0.065622
v -0.043660 1.040000 -0.065622
v -0.040000 1.180000 -0.069282
v -0.040000 1.040000 -0.069282
v -0.035000 1.180000 -0.070622
v -0.035000 1.040000 -0.070622
v -0.030000 1.180000 -0.069282
v -0.030000 1.040000 -0.069282
v -0.026340 1.180000 -0.065622
v -0.026340 1.040000 -0.065622
v -0.022500 1.037500 0.022500
v 0.022500 1.037500 0.022500
v 0.022500 1.102500 0.022500
v -0.022500 1.102500 0.022500
v 0.022500 1.037500 -0.022500
v -0.022500 1.037500 -0.022500
v -0.022500 1.102500 -0.022500
v 0.022500 1.102500 -0.022500
v -0.022500 1.102500 0.022500
v 0.022500 1.102500 0.022500
v 0.022500 1.102500 -0.022500
v -0.022500 1.102500 -0.022500
v -0.022500 1.037500 -0.022500
v 0.022500 1.037500 -0.022500
v 0.022500 1.037500 0.022500
v -0.022500 1.037500 0.022500
v 0.022500 1.037500 0.022500
v 0.022500 1.037500 -0.022500
v 0.022500 1.102500 -0.022500
v 0.022500 1.102500 0.022500
v -0.022500 1.037500 -0.022500
v -0.022500 1.037500 0.022500
v -0.022500 1.102500 0.022500
v -0.022500 1.102500 -0.022500
v -0.015000 1.084000 0.000000
v -0.055000 1.084000 0.000000
v -0.015000 1.082934 0.005358
v -0.055000 1.082934 0.005358
v -0.015000 1.079899 0.009899
v -0.055000 1.079899 0.009899
v -0.015000 1.075358 0.012934
v -0.055000 1.075358 0.012934
v -0.015000 1.070000 0.014000
v -0.055000 1.070000 0.014000
v -0.015000 1.064642 0.012934
v -0.055000 1.064642 0.012934
v -0.015000 1.060101 0.009899
v -0.055000 1.060101 0.009899
v -0.015000 1.057066 0.005358
v -0.055000 1.057066 0.005358
v -0.015000 1.056000 0.000000
v -0.055000 1.056000 0.000000
v -0.015000 1.057066 -0.005358
v -0.055000 1.057066 -0.005358
v -0.015000 1.060101 -0.009899
v -0.055000 1.060101 -0.009899
v -0.015000 1.064642 -0.012934
v -0.055000 1.064642 -0.012934
v -0.015000 1.070000 -0.014000
v -0.055000 1.070000 -0.014000
v -0.015000 1.075358 -0.012934
v -0.055000 1.075358 -0.012934
v -0.015000 1.079899 -0.009899
v -0.055000 1.079899 -0.009899
v -0.015000 1.082934 -0.005358
v -0.055000 1.082934 -0.005358
v -0.015000 1.070000 0.000000
v -0.055000 1.070000 0.000000
v -0.015000 1.084000 0.000000
v -0.055000 1.084000 0.000000
v -0.015000 1.082934 0.005358
v -0.055000 1.082934 0.005358
v -0.015000 1.079899 0.009899
v -0.055000 1.079899 0.009899
v -0.015000 1.075358 0.012934
v -0.055000 1.075358 0.012934
v -0.015000 1.070000 0.014000
v -0.055000 1.070000 0.014000
v -0.015000 1.064642 0.012934
v -0.055000 1.064642 0.012934
v -0.015000 1.060101 0.009899
v -0.055000 1.060101 0.009899
v -0.015000 1.057066 0.005358
v -0.055000 1.057066 0.005358
v -0.015000 1.056000 0.000000
v -0.055000 1.056000 0.000000
v -0.015000 1.057066 -0.005358
v -0.055000 1.057066 -0.005358
v -0.015000 1.060101 -0.009899
v -0.055000 1.060101 -0.009899
v -0.015000 1.064642 -0.012934
v -0.055000 1.064642 -0.012934
v -0.015000 1.070000 -0.014000
v -0.055000 1.070000 -0.014000
v -0.015000 1.075358 -0.012934
v -0.055000 1.075358 -0.012934
v -0.015000 1.079899 -0.009899
v -0.055000 1.079899 -0.009899
v -0.015000 1.082934 -0.005358
v -0.055000 1.082934 -0.005358
v 0.010000 1.150000 0.000000
v 0.010000 1.110000 0.000000
v 0.008660 1.150000 0.005000
v 0.008660 1.110000 0.005000
v 0.005000 1.150000 0.008660
v 0.005000 1.110000 0.008660
v 0.000000 1.150000 0.010000
v 0.000000 1.110000 0.010000
v -0.005000 1.150000 0.008660
v -0.005000 1.110000 0.008660
v -0.008660 1.150000 0.005000
v -0.008660 1.110000 0.005000
v -0.010000 1.150000 0.000000
v -0.010000 1.110000 0.000000
v -0.008660 1.150000 -0.005000
v -0.008660 1.110000 -0.005000
v -0.005000 1.150000 -0.008660
v -0.005000 1.110000 -0.008660
v -0.000000 1.150000 -0.010000
v -0.000000 1.110000 -0.010000
v 0.005000 1.150000 -0.008660
v 0.005000 1.110000 -0.008660
v 0.008660 1.150000 -0.005000
v 0.008660 1.110000 -0.005000
v 0.000000 1.150000 0.000000
v 0.000000 1.110000 0.000000
v 0.010000 1.150000 0.000000
v 0.010000 1.110000 0.000000
v 0.008660 1.150000 0.005000
v 0.008660 1.110000 0.005000
v 0.005000 1.150000 0.008660
v 0.005000 1.110000 0.008660
v 0.000000 1.150000 0.010000
v 0.000000 1.110000 0.010000
v -0.005000 1.150000 0.008660
v -0.005000 1.110000 0.008660
v -0.008660 1.150000 0.005000
v -0.008660 1.110000 0.005000
v -0.010000 1.150000 0.000000
v -0.010000 1.110000 0.000000
v -0.008660 1.150000 -0.005000
v -0.008660 1.110000 -0.005000
v -0.005000 1.150000 -0.008660
v -0.005000 1.110000 -0.008660
v -0.000000 1.150000 -0.010000
v -0.000000 1.110000 -0.010000
v 0.005000 1.150000 -0.008660
v 0.005000 1.110000 -0.008660
v 0.008660 1.150000 -0.005000
v 0.008660 1.110000 -0.005000
v 0.038000 1.150000 0.000000
v 0.036243 1.154243 0.000000
v 0.032000 1.156000 0.000000
v 0.027757 1.154243 0.000000
v 0.026000 1.150000 0.000000
v 0.027757 1.145757 0.000000
v 0.032000 1.144000 0.000000
v 0.036243 1.145757 0.000000
v 0.035107 1.150000 0.014542
v 0.033484 1.154243 0.013869
v 0.029564 1.156000 0.012246
v 0.025644 1.154243 0.010622
v 0.024021 1.150000 0.009950
v 0.025644 1.145757 0.010622
v 0.029564 1.144000 0.012246
v 0.033484 1.145757 0.013869
v 0.026870 1.150000 0.026870
v 0.025627 1.154243 0.025627
v 0.022627 1.156000 0.022627
v 0.019627 1.154243 0.019627
v 0.018385 1.150000 0.018385
v 0.019627 1.145757 0.019627
v 0.022627 1.144000 0.022627
v 0.025627 1.145757 0.025627
v 0.014542 1.150000 0.035107
v 0.013869 1.154243 0.033484
v 0.012246 1.156000 0.029564
v 0.010622 1.154243 0.025644
v 0.009950 1.150000 0.024021
v 0.010622 1.145757 0.025644
v 0.012246 1.144000 0.029564
v 0.013869 1.145757 0.033484
v 0.000000 1.150000 0.038000
v 0.000000 1.154243 0.036243
v 0.000000 1.156000 0.032000
v 0.000000 1.154243 0.027757
v 0.000000 1.150000 0.026000
v 0.000000 1.145757 0.027757
v 0.000000 1.144000 0.032000
v 0.000000 1.145757 0.036243
v -0.014542 1.150000 0.035107
v -0.013869 1.154243 0.033484
v -0.012246 1.156000 0.029564
v -0.010622 1.154243 0.025644
v -0.009950 1.150000 0.024021
v -0.010622 1.145757 0.025644
v -0.012246 1.144000 0.029564
v -0.013869 1.145757 0.033484
v -0.026870 1.150000 0.026870
v -0.025627 1.154243 0.025627
v -0.022627 1.156000 0.022627
v -0.019627 1.154243 0.019627
v -0.018385 1.150000 0.018385
v -0.019627 1.145757 0.019627
v -0.022627 1.144000 0.022627
v -0.025627 1.145757 0.025627
v -0.035107 1.150000 0.014542
v -0.033484 1.154243 0.013869
v -0.029564 1.156000 0.012246
v -0.025644 1.154243 0.010622
v -0.024021 1.150000 0.009950
v -0.025644 1.145757 0.010622
v -0.029564 1.144000 0.012246
v -0.033484 1.145757 0.013869
v -0.038000 1.150000 0.000000
v -0.036243 1.154243 0.000000
v -0.032000 1.156000 0.000000
v -0.027757 1.154243 0.000000
v -0.026000 1.150000 0.000000
v -0.027757 1.145757 0.000000
v -0.032000 1.144000 0.000000
v -0.036243 1.145757 0.000000
v -0.035107 1.150000 -0.014542
v -0.033484 1.154243 -0.013869
v -0.029564 1.156000 -0.012246
v -0.025644 1.154243 -0.010622
v -0.024021 1.150000 -0.009950
v -0.025644 1.145757 -0.010622
v -0.029564 1.144000 -0.012246
v -0.033484 1.145757 -0.013869
v -0.026870 1.150000 -0.026870
v -0.025627 1.154243 -0.025627
v -0.022627 1.156000 -0.022627
v -0.019627 1.154243 -0.019627
v -0.018385 1.150000 -0.018385
v -0.019627 1.145757 -0.019627
v -0.022627 1.144000 -0.022627
v -0.025627 1.145757 -0.025627
v -0.014542 1.150000 -0.035107
v -0.013869 1.154243 -0.033484
v -0.012246 1.156000 -0.029564
v -0.010622 1.154243 -0.025644
v -0.009950 1.150000 -0.024021
v -0.010622 1.145757 -0.025644
v -0.012246 1.144000 -0.029564
v -0.013869 1.145757 -0.033484
v -0.000000 1.150000 -0.038000
v -0.000000 1.154243 -0.036243
v -0.000000 1.156000 -0.032000
v -0.000000 1.154243 -0.027757
v -0.000000 1.150000 -0.026000
v -0.000000 1.145757 -0.027757
v -0.000000 1.144000 -0.032000
v -0.000000 1.145757 -0.036243
v 0.014542 1.150000 -0.035107
v 0.013869 1.154243 -0.033484
v 0.012246 1.156000 -0.029564
v 0.010622 1.154243 -0.025644
v 0.009950 1.150000 -0.024021
v 0.010622 1.145757 -0.025644
v 0.012246 1.144000 -0.029564
v 0.013869 1.145757 -0.033484
v 0.026870 1.150000 -0.026870
v 0.025627 1.154243 -0.025627
v 0.022627 1.156000 -0.022627
v 0.019627 1.154243 -0.019627
v 0.018385 1.150000 -0.018385
v 0.019627 1.145757 -0.019627
v 0.022627 1.144000 -0.022627
v 0.025627 1.145757 -0.025627
v 0.035107 1.150000 -0.014542
v 0.033484 1.154243 -0.013869
v 0.029564 1.156000 -0.012246
v 0.025644 1.154243 -0.010622
v 0.024021 1.150000 -0.009950
v 0.025644 1.145757 -0.010622
v 0.029564 1.144000 -0.012246
v 0.033484 1.145757 -0.013869
vt 0.000000 1.000000
vt 0.000000 0.000000
vt 0.031250 1.000000
vt 0.031250 0.000000
vt 0.062500 1.000000
vt 0.062500 0.000000
vt 0.093750 1.000000
vt 0.093750 0.000000
vt 0.125000 1.000000
vt 0.125000 0.000000
vt 0.156250 1.000000
vt 0.156250 0.000000
vt 0.187500 1.000000
vt 0.187500 0.000000
vt 0.218750 1.000000
vt 0.218750 0.000000
vt 0.250000 1.000000
vt 0.250000 0.000000
vt 0.281250 1.000000
vt 0.281250 0.000000
vt 0.312500 1.000000
vt 0.312500 0.000000
vt 0.343750 1.000000
vt 0.343750 0.000000
vt 0.375000 1.000000
vt 0.375000 0.000000
vt 0.406250 1.000000
vt 0.406250 0.000000
vt 0.437500 1.000000
vt 0.437500 0.000000
vt 0.468750 1.000000
vt 0.468750 0.000000
vt 0.500000 1.000000
vt 0.500000 0.000000
vt 0.531250 1.000000
vt 0.531250 0.000000
vt 0.562500 1.000000
vt 0.562500 0.000000
vt 0.593750 1.000000
vt 0.593750 0.000000
vt 0.625000 1.000000
vt 0.625000 0.000000
vt 0.656250 1.000000
vt 0.656250 0.000000
vt 0.687500 1.000000
vt 0.687500 0.000000
vt 0.718750 1.000000
vt 0.718750 0.000000
vt 0.750000 1.000000
vt 0.750000 0.000000
vt 0.781250 1.000000
vt 0.781250 0.000000
vt 0.812500 1.000000
vt 0.812500 0.000000
vt 0.843750 1.000000
vt 0.843750 0.000000
vt 0.875000 1.000000
vt 0.875000 0.000000
vt 0.906250 1.000000
vt 0.906250 0.000000
vt 0.937500 1.000000
vt 0.937500 0.000000
vt 0.968750 1.000000
vt 0.968750 0.000000
vt 0.500000 0.500000
vt 0.500000 0.500000
vt 1.000000 0.500000
vt 1.000000 0.500000
vt 0.990393 0.597545
vt 0.990393 0.597545
vt 0.961940 0.691342
vt 0.961940 0.691342
vt 0.915735 0.777785
vt 0.915735 0.777785
vt 0.853553 0.853553
vt 0.853553 0.853553
vt 0.777785 0.915735
vt 0.777785 0.915735
vt 0.691342 0.961940
vt 0.691342 0.961940
vt 0.597545 0.990393
vt 0.597545 0.990393
vt 0.500000 1.000000
vt 0.500000 1.000000
vt 0.402455 0.990393
vt 0.402455 0.990393
vt 0.308658 0.961940
vt 0.308658 0.961940
vt 0.222215 0.915735
vt 0.222215 0.915735
vt 0.146447 0.853553
vt 0.146447 0.853553
vt 0.084265 0.777785
vt 0.084265 0.777785
vt 0.038060 0.691342
vt 0.038060 0.691342
vt 0.009607 0.597545
vt 0.009607 0.597545
vt 0.000000 0.500000
vt 0.000000 0.500000
vt 0.009607 0.402455
vt 0.009607 0.402455
vt 0.038060 0.308658
vt 0.038060 0.308658
vt 0.084265 0.222215
vt 0.084265 0.222215
vt 0.146447 0.146447
vt 0.146447 0.146447
vt 0.222215 0.084265
vt 0.222215 0.084265
vt 0.308658 0.038060
vt 0.308658 0.038060
vt 0.402455 0.009607
vt 0.402455 0.009607
vt 0.500000 0.000000
vt 0.500000 0.000000
vt 0.597545 0.009607
vt 0.597545 0.009607
vt 0.691342 0.038060
vt 0.691342 0.038060
vt 0.777785 0.084265
vt 0.777785 0.084265
vt 0.853553 0.146447
vt 0.853553 0.146447
vt 0.915735 0.222215
vt 0.915735 0.222215
vt 0.961940 0.308658
vt 0.961940 0.308658
vt 0.990393 0.402455
vt 0.990393 0.402455
vt 0.000000 1.000000
vt 0.000000 0.000000
vt 0.031250 1.000000
vt 0.031250 0.000000
vt 0.062500 1.000000
vt 0.062500 0.000000
vt 0.093750 1.000000
vt 0.093750 0.000000
vt 0.125000 1.000000
vt 0.125000 0.000000
vt 0.156250 1.000000
vt 0.156250 0.000000
vt 0.187500 1.000000
vt 0.187500 0.000000
vt 0.218750 1.000000
vt 0.218750 0.000000
vt 0.250000 1.000000
vt 0.250000 0.000000
vt 0.281250 1.000000
vt 0.281250 0.000000
vt 0.312500 1.000000
vt 0.312500 0.000000
vt 0.343750 1.000000
vt 0.343750 0.000000
vt 0.375000 1.000000
vt 0.375000 0.000000
vt 0.406250 1.000000
vt 0.406250 0.000000
vt 0.437500 1.000000
vt 0.437500 0.000000
vt 0.468750 1.000000
vt 0.468750 0.000000
vt 0.500000 1.000000
vt 0.500000 0.000000
vt 0.531250 1.000000
vt 0.531250 0.000000
vt 0.562500 1.000000
vt 0.562500 0.000000
vt 0.593750 1.000000
vt 0.593750 0.000000
vt 0.625000 1.000000
vt 0.625000 0.000000
vt 0.656250 1.000000
vt 0.656250 0.000000
vt 0.687500 1.000000
vt 0.687500 0.000000
vt 0.718750 1.000000
vt 0.718750 0.000000
vt 0.750000 1.000000
vt 0.750000 0.000000
vt 0.781250 1.000000
vt 0.781250 0.000000
vt 0.812500 1.000000
vt 0.812500 0.000000
vt 0.843750 1.000000
vt 0.843750 0.000000
vt 0.875000 1.000000
vt 0.875000 0.000000
vt 0.906250 1.000000
vt 0.906250 0.000000
vt 0.937500 1.000000
vt 0.937500 0.000000
vt 0.968750 1.000000
vt 0.968750 0.000000
vt 0.500000 0.500000
vt 0.500000 0.500000
vt 1.000000 0.500000
vt 1.000000 0.500000
vt 0.990393 0.597545
vt 0.990393 0.597545
vt 0.961940 0.691342
vt 0.961940 0.691342
vt 0.915735 0.777785
vt 0.915735 0.777785
vt 0.853553 0.853553
vt 0.853553 0.853553
vt 0.777785 0.915735
vt 0.777785 0.915735
vt 0.691342 0.961940
vt 0.691342 0.961940
vt 0.597545 0.990393
vt 0.597545 0.990393
vt 0.500000 1.000000
vt 0.500000 1.000000
vt 0.402455 0.990393
vt 0.402455 0.990393
vt 0.308658 0.961940
vt 0.308658 0.961940
vt 0.222215 0.915735
vt 0.222215 0.915735
vt 0.146447 0.853553
vt 0.146447 0.853553
vt 0.084265 0.777785
vt 0.084265 0.777785
vt 0.038060 0.691342
vt 0.038060 0.691342
vt 0.009607 0.597545
vt 0.009607 0.597545
vt 0.000000 0.500000
vt 0.000000 0.500000
vt 0.009607 0.402455
vt 0.009607 0.402455
vt 0.038060 0.308658
vt 0.038060 0.308658
vt 0.084265 0.222215
vt 0.084265 0.222215
vt 0.146447 0.146447
vt 0.146447 0.146447
vt 0.222215 0.084265
vt 0.222215 0.084265
vt 0.308658 0.038060
vt 0.308658 0.038060
vt 0.402455 0.009607
vt 0.402455 0.009607
vt 0.500000 0.000000
vt 0.500000 0.000000
vt 0.597545 0.009607
vt 0.597545 0.009607
vt 0.691342 0.038060
vt 0.691342 0.038060
vt 0.777785 0.084265
vt 0.777785 0.084265
vt 0.853553 0.146447
vt 0.853553 0.146447
vt 0.915735 0.222215
vt 0.915735 0.222215
vt 0.961940 0.308658
vt 0.961940 0.308658
vt 0.990393 0.402455
vt 0.990393 0.402455
vt 0.000000 0.000000
vt 0.000000 0.062500
vt 0.000000 0.125000
vt 0.000000 0.187500
vt 0.000000 0.250000
vt 0.000000 0.312500
vt 0.000000 0.375000
vt 0.000000 0.437500
vt 0.000000 0.500000
vt 0.000000 0.562500
vt 0.000000 0.625000
vt 0.000000 0.687500
vt 0.000000 0.750000
vt 0.000000 0.812500
vt 0.000000 0.875000
vt 0.000000 0.937500
vt 0.031250 0.000000
vt 0.031250 0.062500
vt 0.031250 0.125000
vt 0.031250 0.187500
vt 0.031250 0.250000
vt 0.031250 0.312500
vt 0.031250 0.375000
vt 0.031250 0.437500
vt 0.031250 0.500000
vt 0.031250 0.562500
vt 0.031250 0.625000
vt 0.031250 0.687500
vt 0.031250 0.750000
vt 0.031250 0.812500
vt 0.031250 0.875000
vt 0.031250 0.937500
vt 0.062500 0.000000
vt 0.062500 0.062500
vt 0.062500 0.125000
vt 0.062500 0.187500
vt 0.062500 0.250000
vt 0.062500 0.312500
vt 0.062500 0.375000
vt 0.062500 0.437500
vt 0.062500 0.500000
vt 0.062500 0.562500
vt 0.062500 0.625000
vt 0.062500 0.687500
vt 0.062500 0.750000
vt 0.062500 0.812500
vt 0.062500 0.875000
vt 0.062500 0.937500
vt 0.093750 0.000000
vt 0.093750 0.062500
vt 0.093750 0.125000
vt 0.093750 0.187500
vt 0.093750 0.250000
vt 0.093750 0.312500
vt 0.093750 0.375000
vt 0.093750 0.437500
vt 0.093750 0.500000
vt 0.093750 0.562500
vt 0.093750 0.625000
vt 0.093750 0.687500
vt 0.093750 0.750000
vt 0.093750 0.812500
vt 0.093750 0.875000
vt 0.093750 0.937500
vt 0.125000 0.000000
vt 0.125000 0.062500
vt 0.125000 0.125000
vt 0.125000 0.187500
vt 0.125000 0.250000
vt 0.125000 0.312500
vt 0.125000 0.375000
vt 0.125000 0.437500
vt 0.125000 0.500000
vt 0.125000 0.562500
vt 0.125000 0.625000
vt 0.125000 0.687500
vt 0.125000 0.750000
vt 0.125000 0.812500
vt 0.125000 0.875000
vt 0.125000 0.937500
vt 0.156250 0.000000
vt 0.156250 0.062500
vt 0.156250 0.125000
vt 0.156250 0.187500
vt 0.156250 0.250000
vt 0.156250 0.312500
vt 0.156250 0.375000
vt 0.156250 0.437500
vt 0.156250 0.500000
vt 0.156250 0.562500
vt 0.156250 0.625000
vt 0.156250 0.687500
vt 0.156250 0.750000
vt 0.156250 0.812500
vt 0.156250 0.875000
vt 0.156250 0.937500
vt 0.187500 0.000000
vt 0.187500 0.062500
vt 0.187500 0.125000
vt 0.187500 0.187500
vt 0.187500 0.250000
vt 0.187500 0.312500
vt 0.187500 0.375000
vt 0.187500 0.437500
vt 0.187500 0.500000
vt 0.187500 0.562500
vt 0.187500 0.625000
vt 0.187500 0.687500
vt 0.187500 0.750000
vt 0.187500 0.812500
vt 0.187500 0.875000
vt 0.187500 0.937500
vt 0.218750 0.000000
vt 0.218750 0.062500
vt 0.218750 0.125000
vt 0.218750 0.187500
vt 0.218750 0.250000
vt 0.218750 0.312500
vt 0.218750 0.375000
vt 0.218750 0.437500
vt 0.218750 0.500000
vt 0.218750 0.562500
vt 0.218750 0.625000
vt 0.218750 0.687500
vt 0.218750 0.750000
vt 0.218750 0.812500
vt 0.218750 0.875000
vt 0.218750 0.937500
vt 0.250000 0.000000
vt 0.250000 0.062500
vt 0.250000 0.125000
vt 0.250000 0.187500
vt 0.250000 0.250000
vt 0.250000 0.312500
vt 0.250000 0.375000
vt 0.250000 0.437500
vt 0.250000 0.500000
vt 0.250000 0.562500
vt 0.250000 0.625000
vt 0.250000 0.687500
vt 0.250000 0.750000
vt 0.250000 0.812500
vt 0.250000 0.875000
vt 0.250000 0.937500
vt 0.281250 0.000000
vt 0.281250 0.062500
vt 0.281250 0.125000
vt 0.281250 0.187500
vt 0.281250 0.250000
vt 0.281250 0.312500
vt 0.281250 0.375000
vt 0.281250 0.437500
vt 0.281250 0.500000
vt 0.281250 0.562500
vt 0.281250 0.625000
vt 0.281250 0.687500
vt 0.281250 0.750000
vt 0.281250 0.812500
vt 0.281250 0.875000
vt 0.281250 0.937500
vt 0.312500 0.000000
vt 0.312500 0.062500
vt 0.312500 0.125000
vt 0.312500 0.187500
vt 0.312500 0.250000
vt 0.312500 0.312500
vt 0.312500 0.375000
vt 0.312500 0.437500
vt 0.312500 0.500000
vt 0.312500 0.562500
vt 0.312500 0.625000
vt 0.312500 0.687500
vt 0.312500 0.750000
vt 0.312500 0.812500
vt 0.312500 0.875000
vt 0.312500 0.937500
vt 0.343750 0.000000
vt 0.343750 0.062500
vt 0.343750 0.125000
vt 0.343750 0.187500
vt 0.343750 0.250000
vt 0.343750 0.312500
vt 0.343750 0.375000
vt 0.343750 0.437500
vt 0.343750 0.500000
vt 0.343750 0.562500
vt 0.343750 0.625000
vt 0.343750 0.687500
vt 0.343750 0.750000
vt 0.343750 0.812500
vt 0.343750 0.875000
vt 0.343750 0.937500
vt 0.375000 0.000000
vt 0.375000 0.062500
vt 0.375000 0.125000
vt 0.375000 0.187500
vt 0.375000 0.250000
vt 0.375000 0.312500
vt 0.375000 0.375000
vt 0.375000 0.437500
vt 0.375000 0.500000
vt 0.375000 0.562500
vt 0.375000 0.625000
vt 0.375000 0.687500
vt 0.375000 0.750000
vt 0.375000 0.812500
vt 0.375000 0.875000
vt 0.375000 0.937500
vt 0.406250 0.000000
vt 0.406250 0.062500
vt 0.406250 0.125000
vt 0.406250 0.187500
vt 0.406250 0.250000
vt 0.406250 0.312500
vt 0.406250 0.375000
vt 0.406250 0.437500
vt 0.406250 0.500000
vt 0.406250 0.562500
vt 0.406250 0.625000
vt 0.406250 0.687500
vt 0.406250 0.750000
vt 0.406250 0.812500
vt 0.406250 0.875000
vt 0.406250 0.937500
vt 0.437500 0.000000
vt 0.437500 0.062500
vt 0.437500 0.125000
vt 0.437500 0.187500
vt 0.437500 0.250000
vt 0.437500 0.312500
vt 0.437500 0.375000
vt 0.437500 0.437500
vt 0.437500 0.500000
vt 0.437500 0.562500
vt 0.437500 0.625000
vt 0.437500 0.687500
vt 0.437500 0.750000
vt 0.437500 0.812500
vt 0.437500 0.875000
vt 0.437500 0.937500
vt 0.468750 0.000000
vt 0.468750 0.062500
vt 0.468750 0.125000
vt 0.468750 0.187500
vt 0.468750 0.250000
vt 0.468750 0.312500
vt 0.468750 0.375000
vt 0.468750 0.437500
vt 0.468750 0.500000
vt 0.468750 0.562500
vt 0.468750 0.625000
vt 0.468750 0.687500
vt 0.468750 0.750000
vt 0.468750 0.812500
vt 0.468750 0.875000
vt 0.468750 0.937500
vt 0.500000 0.000000
vt 0.500000 0.062500
vt 0.500000 0.125000
vt 0.500000 0.187500
vt 0.500000 0.250000
vt 0.500000 0.312500
vt 0.500000 0.375000
vt 0.500000 0.437500
vt 0.500000 0.500000
vt 0.500000 0.562500
vt 0.500000 0.625000
vt 0.500000 0.687500
vt 0.500000 0.750000
vt 0.500000 0.812500
vt 0.500000 0.875000
vt 0.500000 0.937500
vt 0.531250 0.000000
vt 0.531250 0.062500
vt 0.531250 0.125000
vt 0.531250 0.187500
vt 0.531250 0.250000
vt 0.531250 0.312500
vt 0.531250 0.375000
vt 0.531250 0.437500
vt 0.531250 0.500000
vt 0.531250 0.562500
vt 0.531250 0.625000
vt 0.531250 0.687500
vt 0.531250 0.750000
vt 0.531250 0.812500
vt 0.531250 0.875000
vt 0.531250 0.937500
vt 0.562500 0.000000
vt 0.562500 0.062500
vt 0.562500 0.125000
vt 0.562500 0.187500
vt 0.562500 0.250000
vt 0.562500 0.312500
vt 0.562500 0.375000
vt 0.562500 0.437500
vt 0.562500 0.500000
vt 0.562500 0.562500
vt 0.562500 0.625000
vt 0.562500 0.687500
vt 0.562500 0.750000
vt 0.562500 0.812500
vt 0.562500 0.875000
vt 0.562500 0.937500
vt 0.593750 0.000000
vt 0.593750 0.062500
vt 0.593750 0.125000
vt 0.593750 0.187500
vt 0.593750 0.250000
vt 0.593750 0.312500
vt 0.593750 0.375000
vt 0.593750 0.437500
vt 0.593750 0.500000
vt 0.593750 0.562500
vt 0.593750 0.625000
vt 0.593750 0.687500
vt 0.593750 0.750000
vt 0.593750 0.812500
vt 0.593750 0.875000
vt 0.593750 0.937500
vt 0.625000 0.000000
vt 0.625000 0.062500
vt 0.625000 0.125000
vt 0.625000 0.187500
vt 0.625000 0.250000
vt 0.625000 0.312500
vt 0.625000 0.375000
vt 0.625000 0.437500
vt 0.625000 0.500000
vt 0.625000 0.562500
vt 0.625000 0.625000
vt 0.625000 0.687500
vt 0.625000 0.750000
vt 0.625000 0.812500
vt 0.625000 0.875000
vt 0.625000 0.937500
vt 0.656250 0.000000
vt 0.656250 0.062500
vt 0.656250 0.125000
vt 0.656250 0.187500
vt 0.656250 0.250000
vt 0.656250 0.312500
vt 0.656250 0.375000
vt 0.656250 0.437500
vt 0.656250 0.500000
vt 0.656250 0.562500
vt 0.656250 0.625000
vt 0.656250 0.687500
vt 0.656250 0.750000
vt 0.656250 0.812500
vt 0.656250 0.875000
vt 0.656250 0.937500
vt 0.687500 0.000000
vt 0.687500 0.062500
vt 0.687500 0.125000
vt 0.687500 0.187500
vt 0.687500 0.250000
vt 0.687500 0.312500
vt 0.687500 0.375000
vt 0.687500 0.437500
vt 0.687500 0.500000
vt 0.687500 0.562500
vt 0.687500 0.625000
vt 0.687500 0.687500
vt 0.687500 0.750000
vt 0.687500 0.812500
vt 0.687500 0.875000
vt 0.687500 0.937500
vt 0.718750 0.000000
vt 0.718750 0.062500
vt 0.718750 0.125000
vt 0.718750 0.187500
vt 0.718750 0.250000
vt 0.718750 0.312500
vt 0.718750 0.375000
vt 0.718750 0.437500
vt 0.718750 0.500000
vt 0.718750 0.562500
vt 0.718750 0.625000
vt 0.718750 0.687500
vt 0.718750 0.750000
vt 0.718750 0.812500
vt 0.718750 0.875000
vt 0.718750 0.937500
vt 0.750000 0.000000
vt 0.750000 0.062500
vt 0.750000 0.125000
vt 0.750000 0.187500
vt 0.750000 0.250000
vt 0.750000 0.312500
vt 0.750000 0.375000
vt 0.750000 0.437500
vt 0.750000 0.500000
vt 0.750000 0.562500
vt 0.750000 0.625000
vt 0.750000 0.687500
vt 0.750000 0.750000
vt 0.750000 0.812500
vt 0.750000 0.875000
vt 0.750000 0.937500
vt 0.781250 0.000000
vt 0.781250 0.062500
vt 0.781250 0.125000
vt 0.781250 0.187500
vt 0.781250 0.250000
vt 0.781250 0.312500
vt 0.781250 0.375000
vt 0.781250 0.437500
vt 0.781250 0.500000
vt 0.781250 0.562500
vt 0.781250 0.625000
vt 0.781250 0.687500
vt 0.781250 0.750000
vt 0.781250 0.812500
vt 0.781250 0.875000
vt 0.781250 0.937500
vt 0.812500 0.000000
vt 0.812500 0.062500
vt 0.812500 0.125000
vt 0.812500 0.187500
vt 0.812500 0.250000
vt 0.812500 0.312500
vt 0.812500 0.375000
vt 0.812500 0.437500
vt 0.812500 0.500000
vt 0.812500 0.562500
vt 0.812500 0.625000
vt 0.812500 0.687500
vt 0.812500 0.750000
vt 0.812500 0.812500
vt 0.812500 0.875000
vt 0.812500 0.937500
vt 0.843750 0.000000
vt 0.843750 0.062500
vt 0.843750 0.125000
vt 0.843750 0.187500
vt 0.843750 0.250000
vt 0.843750 0.312500
vt 0.843750 0.375000
vt 0.843750 0.437500
vt 0.843750 0.500000
vt 0.843750 0.562500
vt 0.843750 0.625000
vt 0.843750 0.687500
vt 0.843750 0.750000
vt 0.843750 0.812500
vt 0.843750 0.875000
vt 0.843750 0.937500
vt 0.875000 0.000000
vt 0.875000 0.062500
vt 0.875000 0.125000
vt 0.875000 0.187500
vt 0.875000 0.250000
vt 0.875000 0.312500
vt 0.875000 0.375000
vt 0.875000 0.437500
vt 0.875000 0.500000
vt 0.875000 0.562500
vt 0.875000 0.625000
vt 0.875000 0.687500
vt 0.875000 0.750000
vt 0.875000 0.812500
vt 0.875000 0.875000
vt 0.875000 0.937500
vt 0.906250 0.000000
vt 0.906250 0.062500
vt 0.906250 0.125000
vt 0.906250 0.187500
vt 0.906250 0.250000
vt 0.906250 0.312500
vt 0.906250 0.375000
vt 0.906250 0.437500
vt 0.906250 0.500000
vt 0.906250 0.562500
vt 0.906250 0.625000
vt 0.906250 0.687500
vt 0.906250 0.750000
vt 0.906250 0.812500
vt 0.906250 0.875000
vt 0.906250 0.937500
vt 0.937500 0.000000
vt 0.937500 0.062500
vt 0.937500 0.125000
vt 0.937500 0.187500
vt 0.937500 0.250000
vt 0.937500 0.312500
vt 0.937500 0.375000
vt 0.937500 0.437500
vt 0.937500 0.500000
vt 0.937500 0.562500
vt 0.937500 0.625000
vt 0.937500 0.687500
vt 0.937500 0.750000
vt 0.937500 0.812500
vt 0.937500 0.875000
vt 0.937500 0.937500
vt 0.968750 0.000000
vt 0.968750 0.062500
vt 0.968750 0.125000
vt 0.968750 0.187500
vt 0.968750 0.250000
vt 0.968750 0.312500
vt 0.968750 0.375000
vt 0.968750 0.437500
vt 0.968750 0.500000
vt 0.968750 0.562500
vt 0.968750 0.625000
vt 0.968750 0.687500
vt 0.968750 0.750000
vt 0.968750 0.812500
vt 0.968750 0.875000
vt 0.968750 0.937500
vt 0.000000 1.000000
vt 0.000000 0.000000
vt 0.041667 1.000000
vt 0.041667 0.000000
vt 0.083333 1.000000
vt 0.083333 0.000000
vt 0.125000 1.000000
vt 0.125000 0.000000
vt 0.166667 1.000000
vt 0.166667 0.000000
vt 0.208333 1.000000
vt 0.208333 0.000000
vt 0.250000 1.000000
vt 0.250000 0.000000
vt 0.291667 1.000000
vt 0.291667 0.000000
vt 0.333333 1.000000
vt 0.333333 0.000000
vt 0.375000 1.000000
vt 0.375000 0.000000
vt 0.416667 1.000000
vt 0.416667 0.000000
vt 0.458333 1.000000
vt 0.458333 0.000000
vt 0.500000 1.000000
vt 0.500000 0.000000
vt 0.541667 1.000000
vt 0.541667 0.000000
vt 0.583333 1.000000
vt 0.583333 0.000000
vt 0.625000 1.000000
vt 0.625000 0.000000
vt 0.666667 1.000000
vt 0.666667 0.000000
vt 0.708333 1.000000
vt 0.708333 0.000000
vt 0.750000 1.000000
vt 0.750000 0.000000
vt 0.791667 1.000000
vt 0.791667 0.000000
vt 0.833333 1.000000
vt 0.833333 0.000000
vt 0.875000 1.000000
vt 0.875000 0.000000
vt 0.916667 1.000000
vt 0.916667 0.000000
vt 0.958333 1.000000
vt 0.958333 0.000000
vt 0.500000 0.500000
vt 0.500000 0.500000
vt 1.000000 0.500000
vt 1.000000 0.500000
vt 0.982963 0.629410
vt 0.982963 0.629410
vt 0.933013 0.750000
vt 0.933013 0.750000
vt 0.853553 0.853553
vt 0.853553 0.853553
vt 0.750000 0.933013
vt 0.750000 0.933013
vt 0.629410 0.982963
vt 0.629410 0.982963
vt 0.500000 1.000000
vt 0.500000 1.000000
vt 0.370590 0.982963
vt 0.370590 0.982963
vt 0.250000 0.933013
vt 0.250000 0.933013
vt 0.146447 0.853553
vt 0.146447 0.853553
vt 0.066987 0.750000
vt 0.066987 0.750000
vt 0.017037 0.629410
vt 0.017037 0.629410
vt 0.000000 0.500000
vt 0.000000 0.500000
vt 0.017037 0.370590
vt 0.017037 0.370590
vt 0.066987 0.250000
vt 0.066987 0.250000
vt 0.146447 0.146447
vt 0.146447 0.146447
vt 0.250000 0.066987
vt 0.250000 0.066987
vt 0.370590 0.017037
vt 0.370590 0.017037
vt 0.500000 0.000000
vt 0.500000 0.000000
vt 0.629410 0.017037
vt 0.629410 0.017037
vt 0.750000 0.066987
vt 0.750000 0.066987
vt 0.853553 0.146447
vt 0.853553 0.146447
vt 0.933013 0.250000
vt 0.933013 0.250000
vt 0.982963 0.370590
vt 0.982963 0.370590
vt 0.000000 0.000000
vt 0.000000 0.083333
vt 0.000000 0.166667
vt 0.000000 0.250000
vt 0.000000 0.333333
vt 0.000000 0.416667
vt 0.000000 0.500000
vt 0.000000 0.583333
vt 0.000000 0.666667
vt 0.000000 0.750000
vt 0.000000 0.833333
vt 0.000000 0.916667
vt 0.041667 0.000000
vt 0.041667 0.083333
vt 0.041667 0.166667
vt 0.041667 0.250000
vt 0.041667 0.333333
vt 0.041667 0.416667
vt 0.041667 0.500000
vt 0.041667 0.583333
vt 0.041667 0.666667
vt 0.041667 0.750000
vt 0.041667 0.833333
vt 0.041667 0.916667
vt 0.083333 0.000000
vt 0.083333 0.083333
vt 0.083333 0.166667
vt 0.083333 0.250000
vt 0.083333 0.333333
vt 0.083333 0.416667
vt 0.083333 0.500000
vt 0.083333 0.583333
vt 0.083333 0.666667
vt 0.083333 0.750000
vt 0.083333 0.833333
vt 0.083333 0.916667
vt 0.125000 0.000000
vt 0.125000 0.083333
vt 0.125000 0.166667
vt 0.125000 0.250000
vt 0.125000 0.333333
vt 0.125000 0.416667
vt 0.125000 0.500000
vt 0.125000 0.583333
vt 0.125000 0.666667
vt 0.125000 0.750000
vt 0.125000 0.833333
vt 0.125000 0.916667
vt 0.166667 0.000000
vt 0.166667 0.083333
vt 0.166667 0.166667
vt 0.166667 0.250000
vt 0.166667 0.333333
vt 0.166667 0.416667
vt 0.166667 0.500000
vt 0.166667 0.583333
vt 0.166667 0.666667
vt 0.166667 0.750000
vt 0.166667 0.833333
vt 0.166667 0.916667
vt 0.208333 0.000000
vt 0.208333 0.083333
vt 0.208333 0.166667
vt 0.208333 0.250000
vt 0.208333 0.333333
vt 0.208333 0.416667
vt 0.208333 0.500000
vt 0.208333 0.583333
vt 0.208333 0.666667
vt 0.208333 0.750000
vt 0.208333 0.833333
vt 0.208333 0.916667
vt 0.250000 0.000000
vt 0.250000 0.083333
vt 0.250000 0.166667
vt 0.250000 0.250000
vt 0.250000 0.333333
vt 0.250000 0.416667
vt 0.250000 0.500000
vt 0.250000 0.583333
vt 0.250000 0.666667
vt 0.250000 0.750000
vt 0.250000 0.833333
vt 0.250000 0.916667
vt 0.291667 0.000000
vt 0.291667 0.083333
vt 0.291667 0.166667
vt 0.291667 0.250000
vt 0.291667 0.333333
vt 0.291667 0.416667
vt 0.291667 0.500000
vt 0.291667 0.583333
vt 0.291667 0.666667
vt 0.291667 0.750000
vt 0.291667 0.833333
vt 0.291667 0.916667
vt 0.333333 0.000000
vt 0.333333 0.083333
vt 0.333333 0.166667
vt 0.333333 0.250000
vt 0.333333 0.333333
vt 0.333333 0.416667
vt 0.333333 0.500000
vt 0.333333 0.583333
vt 0.333333 0.666667
vt 0.333333 0.750000
vt 0.333333 0.833333
vt 0.333333 0.916667
vt 0.375000 0.000000
vt 0.375000 0.083333
vt 0.375000 0.166667
vt 0.375000 0.250000
vt 0.375000 0.333333
vt 0.375000 0.416667
vt 0.375000 0.500000
vt 0.375000 0.583333
vt 0.375000 0.666667
vt 0.375000 0.750000
vt 0.375000 0.833333
vt 0.375000 0.916667
vt 0.416667 0.000000
vt 0.416667 0.083333
vt 0.416667 0.166667
vt 0.416667 0.250000
vt 0.416667 0.333333
vt 0.416667 0.416667
vt 0.416667 0.500000
vt 0.416667 0.583333
vt 0.416667 0.666667
vt 0.416667 0.750000
vt 0.416667 0.833333
vt 0.416667 0.916667
vt 0.458333 0.000000
vt 0.458333 0.083333
vt 0.458333 0.166667
vt 0.458333 0.250000
vt 0.458333 0.333333
vt 0.458333 0.416667
vt 0.458333 0.500000
vt 0.458333 0.583333
vt 0.458333 0.666667
vt 0.458333 0.750000
vt 0.458333 0.833333
vt 0.458333 0.916667
vt 0.500000 0.000000
vt 0.500000 0.083333
vt 0.500000 0.166667
vt 0.500000 0.250000
vt 0.500000 0.333333
vt 0.500000 0.416667
vt 0.500000 0.500000
vt 0.500000 0.583333
vt 0.500000 0.666667
vt 0.500000 0.750000
vt 0.500000 0.833333
vt 0.500000 0.916667
vt 0.541667 0.000000
vt 0.541667 0.083333
vt 0.541667 0.166667
vt 0.541667 0.250000
vt 0.541667 0.333333
vt 0.541667 0.416667
vt 0.541667 0.500000
vt 0.541667 0.583333
vt 0.541667 0.666667
vt 0.541667 0.750000
vt 0.541667 0.833333
vt 0.541667 0.916667
vt 0.583333 0.000000
vt 0.583333 0.083333
vt 0.583333 0.166667
vt 0.583333 0.250000
vt 0.583333 0.333333
vt 0.583333 0.416667
vt 0.583333 0.500000
vt 0.583333 0.583333
vt 0.583333 0.666667
vt 0.583333 0.750000
vt 0.583333 0.833333
vt 0.583333 0.916667
vt 0.625000 0.000000
vt 0.625000 0.083333
vt 0.625000 0.166667
vt 0.625000 0.250000
vt 0.625000 0.333333
vt 0.625000 0.416667
vt 0.625000 0.500000
vt 0.625000 0.583333
vt 0.625000 0.666667
vt 0.625000 0.750000
vt 0.625000 0.833333
vt 0.625000 0.916667
vt 0.666667 0.000000
vt 0.666667 0.083333
vt 0.666667 0.166667
vt 0.666667 0.250000
vt 0.666667 0.333333
vt 0.666667 0.416667
vt 0.666667 0.500000
vt 0.666667 0.583333
vt 0.666667 0.666667
vt 0.666667 0.750000
vt 0.666667 0.833333
vt 0.666667 0.916667
vt 0.708333 0.000000
vt 0.708333 0.083333
vt 0.708333 0.166667
vt 0.708333 0.250000
vt 0.708333 0.333333
vt 0.708333 0.416667
vt 0.708333 0.500000
vt 0.708333 0.583333
vt 0.708333 0.666667
vt 0.708333 0.750000
vt 0.708333 0.833333
vt 0.708333 0.916667
vt 0.750000 0.000000
vt 0.750000 0.083333
vt 0.750000 0.166667
vt 0.750000 0.250000
vt 0.750000 0.333333
vt 0.750000 0.416667
vt 0.750000 0.500000
vt 0.750000 0.583333
vt 0.750000 0.666667
vt 0.750000 0.750000
vt 0.750000 0.833333
vt 0.750000 0.916667
vt 0.791667 0.000000
vt 0.791667 0.083333
vt 0.791667 0.166667
vt 0.791667 0.250000
vt 0.791667 0.333333
vt 0.791667 0.416667
vt 0.791667 0.500000
vt 0.791667 0.583333
vt 0.791667 0.666667
vt 0.791667 0.750000
vt 0.791667 0.833333
vt 0.791667 0.916667
vt 0.833333 0.000000
vt 0.833333 0.083333
vt 0.833333 0.166667
vt 0.833333 0.250000
vt 0.833333 0.333333
vt 0.833333 0.416667
vt 0.833333 0.500000
vt 0.833333 0.583333
vt 0.833333 0.666667
vt 0.833333 0.750000
vt 0.833333 0.833333
vt 0.833333 0.916667
vt 0.875000 0.000000
vt 0.875000 0.083333
vt 0.875000 0.166667
vt 0.875000 0.250000
vt 0.875000 0.333333
vt 0.875000 0.416667
vt 0.875000 0.500000
vt 0.875000 0.583333
vt 0.875000 0.666667
vt 0.875000 0.750000
vt 0.875000 0.833333
vt 0.875000 0.916667
vt 0.916667 0.000000
vt 0.916667 0.083333
vt 0.916667 0.166667
vt 0.916667 0.250000
vt 0.916667 0.333333
vt 0.916667 0.416667
vt 0.916667 0.500000
vt 0.916667 0.583333
vt 0.916667 0.666667
vt 0.916667 0.750000
vt 0.916667 0.833333
vt 0.916667 0.916667
vt 0.958333 0.000000
vt 0.958333 0.083333
vt 0.958333 0.166667
vt 0.958333 0.250000
vt 0.958333 0.333333
vt 0.958333 0.416667
vt 0.958333 0.500000
vt 0.958333 0.583333
vt 0.958333 0.666667
vt 0.958333 0.750000
vt 0.958333 0.833333
vt 0.958333 0.916667
vt 0.000000 1.000000
vt 0.000000 0.000000
vt 0.083333 1.000000
vt 0.083333 0.000000
vt 0.166667 1.000000
vt 0.166667 0.000000
vt 0.250000 1.000000
vt 0.250000 0.000000
vt 0.333333 1.000000
vt 0.333333 0.000000
vt 0.416667 1.000000
vt 0.416667 0.000000
vt 0.500000 1.000000
vt 0.500000 0.000000
vt 0.583333 1.000000
vt 0.583333 0.000000
vt 0.666667 1.000000
vt 0.666667 0.000000
vt 0.750000 1.000000
vt 0.750000 0.000000
vt 0.833333 1.000000
vt 0.833333 0.000000
vt 0.916667 1.000000
vt 0.916667 0.000000
vt 0.500000 0.500000
vt 0.500000 0.500000
vt 1.000000 0.500000
vt 1.000000 0.500000
vt 0.933013 0.750000
vt 0.933013 0.750000
vt 0.750000 0.933013
vt 0.750000 0.933013
vt 0.500000 1.000000
vt 0.500000 1.000000
vt 0.250000 0.933013
vt 0.250000 0.933013
vt 0.066987 0.750000
vt 0.066987 0.750000
vt 0.000000 0.500000
vt 0.000000 0.500000
vt 0.066987 0.250000
vt 0.066987 0.250000
vt 0.250000 0.066987
vt 0.250000 0.066987
vt 0.500000 0.000000
vt 0.500000 0.000000
vt 0.750000 0.066987
vt 0.750000 0.066987
vt 0.933013 0.250000
vt 0.933013 0.250000
vt 0.000000 1.000000
vt 0.000000 0.000000
vt 0.083333 1.000000
vt 0.083333 0.000000
vt 0.166667 1.000000
vt 0.166667 0.000000
vt 0.250000 1.000000
vt 0.250000 0.000000
vt 0.333333 1.000000
vt 0.333333 0.000000
vt 0.416667 1.000000
vt 0.416667 0.000000
vt 0.500000 1.000000
vt 0.500000 0.000000
vt 0.583333 1.000000
vt 0.583333 0.000000
vt 0.666667 1.000000
vt 0.666667 0.000000
vt 0.750000 1.000000
vt 0.750000 0.000000
vt 0.833333 1.000000
vt 0.833333 0.000000
vt 0.916667 1.000000
vt 0.916667 0.000000
vt 0.500000 0.500000
vt 0.500000 0.500000
vt 1.000000 0.500000
vt 1.000000 0.500000
vt 0.933013 0.750000
vt 0.933013 0.750000
vt 0.750000 0.933013
vt 0.750000 0.933013
vt 0.500000 1.000000
vt 0.500000 1.000000
vt 0.250000 0.933013
vt 0.250000 0.933013
vt 0.066987 0.750000
vt 0.066987 0.750000
vt 0.000000 0.500000
vt 0.000000 0.500000
vt 0.066987 0.250000
vt 0.066987 0.250000
vt 0.250000 0.066987
vt 0.250000 0.066987
vt 0.500000 0.000000
vt 0.500000 0.000000
vt 0.750000 0.066987
vt 0.750000 0.066987
vt 0.933013 0.250000
vt 0.933013 0.250000
vt 0.000000 1.000000
vt 0.000000 0.000000
vt 0.083333 1.000000
vt 0.083333 0.000000
vt 0.166667 1.000000
vt 0.166667 0.000000
vt 0.250000 1.000000
vt 0.250000 0.000000
vt 0.333333 1.000000
vt 0.333333 0.000000
vt 0.416667 1.000000
vt 0.416667 0.000000
vt 0.500000 1.000000
vt 0.500000 0.000000
vt 0.583333 1.000000
vt 0.583333 0.000000
vt 0.666667 1.000000
vt 0.666667 0.000000
vt 0.750000 1.000000
vt 0.750000 0.000000
vt 0.833333 1.000000
vt 0.833333 0.000000
vt 0.916667 1.000000
vt 0.916667 0.000000
vt 0.500000 0.500000
vt 0.500000 0.500000
vt 1.000000 0.500000
vt 1.000000 0.500000
vt 0.933013 0.750000
vt 0.933013 0.750000
vt 0.750000 0.933013
vt 0.750000 0.933013
vt 0.500000 1.000000
vt 0.500000 1.000000
vt 0.250000 0.933013
vt 0.250000 0.933013
vt 0.066987 0.750000
vt 0.066987 0.750000
vt 0.000000 0.500000
vt 0.000000 0.500000
vt 0.066987 0.250000
vt 0.066987 0.250000
vt 0.250000 0.066987
vt 0.250000 0.066987
vt 0.500000 0.000000
vt 0.500000 0.000000
vt 0.750000 0.066987
vt 0.750000 0.066987
vt 0.933013 0.250000
vt 0.933013 0.250000
vt 0.000000 0.000000
vt 1.000000 0.000000
vt 1.000000 1.000000
vt 0.000000 1.000000
vt 0.000000 0.000000
vt 1.000000 0.000000
vt 1.000000 1.000000
vt 0.000000 1.000000
vt 0.000000 0.000000
vt 1.000000 0.000000
vt 1.000000 1.000000
vt 0.000000 1.000000
vt 0.000000 0.000000
vt 1.000000 0.000000
vt 1.000000 1.000000
vt 0.000000 1.000000
vt 0.000000 0.000000
vt 1.000000 0.000000
vt 1.000000 1.000000
vt 0.000000 1.000000
vt 0.000000 0.000000
vt 1.000000 0.000000
vt 1.000000 1.000000
vt 0.000000 1.000000
vt 0.000000 1.000000
vt 0.000000 0.000000
vt 0.062500 1.000000
vt 0.062500 0.000000
vt 0.125000 1.000000
vt 0.125000 0.000000
vt 0.187500 1.000000
vt 0.187500 0.000000
vt 0.250000 1.000000
vt 0.250000 0.000000
vt 0.312500 1.000000
vt 0.312500 0.000000
vt 0.375000 1.000000
vt 0.375000 0.000000
vt 0.437500 1.000000
vt 0.437500 0.000000
vt 0.500000 1.000000
vt 0.500000 0.000000
vt 0.562500 1.000000
vt 0.562500 0.000000
vt 0.625000 1.000000
vt 0.625000 0.000000
vt 0.687500 1.000000
vt 0.687500 0.000000
vt 0.750000 1.000000
vt 0.750000 0.000000
vt 0.812500 1.000000
vt 0.812500 0.000000
vt 0.875000 1.000000
vt 0.875000 0.000000
vt 0.937500 1.000000
vt 0.937500 0.000000
vt 0.500000 0.500000
vt 0.500000 0.500000
vt 1.000000 0.500000
vt 1.000000 0.500000
vt 0.961940 0.691342
vt 0.961940 0.691342
vt 0.853553 0.853553
vt 0.853553 0.853553
vt 0.691342 0.961940
vt 0.691342 0.961940
vt 0.500000 1.000000
vt 0.500000 1.000000
vt 0.308658 0.961940
vt 0.308658 0.961940
vt 0.146447 0.853553
vt 0.146447 0.853553
vt 0.038060 0.691342
vt 0.038060 0.691342
vt 0.000000 0.500000
vt 0.000000 0.500000
vt 0.038060 0.308658
vt 0.038060 0.308658
vt 0.146447 0.146447
vt 0.146447 0.146447
vt 0.308658 0.038060
vt 0.308658 0.038060
vt 0.500000 0.000000
vt 0.500000 0.000000
vt 0.691342 0.038060
vt 0.691342 0.038060
vt 0.853553 0.146447
vt 0.853553 0.146447
vt 0.961940 0.308658
vt 0.961940 0.308658
vt 0.000000 1.000000
vt 0.000000 0.000000
vt 0.083333 1.000000
vt 0.083333 0.000000
vt 0.166667 1.000000
vt 0.166667 0.000000
vt 0.250000 1.000000
vt 0.250000 0.000000
vt 0.333333 1.000000
vt 0.333333 0.000000
vt 0.416667 1.000000
vt 0.416667 0.000000
vt 0.500000 1.000000
vt 0.500000 0.000000
vt 0.583333 1.000000
vt 0.583333 0.000000
vt 0.666667 1.000000
vt 0.666667 0.000000
vt 0.750000 1.000000
vt 0.750000 0.000000
vt 0.833333 1.000000
vt 0.833333 0.000000
vt 0.916667 1.000000
vt 0.916667 0.000000
vt 0.500000 0.500000
vt 0.500000 0.500000
vt 1.000000 0.500000
vt 1.000000 0.500000
vt 0.933013 0.750000
vt 0.933013 0.750000
vt 0.750000 0.933013
vt 0.750000 0.933013
vt 0.500000 1.000000
vt 0.500000 1.000000
vt 0.250000 0.933013
vt 0.250000 0.933013
vt 0.066987 0.750000
vt 0.066987 0.750000
vt 0.000000 0.500000
vt 0.000000 0.500000
vt 0.066987 0.250000
vt 0.066987 0.250000
vt 0.250000 0.066987
vt 0.250000 0.066987
vt 0.500000 0.000000
vt 0.500000 0.000000
vt 0.750000 0.066987
vt 0.750000 0.066987
vt 0.933013 0.250000
vt 0.933013 0.250000
vt 0.000000 0.000000
vt 0.000000 0.125000
vt 0.000000 0.250000
vt 0.000000 0.375000
vt 0.000000 0.500000
vt 0.000000 0.625000
vt 0.000000 0.750000
vt 0.000000 0.875000
vt 0.062500 0.000000
vt 0.062500 0.125000
vt 0.062500 0.250000
vt 0.062500 0.375000
vt 0.062500 0.500000
vt 0.062500 0.625000
vt 0.062500 0.750000
vt 0.062500 0.875000
vt 0.125000 0.000000
vt 0.125000 0.125000
vt 0.125000 0.250000
vt 0.125000 0.375000
vt 0.125000 0.500000
vt 0.125000 0.625000
vt 0.125000 0.750000
vt 0.125000 0.875000
vt 0.187500 0.000000
vt 0.187500 0.125000
vt 0.187500 0.250000
vt 0.187500 0.375000
vt 0.187500 0.500000
vt 0.187500 0.625000
vt 0.187500 0.750000
vt 0.187500 0.875000
vt 0.250000 0.000000
vt 0.250000 0.125000
vt 0.250000 0.250000
vt 0.250000 0.375000
vt 0.250000 0.500000
vt 0.250000 0.625000
vt 0.250000 0.750000
vt 0.250000 0.875000
vt 0.312500 0.000000
vt 0.312500 0.125000
vt 0.312500 0.250000
vt 0.312500 0.375000
vt 0.312500 0.500000
vt 0.312500 0.625000
vt 0.312500 0.750000
vt 0.312500 0.875000
vt 0.375000 0.000000
vt 0.375000 0.125000
vt 0.375000 0.250000
vt 0.375000 0.375000
vt 0.375000 0.500000
vt 0.375000 0.625000
vt 0.375000 0.750000
vt 0.375000 0.875000
vt 0.437500 0.000000
vt 0.437500 0.125000
vt 0.437500 0.250000
vt 0.437500 0.375000
vt 0.437500 0.500000
vt 0.437500 0.625000
vt 0.437500 0.750000
vt 0.437500 0.875000
vt 0.500000 0.000000
vt 0.500000 0.125000
vt 0.500000 0.250000
vt 0.500000 0.375000
vt 0.500000 0.500000
vt 0.500000 0.625000
vt 0.500000 0.750000
vt 0.500000 0.875000
vt 0.562500 0.000000
vt 0.562500 0.125000
vt 0.562500 0.250000
vt 0.562500 0.375000
vt 0.562500 0.500000
vt 0.562500 0.625000
vt 0.562500 0.750000
vt 0.562500 0.875000
vt 0.625000 0.000000
vt 0.625000 0.125000
vt 0.625000 0.250000
vt 0.625000 0.375000
vt 0.625000 0.500000
vt 0.625000 0.625000
vt 0.625000 0.750000
vt 0.625000 0.875000
vt 0.687500 0.000000
vt 0.687500 0.125000
vt 0.687500 0.250000
vt 0.687500 0.375000
vt 0.687500 0.500000
vt 0.687500 0.625000
vt 0.687500 0.750000
vt 0.687500 0.875000
vt 0.750000 0.000000
vt 0.750000 0.125000
vt 0.750000 0.250000
vt 0.750000 0.375000
vt 0.750000 0.500000
vt 0.750000 0.625000
vt 0.750000 0.750000
vt 0.750000 0.875000
vt 0.812500 0.000000
vt 0.812500 0.125000
vt 0.812500 0.250000
vt 0.812500 0.375000
vt 0.812500 0.500000
vt 0.812500 0.625000
vt 0.812500 0.750000
vt 0.812500 0.875000
vt 0.875000 0.000000
vt 0.875000 0.125000
vt 0.875000 0.250000
vt 0.875000 0.375000
vt 0.875000 0.500000
vt 0.875000 0.625000
vt 0.875000 0.750000
vt 0.875000 0.875000
vt 0.937500 0.000000
vt 0.937500 0.125000
vt 0.937500 0.250000
vt 0.937500 0.375000
vt 0.937500 0.500000
vt 0.937500 0.625000
vt 0.937500 0.750000
vt 0.937500 0.875000
vn 1.000000 0.000000 0.000000
vn 1.000000 0.000000 0.000000
vn 0.980785 0.000000 0.195090
vn 0.980785 0.000000 0.195090
vn 0.923880 0.000000 0.382683
vn 0.923880 0.000000 0.382683
vn 0.831470 0.000000 0.555570
vn 0.831470 0.000000 0.555570
vn 0.707107 0.000000 0.707107
vn 0.707107 0.000000 0.707107
vn 0.555570 0.000000 0.831470
vn 0.555570 0.000000 0.831470
vn 0.382683 0.000000 0.923880
vn 0.382683 0.000000 0.923880
vn 0.195090 0.000000 0.980785
vn 0.195090 0.000000 0.980785
vn 0.000000 0.000000 1.000000
vn 0.000000 0.000000 1.000000
vn -0.195090 0.000000 0.980785
vn -0.195090 0.000000 0.980785
vn -0.382683 0.000000 0.923880
vn -0.382683 0.000000 0.923880
vn -0.555570 0.000000 0.831470
vn -0.555570 0.000000 0.831470
vn -0.707107 0.000000 0.707107
vn -0.707107 0.000000 0.707107
vn -0.831470 0.000000 0.555570
vn -0.831470 0.000000 0.555570
vn -0.923880 0.000000 0.382683
vn -0.923880 0.000000 0.382683
vn -0.980785 0.000000 0.195090
vn -0.980785 0.000000 0.195090
vn -1.000000 0.000000 0.000000
vn -1.000000 0.000000 0.000000
vn -0.980785 0.000000 -0.195090
vn -0.980785 0.000000 -0.195090
vn -0.923880 0.000000 -0.382683
vn -0.923880 0.000000 -0.382683
vn -0.831470 0.000000 -0.555570
vn -0.831470 0.000000 -0.555570
vn -0.707107 0.000000 -0.707107
vn -0.707107 0.000000 -0.707107
vn -0.555570 0.000000 -0.831470
vn -0.555570 0.000000 -0.831470
vn -0.382683 0.000000 -0.923880
vn -0.382683 0.000000 -0.923880
vn -0.195090 0.000000 -0.980785
vn -0.195090 0.000000 -0.980785
vn -0.000000 0.000000 -1.000000
vn -0.000000 0.000000 -1.000000
vn 0.195090 0.000000 -0.980785
vn 0.195090 0.000000 -0.980785
vn 0.382683 0.000000 -0.923880
vn 0.382683 0.000000 -0.923880
vn 0.555570 0.000000 -0.831470
vn 0.555570 0.000000 -0.831470
vn 0.707107 0.000000 -0.707107
vn 0.707107 0.000000 -0.707107
vn 0.831470 0.000000 -0.555570
vn 0.831470 0.000000 -0.555570
vn 0.923880 0.000000 -0.382683
vn 0.923880 0.000000 -0.382683
vn 0.980785 0.000000 -0.195090
vn 0.980785 0.000000 -0.195090
vn 0.000000 1.000000 0.000000
vn 0.000000 -1.000000 0.000000
vn 0.000000 1.000000 0.000000
vn 0.000000 -1.000000 0.000000
vn 0.000000 1.000000 0.000000
vn 0.000000 -1.000000 0.000000
vn 0.000000 1.000000 0.000000
vn 0.000000 -1.000000 0.000000
vn 0.000000 1.000000 0.000000
vn 0.000000 -1.000000 0.000000
vn 0.000000 1.000000 0.000000
vn 0.000000 -1.000000 0.000000
vn 0.000000 1.000000 0.000000
vn 0.000000 -1.000000 0.000000
vn 0.000000 1.000000 0.000000
vn 0.000000 -1.000000 0.000000
vn 0.000000 1.000000 0.000000
vn 0.000000 -1.000000 0.000000
vn 0.000000 1.000000 0.000000
vn 0.000000 -1.000000 0.000000
vn 0.000000 1.000000 0.000000
vn 0.000000 -1.000000 0.000000
vn 0.000000 1.000000 0.000000
vn 0.000000 -1.000000 0.000000
vn 0.000000 1.000000 0.000000
vn 0.000000 -1.000000 0.000000
vn 0.000000 1.000000 0.000000
vn 0.000000 -1.000000 0.000000
vn 0.000000 1.000000 0.000000
vn 0.000000 -1.000000 0.000000
vn 0.000000 1.000000 0.000000
vn 0.000000 -1.000000 0.000000
vn 0.000000 1.000000 0.000000
vn 0.000000 -1.000000 0.000000
vn 0.000000 1.000000 0.000000
vn 0.000000 -1.000000 0.000000
vn 0.000000 1.000000 0.000000
vn 0.000000 -1.000000 0.000000
vn 0.000000 1.000000 0.000000
vn 0.000000 -1.000000 0.000000
vn 0.000000 1.000000 0.000000
vn 0.000000 -1.000000 0.000000
vn 0.000000 1.000000 0.000000
vn 0.000000 -1.000000 0.000000
vn 0.000000 1.000000 0.000000
vn 0.000000 -1.000000 0.000000
vn 0.000000 1.000000 0.000000
vn 0.000000 -1.000000 0.000000
vn 0.000000 1.000000 0.000000
vn 0.000000 -1.000000 0.000000
vn 0.000000 1.000000 0.000000
vn 0.000000 -1.000000 0.000000
vn 0.000000 1.000000 0.000000
vn 0.000000 -1.000000 0.000000
vn 0.000000 1.000000 0.000000
vn 0.000000 -1.000000 0.000000
vn 0.000000 1.000000 0.000000
vn 0.000000 -1.000000 0.000000
vn 0.000000 1.000000 0.000000
vn 0.000000 -1.000000 0.000000
vn 0.000000 1.000000 0.000000
vn 0.000000 -1.000000 0.000000
vn 0.000000 1.000000 0.000000
vn 0.000000 -1.000000 0.000000
vn 0.000000 1.000000 0.000000
vn 0.000000 -1.000000 0.000000
vn 1.000000 0.000000 0.000000
vn 1.000000 0.000000 0.000000
vn 0.980785 0.000000 0.195090
vn 0.980785 0.000000 0.195090
vn 0.923880 0.000000 0.382683
vn 0.923880 0.000000 0.382683
vn 0.831470 0.000000 0.555570
vn 0.831470 0.000000 0.555570
vn 0.707107 0.000000 0.707107
vn 0.707107 0.000000 0.707107
vn 0.555570 0.000000 0.831470
vn 0.555570 0.000000 0.831470
vn 0.382683 0.000000 0.923880
vn 0.382683 0.000000 0.923880
vn 0.195090 0.000000 0.980785
vn 0.195090 0.000000 0.980785
vn 0.000000 0.000000 1.000000
vn 0.000000 0.000000 1.000000
vn -0.195090 0.000000 0.980785
vn -0.195090 0.000000 0.980785
vn -0.382683 0.000000 0.923880
vn -0.382683 0.000000 0.923880
vn -0.555570 0.000000 0.831470
vn -0.555570 0.000000 0.831470
vn -0.707107 0.000000 0.707107
vn -0.707107 0.000000 0.707107
vn -0.831470 0.000000 0.555570
vn -0.831470 0.000000 0.555570
vn -0.923880 0.000000 0.382683
vn -0.923880 0.000000 0.382683
vn -0.980785 0.000000 0.195090
vn -0.980785 0.000000 0.195090
vn -1.000000 0.000000 0.000000
vn -1.000000 0.000000 0.000000
vn -0.980785 0.000000 -0.195090
vn -0.980785 0.000000 -0.195090
vn -0.923880 0.000000 -0.382683
vn -0.923880 0.000000 -0.382683
vn -0.831470 0.000000 -0.555570
vn -0.831470 0.000000 -0.555570
vn -0.707107 0.000000 -0.707107
vn -0.707107 0.000000 -0.707107
vn -0.555570 0.000000 -0.831470
vn -0.555570 0.000000 -0.831470
vn -0.382683 0.000000 -0.923880
vn -0.382683 0.000000 -0.923880
vn -0.195090 0.000000 -0.980785
vn -0.195090 0.000000 -0.980785
vn -0.000000 0.000000 -1.000000
vn -0.000000 0.000000 -1.000000
vn 0.195090 0.000000 -0.980785
vn 0.195090 0.000000 -0.980785
vn 0.382683 0.000000 -0.923880
vn 0.382683 0.000000 -0.923880
vn 0.555570 0.000000 -0.831470
vn 0.555570 0.000000 -0.831470
vn 0.707107 0.000000 -0.707107
vn 0.707107 0.000000 -0.707107
vn 0.831470 0.000000 -0.555570
vn 0.831470 0.000000 -0.555570
vn 0.923880 0.000000 -0.382683
vn 0.923880 0.000000 -0.382683
vn 0.980785 0.000000 -0.195090
vn 0.980785 0.000000 -0.195090
vn 0.000000 1.000000 0.000000
vn 0.000000 -1.000000 0.000000
vn 0.000000 1.000000 0.000000
vn 0.000000 -1.000000 0.000000
vn 0.000000 1.000000 0.000000
vn 0.000000 -1.000000 0.000000
vn 0.000000 1.000000 0.000000
vn 0.000000 -1.000000 0.000000
vn 0.000000 1.000000 0.000000
vn 0.000000 -1.000000 0.000000
vn 0.000000 1.000000 0.000000
vn 0.000000 -1.000000 0.000000
vn 0.000000 1.000000 0.000000
vn 0.000000 -1.000000 0.000000
vn 0.000000 1.000000 0.000000
vn 0.000000 -1.000000 0.000000
vn 0.000000 1.000000 0.000000
vn 0.000000 -1.000000 0.000000
vn 0.000000 1.000000 0.000000
vn 0.000000 -1.000000 0.000000
vn 0.000000 1.000000 0.000000
vn 0.000000 -1.000000 0.000000
vn 0.000000 1.000000 0.000000
vn 0.000000 -1.000000 0.000000
vn 0.000000 1.000000 0.000000
vn 0.000000 -1.000000 0.000000
vn 0.000000 1.000000 0.000000
vn 0.000000 -1.000000 0.000000
vn 0.000000 1.000000 0.000000
vn 0.000000 -1.000000 0.000000
vn 0.000000 1.000000 0.000000
vn 0.000000 -1.000000 0.000000
vn 0.000000 1.000000 0.000000
vn 0.000000 -1.000000 0.000000
vn 0.000000 1.000000 0.000000
vn 0.000000 -1.000000 0.000000
vn 0.000000 1.000000 0.000000
vn 0.000000 -1.000000 0.000000
vn 0.000000 1.000000 0.000000
vn 0.000000 -1.000000 0.000000
vn 0.000000 1.000000 0.000000
vn 0.000000 -1.000000 0.000000
vn 0.000000 1.000000 0.000000
vn 0.000000 -1.000000 0.000000
vn 0.000000 1.000000 0.000000
vn 0.000000 -1.000000 0.000000
vn 0.000000 1.000000 0.000000
vn 0.000000 -1.000000 0.000000
vn 0.000000 1.000000 0.000000
vn 0.000000 -1.000000 0.000000
vn 0.000000 1.000000 0.000000
vn 0.000000 -1.000000 0.000000
vn 0.000000 1.000000 0.000000
vn 0.000000 -1.000000 0.000000
vn 0.000000 1.000000 0.000000
vn 0.000000 -1.000000 0.000000
vn 0.000000 1.000000 0.000000
vn 0.000000 -1.000000 0.000000
vn 0.000000 1.000000 0.000000
vn 0.000000 -1.000000 0.000000
vn 0.000000 1.000000 0.000000
vn 0.000000 -1.000000 0.000000
vn 0.000000 1.000000 0.000000
vn 0.000000 -1.000000 0.000000
vn 0.000000 1.000000 0.000000
vn 0.000000 -1.000000 0.000000
vn 1.000000 0.000000 0.000000
vn 0.923880 0.382683 0.000000
vn 0.707107 0.707107 0.000000
vn 0.382683 0.923880 0.000000
vn 0.000000 1.000000 0.000000
vn -0.382683 0.923880 -0.000000
vn -0.707107 0.707107 -0.000000
vn -0.923880 0.382683 -0.000000
vn -1.000000 0.000000 -0.000000
vn -0.923880 -0.382683 -0.000000
vn -0.707107 -0.707107 -0.000000
vn -0.382683 -0.923880 -0.000000
vn -0.000000 -1.000000 -0.000000
vn 0.382683 -0.923880 0.000000
vn 0.707107 -0.707107 0.000000
vn 0.923880 -0.382683 0.000000
vn 0.980785 0.000000 0.195090
vn 0.906127 0.382683 0.180240
vn 0.693520 0.707107 0.137950
vn 0.375330 0.923880 0.074658
vn 0.000000 1.000000 0.000000
vn -0.375330 0.923880 -0.074658
vn -0.693520 0.707107 -0.137950
vn -0.906127 0.382683 -0.180240
vn -0.980785 0.000000 -0.195090
vn -0.906127 -0.382683 -0.180240
vn -0.693520 -0.707107 -0.137950
vn -0.375330 -0.923880 -0.074658
vn -0.000000 -1.000000 -0.000000
vn 0.375330 -0.923880 0.074658
vn 0.693520 -0.707107 0.137950
vn 0.906127 -0.382683 0.180240
vn 0.923880 0.000000 0.382683
vn 0.853553 0.382683 0.353553
vn 0.653281 0.707107 0.270598
vn 0.353553 0.923880 0.146447
vn 0.000000 1.000000 0.000000
vn -0.353553 0.923880 -0.146447
vn -0.653281 0.707107 -0.270598
vn -0.853553 0.382683 -0.353553
vn -0.923880 0.000000 -0.382683
vn -0.853553 -0.382683 -0.353553
vn -0.653281 -0.707107 -0.270598
vn -0.353553 -0.923880 -0.146447
vn -0.000000 -1.000000 -0.000000
vn 0.353553 -0.923880 0.146447
vn 0.653281 -0.707107 0.270598
vn 0.853553 -0.382683 0.353553
vn 0.831470 0.000000 0.555570
vn 0.768178 0.382683 0.513280
vn 0.587938 0.707107 0.392847
vn 0.318190 0.923880 0.212608
vn 0.000000 1.000000 0.000000
vn -0.318190 0.923880 -0.212608
vn -0.587938 0.707107 -0.392847
vn -0.768178 0.382683 -0.513280
vn -0.831470 0.000000 -0.555570
vn -0.768178 -0.382683 -0.513280
vn -0.587938 -0.707107 -0.392847
vn -0.318190 -0.923880 -0.212608
vn -0.000000 -1.000000 -0.000000
vn 0.318190 -0.923880 0.212608
vn 0.587938 -0.707107 0.392847
vn 0.768178 -0.382683 0.513280
vn 0.707107 0.000000 0.707107
vn 0.653281 0.382683 0.653281
vn 0.500000 0.707107 0.500000
vn 0.270598 0.923880 0.270598
vn 0.000000 1.000000 0.000000
vn -0.270598 0.923880 -0.270598
vn -0.500000 0.707107 -0.500000
vn -0.653281 0.382683 -0.653281
vn -0.707107 0.000000 -0.707107
vn -0.653281 -0.382683 -0.653281
vn -0.500000 -0.707107 -0.500000
vn -0.270598 -0.923880 -0.270598
vn -0.000000 -1.000000 -0.000000
vn 0.270598 -0.923880 0.270598
vn 0.500000 -0.707107 0.500000
vn 0.653281 -0.382683 0.653281
vn 0.555570 0.000000 0.831470
vn 0.513280 0.382683 0.768178
vn 0.392847 0.707107 0.587938
vn 0.212608 0.923880 0.318190
vn 0.000000 1.000000 0.000000
vn -0.212608 0.923880 -0.318190
vn -0.392847 0.707107 -0.587938
vn -0.513280 0.382683 -0.768178
vn -0.555570 0.000000 -0.831470
vn -0.513280 -0.382683 -0.768178
vn -0.392847 -0.707107 -0.587938
vn -0.212608 -0.923880 -0.318190
vn -0.000000 -1.000000 -0.000000
vn 0.212608 -0.923880 0.318190
vn 0.392847 -0.707107 0.587938
vn 0.513280 -0.382683 0.768178
vn 0.382683 0.000000 0.923880
vn 0.353553 0.382683 0.853553
vn 0.270598 0.707107 0.653281
vn 0.146447 0.923880 0.353553
vn 0.000000 1.000000 0.000000
vn -0.146447 0.923880 -0.353553
vn -0.270598 0.707107 -0.653281
vn -0.353553 0.382683 -0.853553
vn -0.382683 0.000000 -0.923880
vn -0.353553 -0.382683 -0.853553
vn -0.270598 -0.707107 -0.653281
vn -0.146447 -0.923880 -0.353553
vn -0.000000 -1.000000 -0.000000
vn 0.146447 -0.923880 0.353553
vn 0.270598 -0.707107 0.653281
vn 0.353553 -0.382683 0.853553
vn 0.195090 0.000000 0.980785
vn 0.180240 0.382683 0.906127
vn 0.137950 0.707107 0.693520
vn 0.074658 0.923880 0.375330
vn 0.000000 1.000000 0.000000
vn -0.074658 0.923880 -0.375330
vn -0.137950 0.707107 -0.693520
vn -0.180240 0.382683 -0.906127
vn -0.195090 0.000000 -0.980785
vn -0.180240 -0.382683 -0.906127
vn -0.137950 -0.707107 -0.693520
vn -0.074658 -0.923880 -0.375330
vn -0.000000 -1.000000 -0.000000
vn 0.074658 -0.923880 0.375330
vn 0.137950 -0.707107 0.693520
vn 0.180240 -0.382683 0.906127
vn 0.000000 0.000000 1.000000
vn 0.000000 0.382683 0.923880
vn 0.000000 0.707107 0.707107
vn 0.000000 0.923880 0.382683
vn 0.000000 1.000000 0.000000
vn -0.000000 0.923880 -0.382683
vn -0.000000 0.707107 -0.707107
vn -0.000000 0.382683 -0.923880
vn -0.000000 0.000000 -1.000000
vn -0.000000 -0.382683 -0.923880
vn -0.000000 -0.707107 -0.707107
vn -0.000000 -0.923880 -0.382683
vn -0.000000 -1.000000 -0.000000
vn 0.000000 -0.923880 0.382683
vn 0.000000 -0.707107 0.707107
vn 0.000000 -0.382683 0.923880
vn -0.195090 0.000000 0.980785
vn -0.180240 0.382683 0.906127
vn -0.137950 0.707107 0.693520
vn -0.074658 0.923880 0.375330
vn -0.000000 1.000000 0.000000
vn 0.074658 0.923880 -0.375330
vn 0.137950 0.707107 -0.693520
vn 0.180240 0.382683 -0.906127
vn 0.195090 0.000000 -0.980785
vn 0.180240 -0.382683 -0.906127
vn 0.137950 -0.707107 -0.693520
vn 0.074658 -0.923880 -0.375330
vn 0.000000 -1.000000 -0.000000
vn -0.074658 -0.923880 0.375330
vn -0.137950 -0.707107 0.693520
vn -0.180240 -0.382683 0.906127
vn -0.382683 0.000000 0.923880
vn -0.353553 0.382683 0.853553
vn -0.270598 0.707107 0.653281
vn -0.146447 0.923880 0.353553
vn -0.000000 1.000000 0.000000
vn 0.146447 0.923880 -0.353553
vn 0.270598 0.707107 -0.653281
vn 0.353553 0.382683 -0.853553
vn 0.382683 0.000000 -0.923880
vn 0.353553 -0.382683 -0.853553
vn 0.270598 -0.707107 -0.653281
vn 0.146447 -0.923880 -0.353553
vn 0.000000 -1.000000 -0.000000
vn -0.146447 -0.923880 0.353553
vn -0.270598 -0.707107 0.653281
vn -0.353553 -0.382683 0.853553
vn -0.555570 0.000000 0.831470
vn -0.513280 0.382683 0.768178
vn -0.392847 0.707107 0.587938
vn -0.212608 0.923880 0.318190
vn -0.000000 1.000000 0.000000
vn 0.212608 0.923880 -0.318190
vn 0.392847 0.707107 -0.587938
vn 0.513280 0.382683 -0.768178
vn 0.555570 0.000000 -0.831470
vn 0.513280 -0.382683 -0.768178
vn 0.392847 -0.707107 -0.587938
vn 0.212608 -0.923880 -0.318190
vn 0.000000 -1.000000 -0.000000
vn -0.212608 -0.923880 0.318190
vn -0.392847 -0.707107 0.587938
vn -0.513280 -0.382683 0.768178
vn -0.707107 0.000000 0.707107
vn -0.653281 0.382683 0.653281
vn -0.500000 0.707107 0.500000
vn -0.270598 0.923880 0.270598
vn -0.000000 1.000000 0.000000
vn 0.270598 0.923880 -0.270598
vn 0.500000 0.707107 -0.500000
vn 0.653281 0.382683 -0.653281
vn 0.707107 0.000000 -0.707107
vn 0.653281 -0.382683 -0.653281
vn 0.500000 -0.707107 -0.500000
vn 0.270598 -0.923880 -0.270598
vn 0.000000 -1.000000 -0.000000
vn -0.270598 -0.923880 0.270598
vn -0.500000 -0.707107 0.500000
vn -0.653281 -0.382683 0.653281
vn -0.831470 0.000000 0.555570
vn -0.768178 0.382683 0.513280
vn -0.587938 0.707107 0.392847
vn -0.318190 0.923880 0.212608
vn -0.000000 1.000000 0.000000
vn 0.318190 0.923880 -0.212608
vn 0.587938 0.707107 -0.392847
vn 0.768178 0.382683 -0.513280
vn 0.831470 0.000000 -0.555570
vn 0.768178 -0.382683 -0.513280
vn 0.587938 -0.707107 -0.392847
vn 0.318190 -0.923880 -0.212608
vn 0.000000 -1.000000 -0.000000
vn -0.318190 -0.923880 0.212608
vn -0.587938 -0.707107 0.392847
vn -0.768178 -0.382683 0.513280
vn -0.923880 0.000000 0.382683
vn -0.853553 0.382683 0.353553
vn -0.653281 0.707107 0.270598
vn -0.353553 0.923880 0.146447
vn -0.000000 1.000000 0.000000
vn 0.353553 0.923880 -0.146447
vn 0.653281 0.707107 -0.270598
vn 0.853553 0.382683 -0.353553
vn 0.923880 0.000000 -0.382683
vn 0.853553 -0.382683 -0.353553
vn 0.653281 -0.707107 -0.270598
vn 0.353553 -0.923880 -0.146447
vn 0.000000 -1.000000 -0.000000
vn -0.353553 -0.923880 0.146447
vn -0.653281 -0.707107 0.270598
vn -0.853553 -0.382683 0.353553
vn -0.980785 0.000000 0.195090
vn -0.906127 0.382683 0.180240
vn -0.693520 0.707107 0.137950
vn -0.375330 0.923880 0.074658
vn -0.000000 1.000000 0.000000
vn 0.375330 0.923880 -0.074658
vn 0.693520 0.707107 -0.137950
vn 0.906127 0.382683 -0.180240
vn 0.980785 0.000000 -0.195090
vn 0.906127 -0.382683 -0.180240
vn 0.693520 -0.707107 -0.137950
vn 0.375330 -0.923880 -0.074658
vn 0.000000 -1.000000 -0.000000
vn -0.375330 -0.923880 0.074658
vn -0.693520 -0.707107 0.137950
vn -0.906127 -0.382683 0.180240
vn -1.000000 0.000000 0.000000
vn -0.923880 0.382683 0.000000
vn -0.707107 0.707107 0.000000
vn -0.382683 0.923880 0.000000
vn -0.000000 1.000000 0.000000
vn 0.382683 0.923880 -0.000000
vn 0.707107 0.707107 -0.000000
vn 0.923880 0.382683 -0.000000
vn 1.000000 0.000000 -0.000000
vn 0.923880 -0.382683 -0.000000
vn 0.707107 -0.707107 -0.000000
vn 0.382683 -0.923880 -0.000000
vn 0.000000 -1.000000 -0.000000
vn -0.382683 -0.923880 0.000000
vn -0.707107 -0.707107 0.000000
vn -0.923880 -0.382683 0.000000
vn -0.980785 0.000000 -0.195090
vn -0.906127 0.382683 -0.180240
vn -0.693520 0.707107 -0.137950
vn -0.375330 0.923880 -0.074658
vn -0.000000 1.000000 -0.000000
vn 0.375330 0.923880 0.074658
vn 0.693520 0.707107 0.137950
vn 0.906127 0.382683 0.180240
vn 0.980785 0.000000 0.195090
vn 0.906127 -0.382683 0.180240
vn 0.693520 -0.707107 0.137950
vn 0.375330 -0.923880 0.074658
vn 0.000000 -1.000000 0.000000
vn -0.375330 -0.923880 -0.074658
vn -0.693520 -0.707107 -0.137950
vn -0.906127 -0.382683 -0.180240
vn -0.923880 0.000000 -0.382683
vn -0.853553 0.382683 -0.353553
vn -0.653281 0.707107 -0.270598
vn -0.353553 0.923880 -0.146447
vn -0.000000 1.000000 -0.000000
vn 0.353553 0.923880 0.146447
vn 0.653281 0.707107 0.270598
vn 0.853553 0.382683 0.353553
vn 0.923880 0.000000 0.382683
vn 0.853553 -0.382683 0.353553
vn 0.653281 -0.707107 0.270598
vn 0.353553 -0.923880 0.146447
vn 0.000000 -1.000000 0.000000
vn -0.353553 -0.923880 -0.146447
vn -0.653281 -0.707107 -0.270598
vn -0.853553 -0.382683 -0.353553
vn -0.831470 0.000000 -0.555570
vn -0.768178 0.382683 -0.513280
vn -0.587938 0.707107 -0.392847
vn -0.318190 0.923880 -0.212608
vn -0.000000 1.000000 -0.000000
vn 0.318190 0.923880 0.212608
vn 0.587938 0.707107 0.392847
vn 0.768178 0.382683 0.513280
vn 0.831470 0.000000 0.555570
vn 0.768178 -0.382683 0.513280
vn 0.587938 -0.707107 0.392847
vn 0.318190 -0.923880 0.212608
vn 0.000000 -1.000000 0.000000
vn -0.318190 -0.923880 -0.212608
vn -0.587938 -0.707107 -0.392847
vn -0.768178 -0.382683 -0.513280
vn -0.707107 0.000000 -0.707107
vn -0.653281 0.382683 -0.653281
vn -0.500000 0.707107 -0.500000
vn -0.270598 0.923880 -0.270598
vn -0.000000 1.000000 -0.000000
vn 0.270598 0.923880 0.270598
vn 0.500000 0.707107 0.500000
vn 0.653281 0.382683 0.653281
vn 0.707107 0.000000 0.707107
vn 0.653281 -0.382683 0.653281
vn 0.500000 -0.707107 0.500000
vn 0.270598 -0.923880 0.270598
vn 0.000000 -1.000000 0.000000
vn -0.270598 -0.923880 -0.270598
vn -0.500000 -0.707107 -0.500000
vn -0.653281 -0.382683 -0.653281
vn -0.555570 0.000000 -0.831470
vn -0.513280 0.382683 -0.768178
vn -0.392847 0.707107 -0.587938
vn -0.212608 0.923880 -0.318190
vn -0.000000 1.000000 -0.000000
vn 0.212608 0.923880 0.318190
vn 0.392847 0.707107 0.587938
vn 0.513280 0.382683 0.768178
vn 0.555570 0.000000 0.831470
vn 0.513280 -0.382683 0.768178
vn 0.392847 -0.707107 0.587938
vn 0.212608 -0.923880 0.318190
vn 0.000000 -1.000000 0.000000
vn -0.212608 -0.923880 -0.318190
vn -0.392847 -0.707107 -0.587938
vn -0.513280 -0.382683 -0.768178
vn -0.382683 0.000000 -0.923880
vn -0.353553 0.382683 -0.853553
vn -0.270598 0.707107 -0.653281
vn -0.146447 0.923880 -0.353553
vn -0.000000 1.000000 -0.000000
vn 0.146447 0.923880 0.353553
vn 0.270598 0.707107 0.653281
vn 0.353553 0.382683 0.853553
vn 0.382683 0.000000 0.923880
vn 0.353553 -0.382683 0.853553
vn 0.270598 -0.707107 0.653281
vn 0.146447 -0.923880 0.353553
vn 0.000000 -1.000000 0.000000
vn -0.146447 -0.923880 -0.353553
vn -0.270598 -0.707107 -0.653281
vn -0.353553 -0.382683 -0.853553
vn -0.195090 0.000000 -0.980785
vn -0.180240 0.382683 -0.906127
vn -0.137950 0.707107 -0.693520
vn -0.074658 0.923880 -0.375330
vn -0.000000 1.000000 -0.000000
vn 0.074658 0.923880 0.375330
vn 0.137950 0.707107 0.693520
vn 0.180240 0.382683 0.906127
vn 0.195090 0.000000 0.980785
vn 0.180240 -0.382683 0.906127
vn 0.137950 -0.707107 0.693520
vn 0.074658 -0.923880 0.375330
vn 0.000000 -1.000000 0.000000
vn -0.074658 -0.923880 -0.375330
vn -0.137950 -0.707107 -0.693520
vn -0.180240 -0.382683 -0.906127
vn -0.000000 0.000000 -1.000000
vn -0.000000 0.382683 -0.923880
vn -0.000000 0.707107 -0.707107
vn -0.000000 0.923880 -0.382683
vn -0.000000 1.000000 -0.000000
vn 0.000000 0.923880 0.382683
vn 0.000000 0.707107 0.707107
vn 0.000000 0.382683 0.923880
vn 0.000000 0.000000 1.000000
vn 0.000000 -0.382683 0.923880
vn 0.000000 -0.707107 0.707107
vn 0.000000 -0.923880 0.382683
vn 0.000000 -1.000000 0.000000
vn -0.000000 -0.923880 -0.382683
vn -0.000000 -0.707107 -0.707107
vn -0.000000 -0.382683 -0.923880
vn 0.195090 0.000000 -0.980785
vn 0.180240 0.382683 -0.906127
vn 0.137950 0.707107 -0.693520
vn 0.074658 0.923880 -0.375330
vn 0.000000 1.000000 -0.000000
vn -0.074658 0.923880 0.375330
vn -0.137950 0.707107 0.693520
vn -0.180240 0.382683 0.906127
vn -0.195090 0.000000 0.980785
vn -0.180240 -0.382683 0.906127
vn -0.137950 -0.707107 0.693520
vn -0.074658 -0.923880 0.375330
vn -0.000000 -1.000000 0.000000
vn 0.074658 -0.923880 -0.375330
vn 0.137950 -0.707107 -0.693520
vn 0.180240 -0.382683 -0.906127
vn 0.382683 0.000000 -0.923880
vn 0.353553 0.382683 -0.853553
vn 0.270598 0.707107 -0.653281
vn 0.146447 0.923880 -0.353553
vn 0.000000 1.000000 -0.000000
vn -0.146447 0.923880 0.353553
vn -0.270598 0.707107 0.653281
vn -0.353553 0.382683 0.853553
vn -0.382683 0.000000 0.923880
vn -0.353553 -0.382683 0.853553
vn -0.270598 -0.707107 0.653281
vn -0.146447 -0.923880 0.353553
vn -0.000000 -1.000000 0.000000
vn 0.146447 -0.923880 -0.353553
vn 0.270598 -0.707107 -0.653281
vn 0.353553 -0.382683 -0.853553
vn 0.555570 0.000000 -0.831470
vn 0.513280 0.382683 -0.768178
vn 0.392847 0.707107 -0.587938
vn 0.212608 0.923880 -0.318190
vn 0.000000 1.000000 -0.000000
vn -0.212608 0.923880 0.318190
vn -0.392847 0.707107 0.587938
vn -0.513280 0.382683 0.768178
vn -0.555570 0.000000 0.831470
vn -0.513280 -0.382683 0.768178
vn -0.392847 -0.707107 0.587938
vn -0.212608 -0.923880 0.318190
vn -0.000000 -1.000000 0.000000
vn 0.212608 -0.923880 -0.318190
vn 0.392847 -0.707107 -0.587938
vn 0.513280 -0.382683 -0.768178
vn 0.707107 0.000000 -0.707107
vn 0.653281 0.382683 -0.653281
vn 0.500000 0.707107 -0.500000
vn 0.270598 0.923880 -0.270598
vn 0.000000 1.000000 -0.000000
vn -0.270598 0.923880 0.270598
vn -0.500000 0.707107 0.500000
vn -0.653281 0.382683 0.653281
vn -0.707107 0.000000 0.707107
vn -0.653281 -0.382683 0.653281
vn -0.500000 -0.707107 0.500000
vn -0.270598 -0.923880 0.270598
vn -0.000000 -1.000000 0.000000
vn 0.270598 -0.923880 -0.270598
vn 0.500000 -0.707107 -0.500000
vn 0.653281 -0.382683 -0.653281
vn 0.831470 0.000000 -0.555570
vn 0.768178 0.382683 -0.513280
vn 0.587938 0.707107 -0.392847
vn 0.318190 0.923880 -0.212608
vn 0.000000 1.000000 -0.000000
vn -0.318190 0.923880 0.212608
vn -0.587938 0.707107 0.392847
vn -0.768178 0.382683 0.513280
vn -0.831470 0.000000 0.555570
vn -0.768178 -0.382683 0.513280
vn -0.587938 -0.707107 0.392847
vn -0.318190 -0.923880 0.212608
vn -0.000000 -1.000000 0.000000
vn 0.318190 -0.923880 -0.212608
vn 0.587938 -0.707107 -0.392847
vn 0.768178 -0.382683 -0.513280
vn 0.923880 0.000000 -0.382683
vn 0.853553 0.382683 -0.353553
vn 0.653281 0.707107 -0.270598
vn 0.353553 0.923880 -0.146447
vn 0.000000 1.000000 -0.000000
vn -0.353553 0.923880 0.146447
vn -0.653281 0.707107 0.270598
vn -0.853553 0.382683 0.353553
vn -0.923880 0.000000 0.382683
vn -0.853553 -0.382683 0.353553
vn -0.653281 -0.707107 0.270598
vn -0.353553 -0.923880 0.146447
vn -0.000000 -1.000000 0.000000
vn 0.353553 -0.923880 -0.146447
vn 0.653281 -0.707107 -0.270598
vn 0.853553 -0.382683 -0.353553
vn 0.980785 0.000000 -0.195090
vn 0.906127 0.382683 -0.180240
vn 0.693520 0.707107 -0.137950
vn 0.375330 0.923880 -0.074658
vn 0.000000 1.000000 -0.000000
vn -0.375330 0.923880 0.074658
vn -0.693520 0.707107 0.137950
vn -0.906127 0.382683 0.180240
vn -0.980785 0.000000 0.195090
vn -0.906127 -0.382683 0.180240
vn -0.693520 -0.707107 0.137950
vn -0.375330 -0.923880 0.074658
vn -0.000000 -1.000000 0.000000
vn 0.375330 -0.923880 -0.074658
vn 0.693520 -0.707107 -0.137950
vn 0.906127 -0.382683 -0.180240
vn 1.000000 0.000000 0.000000
vn 1.000000 0.000000 0.000000
vn 0.965926 0.000000 0.258819
vn 0.965926 0.000000 0.258819
vn 0.866025 0.000000 0.500000
vn 0.866025 0.000000 0.500000
vn 0.707107 0.000000 0.707107
vn 0.707107 0.000000 0.707107
vn 0.500000 0.000000 0.866025
vn 0.500000 0.000000 0.866025
vn 0.258819 0.000000 0.965926
vn 0.258819 0.000000 0.965926
vn 0.000000 0.000000 1.000000
vn 0.000000 0.000000 1.000000
vn -0.258819 0.000000 0.965926
vn -0.258819 0.000000 0.965926
vn -0.500000 0.000000 0.866025
vn -0.500000 0.000000 0.866025
vn -0.707107 0.000000 0.707107
vn -0.707107 0.000000 0.707107
vn -0.866025 0.000000 0.500000
vn -0.866025 0.000000 0.500000
vn -0.965926 0.000000 0.258819
vn -0.965926 0.000000 0.258819
vn -1.000000 0.000000 0.000000
vn -1.000000 0.000000 0.000000
vn -0.965926 0.000000 -0.258819
vn -0.965926 0.000000 -0.258819
vn -0.866025 0.000000 -0.500000
vn -0.866025 0.000000 -0.500000
vn -0.707107 0.000000 -0.707107
vn -0.707107 0.000000 -0.707107
vn -0.500000 0.000000 -0.866025
vn -0.500000 0.000000 -0.866025
vn -0.258819 0.000000 -0.965926
vn -0.258819 0.000000 -0.965926
vn -0.000000 0.000000 -1.000000
vn -0.000000 0.000000 -1.000000
vn 0.258819 0.000000 -0.965926
vn 0.258819 0.000000 -0.965926
vn 0.500000 0.000000 -0.866025
vn 0.500000 0.000000 -0.866025
vn 0.707107 0.000000 -0.707107
vn 0.707107 0.000000 -0.707107
vn 0.866025 0.000000 -0.500000
vn 0.866025 0.000000 -0.500000
vn 0.965926 0.000000 -0.258819
vn 0.965926 0.000000 -0.258819
vn 0.000000 1.000000 0.000000
vn 0.000000 -1.000000 0.000000
vn 0.000000 1.000000 0.000000
vn 0.000000 -1.000000 0.000000
vn 0.000000 1.000000 0.000000
vn 0.000000 -1.000000 0.000000
vn 0.000000 1.000000 0.000000
vn 0.000000 -1.000000 0.000000
vn 0.000000 1.000000 0.000000
vn 0.000000 -1.000000 0.000000
vn 0.000000 1.000000 0.000000
vn 0.000000 -1.000000 0.000000
vn 0.000000 1.000000 0.000000
vn 0.000000 -1.000000 0.000000
vn 0.000000 1.000000 0.000000
vn 0.000000 -1.000000 0.000000
vn 0.000000 1.000000 0.000000
vn 0.000000 -1.000000 0.000000
vn 0.000000 1.000000 0.000000
vn 0.000000 -1.000000 0.000000
vn 0.000000 1.000000 0.000000
vn 0.000000 -1.000000 0.000000
vn 0.000000 1.000000 0.000000
vn 0.000000 -1.000000 0.000000
vn 0.000000 1.000000 0.000000
vn 0.000000 -1.000000 0.000000
vn 0.000000 1.000000 0.000000
vn 0.000000 -1.000000 0.000000
vn 0.000000 1.000000 0.000000
vn 0.000000 -1.000000 0.000000
vn 0.000000 1.000000 0.000000
vn 0.000000 -1.000000 0.000000
vn 0.000000 1.000000 0.000000
vn 0.000000 -1.000000 0.000000
vn 0.000000 1.000000 0.000000
vn 0.000000 -1.000000 0.000000
vn 0.000000 1.000000 0.000000
vn 0.000000 -1.000000 0.000000
vn 0.000000 1.000000 0.000000
vn 0.000000 -1.000000 0.000000
vn 0.000000 1.000000 0.000000
vn 0.000000 -1.000000 0.000000
vn 0.000000 1.000000 0.000000
vn 0.000000 -1.000000 0.000000
vn 0.000000 1.000000 0.000000
vn 0.000000 -1.000000 0.000000
vn 0.000000 1.000000 0.000000
vn 0.000000 -1.000000 0.000000
vn 0.000000 1.000000 0.000000
vn 0.000000 -1.000000 0.000000
vn 1.000000 0.000000 0.000000
vn 0.866025 0.500000 0.000000
vn 0.500000 0.866025 0.000000
vn 0.000000 1.000000 0.000000
vn -0.500000 0.866025 -0.000000
vn -0.866025 0.500000 -0.000000
vn -1.000000 0.000000 -0.000000
vn -0.866025 -0.500000 -0.000000
vn -0.500000 -0.866025 -0.000000
vn -0.000000 -1.000000 -0.000000
vn 0.500000 -0.866025 0.000000
vn 0.866025 -0.500000 0.000000
vn 0.965926 0.000000 0.258819
vn 0.836516 0.500000 0.224144
vn 0.482963 0.866025 0.129410
vn 0.000000 1.000000 0.000000
vn -0.482963 0.866025 -0.129410
vn -0.836516 0.500000 -0.224144
vn -0.965926 0.000000 -0.258819
vn -0.836516 -0.500000 -0.224144
vn -0.482963 -0.866025 -0.129410
vn -0.000000 -1.000000 -0.000000
vn 0.482963 -0.866025 0.129410
vn 0.836516 -0.500000 0.224144
vn 0.866025 0.000000 0.500000
vn 0.750000 0.500000 0.433013
vn 0.433013 0.866025 0.250000
vn 0.000000 1.000000 0.000000
vn -0.433013 0.866025 -0.250000
vn -0.750000 0.500000 -0.433013
vn -0.866025 0.000000 -0.500000
vn -0.750000 -0.500000 -0.433013
vn -0.433013 -0.866025 -0.250000
vn -0.000000 -1.000000 -0.000000
vn 0.433013 -0.866025 0.250000
vn 0.750000 -0.500000 0.433013
vn 0.707107 0.000000 0.707107
vn 0.612372 0.500000 0.612372
vn 0.353553 0.866025 0.353553
vn 0.000000 1.000000 0.000000
vn -0.353553 0.866025 -0.353553
vn -0.612372 0.500000 -0.612372
vn -0.707107 0.000000 -0.707107
vn -0.612372 -0.500000 -0.612372
vn -0.353553 -0.866025 -0.353553
vn -0.000000 -1.000000 -0.000000
vn 0.353553 -0.866025 0.353553
vn 0.612372 -0.500000 0.612372
vn 0.500000 0.000000 0.866025
vn 0.433013 0.500000 0.750000
vn 0.250000 0.866025 0.433013
vn 0.000000 1.000000 0.000000
vn -0.250000 0.866025 -0.433013
vn -0.433013 0.500000 -0.750000
vn -0.500000 0.000000 -0.866025
vn -0.433013 -0.500000 -0.750000
vn -0.250000 -0.866025 -0.433013
vn -0.000000 -1.000000 -0.000000
vn 0.250000 -0.866025 0.433013
vn 0.433013 -0.500000 0.750000
vn 0.258819 0.000000 0.965926
vn 0.224144 0.500000 0.836516
vn 0.129410 0.866025 0.482963
vn 0.000000 1.000000 0.000000
vn -0.129410 0.866025 -0.482963
vn -0.224144 0.500000 -0.836516
vn -0.258819 0.000000 -0.965926
vn -0.224144 -0.500000 -0.836516
vn -0.129410 -0.866025 -0.482963
vn -0.000000 -1.000000 -0.000000
vn 0.129410 -0.866025 0.482963
vn 0.224144 -0.500000 0.836516
vn 0.000000 0.000000 1.000000
vn 0.000000 0.500000 0.866025
vn 0.000000 0.866025 0.500000
vn 0.000000 1.000000 0.000000
vn -0.000000 0.866025 -0.500000
vn -0.000000 0.500000 -0.866025
vn -0.000000 0.000000 -1.000000
vn -0.000000 -0.500000 -0.866025
vn -0.000000 -0.866025 -0.500000
vn -0.000000 -1.000000 -0.000000
vn 0.000000 -0.866025 0.500000
vn 0.000000 -0.500000 0.866025
vn -0.258819 0.000000 0.965926
vn -0.224144 0.500000 0.836516
vn -0.129410 0.866025 0.482963
vn -0.000000 1.000000 0.000000
vn 0.129410 0.866025 -0.482963
vn 0.224144 0.500000 -0.836516
vn 0.258819 0.000000 -0.965926
vn 0.224144 -0.500000 -0.836516
vn 0.129410 -0.866025 -0.482963
vn 0.000000 -1.000000 -0.000000
vn -0.129410 -0.866025 0.482963
vn -0.224144 -0.500000 0.836516
vn -0.500000 0.000000 0.866025
vn -0.433013 0.500000 0.750000
vn -0.250000 0.866025 0.433013
vn -0.000000 1.000000 0.000000
vn 0.250000 0.866025 -0.433013
vn 0.433013 0.500000 -0.750000
vn 0.500000 0.000000 -0.866025
vn 0.433013 -0.500000 -0.750000
vn 0.250000 -0.866025 -0.433013
vn 0.000000 -1.000000 -0.000000
vn -0.250000 -0.866025 0.433013
vn -0.433013 -0.500000 0.750000
vn -0.707107 0.000000 0.707107
vn -0.612372 0.500000 0.612372
vn -0.353553 0.866025 0.353553
vn -0.000000 1.000000 0.000000
vn 0.353553 0.866025 -0.353553
vn 0.612372 0.500000 -0.612372
vn 0.707107 0.000000 -0.707107
vn 0.612372 -0.500000 -0.612372
vn 0.353553 -0.866025 -0.353553
vn 0.000000 -1.000000 -0.000000
vn -0.353553 -0.866025 0.353553
vn -0.612372 -0.500000 0.612372
vn -0.866025 0.000000 0.500000
vn -0.750000 0.500000 0.433013
vn -0.433013 0.866025 0.250000
vn -0.000000 1.000000 0.000000
vn 0.433013 0.866025 -0.250000
vn 0.750000 0.500000 -0.433013
vn 0.866025 0.000000 -0.500000
vn 0.750000 -0.500000 -0.433013
vn 0.433013 -0.866025 -0.250000
vn 0.000000 -1.000000 -0.000000
vn -0.433013 -0.866025 0.250000
vn -0.750000 -0.500000 0.433013
vn -0.965926 0.000000 0.258819
vn -0.836516 0.500000 0.224144
vn -0.482963 0.866025 0.129410
vn -0.000000 1.000000 0.000000
vn 0.482963 0.866025 -0.129410
vn 0.836516 0.500000 -0.224144
vn 0.965926 0.000000 -0.258819
vn 0.836516 -0.500000 -0.224144
vn 0.482963 -0.866025 -0.129410
vn 0.000000 -1.000000 -0.000000
vn -0.482963 -0.866025 0.129410
vn -0.836516 -0.500000 0.224144
vn -1.000000 0.000000 0.000000
vn -0.866025 0.500000 0.000000
vn -0.500000 0.866025 0.000000
vn -0.000000 1.000000 0.000000
vn 0.500000 0.866025 -0.000000
vn 0.866025 0.500000 -0.000000
vn 1.000000 0.000000 -0.000000
vn 0.866025 -0.500000 -0.000000
vn 0.500000 -0.866025 -0.000000
vn 0.000000 -1.000000 -0.000000
vn -0.500000 -0.866025 0.000000
vn -0.866025 -0.500000 0.000000
vn -0.965926 0.000000 -0.258819
vn -0.836516 0.500000 -0.224144
vn -0.482963 0.866025 -0.129410
vn -0.000000 1.000000 -0.000000
vn 0.482963 0.866025 0.129410
vn 0.836516 0.500000 0.224144
vn 0.965926 0.000000 0.258819
vn 0.836516 -0.500000 0.224144
vn 0.482963 -0.866025 0.129410
vn 0.000000 -1.000000 0.000000
vn -0.482963 -0.866025 -0.129410
vn -0.836516 -0.500000 -0.224144
vn -0.866025 0.000000 -0.500000
vn -0.750000 0.500000 -0.433013
vn -0.433013 0.866025 -0.250000
vn -0.000000 1.000000 -0.000000
vn 0.433013 0.866025 0.250000
vn 0.750000 0.500000 0.433013
vn 0.866025 0.000000 0.500000
vn 0.750000 -0.500000 0.433013
vn 0.433013 -0.866025 0.250000
vn 0.000000 -1.000000 0.000000
vn -0.433013 -0.866025 -0.250000
vn -0.750000 -0.500000 -0.433013
vn -0.707107 0.000000 -0.707107
vn -0.612372 0.500000 -0.612372
vn -0.353553 0.866025 -0.353553
vn -0.000000 1.000000 -0.000000
vn 0.353553 0.866025 0.353553
vn 0.612372 0.500000 0.612372
vn 0.707107 0.000000 0.707107
vn 0.612372 -0.500000 0.612372
vn 0.353553 -0.866025 0.353553
vn 0.000000 -1.000000 0.000000
vn -0.353553 -0.866025 -0.353553
vn -0.612372 -0.500000 -0.612372
vn -0.500000 0.000000 -0.866025
vn -0.433013 0.500000 -0.750000
vn -0.250000 0.866025 -0.433013
vn -0.000000 1.000000 -0.000000
vn 0.250000 0.866025 0.433013
vn 0.433013 0.500000 0.750000
vn 0.500000 0.000000 0.866025
vn 0.433013 -0.500000 0.750000
vn 0.250000 -0.866025 0.433013
vn 0.000000 -1.000000 0.000000
vn -0.250000 -0.866025 -0.433013
vn -0.433013 -0.500000 -0.750000
vn -0.258819 0.000000 -0.965926
vn -0.224144 0.500000 -0.836516
vn -0.129410 0.866025 -0.482963
vn -0.000000 1.000000 -0.000000
vn 0.129410 0.866025 0.482963
vn 0.224144 0.500000 0.836516
vn 0.258819 0.000000 0.965926
vn 0.224144 -0.500000 0.836516
vn 0.129410 -0.866025 0.482963
vn 0.000000 -1.000000 0.000000
vn -0.129410 -0.866025 -0.482963
vn -0.224144 -0.500000 -0.836516
vn -0.000000 0.000000 -1.000000
vn -0.000000 0.500000 -0.866025
vn -0.000000 0.866025 -0.500000
vn -0.000000 1.000000 -0.000000
vn 0.000000 0.866025 0.500000
vn 0.000000 0.500000 0.866025
vn 0.000000 0.000000 1.000000
vn 0.000000 -0.500000 0.866025
vn 0.000000 -0.866025 0.500000
vn 0.000000 -1.000000 0.000000
vn -0.000000 -0.866025 -0.500000
vn -0.000000 -0.500000 -0.866025
vn 0.258819 0.000000 -0.965926
vn 0.224144 0.500000 -0.836516
vn 0.129410 0.866025 -0.482963
vn 0.000000 1.000000 -0.000000
vn -0.129410 0.866025 0.482963
vn -0.224144 0.500000 0.836516
vn -0.258819 0.000000 0.965926
vn -0.224144 -0.500000 0.836516
vn -0.129410 -0.866025 0.482963
vn -0.000000 -1.000000 0.000000
vn 0.129410 -0.866025 -0.482963
vn 0.224144 -0.500000 -0.836516
vn 0.500000 0.000000 -0.866025
vn 0.433013 0.500000 -0.750000
vn 0.250000 0.866025 -0.433013
vn 0.000000 1.000000 -0.000000
vn -0.250000 0.866025 0.433013
vn -0.433013 0.500000 0.750000
vn -0.500000 0.000000 0.866025
vn -0.433013 -0.500000 0.750000
vn -0.250000 -0.866025 0.433013
vn -0.000000 -1.000000 0.000000
vn 0.250000 -0.866025 -0.433013
vn 0.433013 -0.500000 -0.750000
vn 0.707107 0.000000 -0.707107
vn 0.612372 0.500000 -0.612372
vn 0.353553 0.866025 -0.353553
vn 0.000000 1.000000 -0.000000
vn -0.353553 0.866025 0.353553
vn -0.612372 0.500000 0.612372
vn -0.707107 0.000000 0.707107
vn -0.612372 -0.500000 0.612372
vn -0.353553 -0.866025 0.353553
vn -0.000000 -1.000000 0.000000
vn 0.353553 -0.866025 -0.353553
vn 0.612372 -0.500000 -0.612372
vn 0.866025 0.000000 -0.500000
vn 0.750000 0.500000 -0.433013
vn 0.433013 0.866025 -0.250000
vn 0.000000 1.000000 -0.000000
vn -0.433013 0.866025 0.250000
vn -0.750000 0.500000 0.433013
vn -0.866025 0.000000 0.500000
vn -0.750000 -0.500000 0.433013
vn -0.433013 -0.866025 0.250000
vn -0.000000 -1.000000 0.000000
vn 0.433013 -0.866025 -0.250000
vn 0.750000 -0.500000 -0.433013
vn 0.965926 0.000000 -0.258819
vn 0.836516 0.500000 -0.224144
vn 0.482963 0.866025 -0.129410
vn 0.000000 1.000000 -0.000000
vn -0.482963 0.866025 0.129410
vn -0.836516 0.500000 0.224144
vn -0.965926 0.000000 0.258819
vn -0.836516 -0.500000 0.224144
vn -0.482963 -0.866025 0.129410
vn -0.000000 -1.000000 0.000000
vn 0.482963 -0.866025 -0.129410
vn 0.836516 -0.500000 -0.224144
vn 1.000000 0.000000 0.000000
vn 1.000000 0.000000 0.000000
vn 0.866025 0.000000 0.500000
vn 0.866025 0.000000 0.500000
vn 0.500000 0.000000 0.866025
vn 0.500000 0.000000 0.866025
vn 0.000000 0.000000 1.000000
vn 0.000000 0.000000 1.000000
vn -0.500000 0.000000 0.866025
vn -0.500000 0.000000 0.866025
vn -0.866025 0.000000 0.500000
vn -0.866025 0.000000 0.500000
vn -1.000000 0.000000 0.000000
vn -1.000000 0.000000 0.000000
vn -0.866025 0.000000 -0.500000
vn -0.866025 0.000000 -0.500000
vn -0.500000 0.000000 -0.866025
vn -0.500000 0.000000 -0.866025
vn -0.000000 0.000000 -1.000000
vn -0.000000 0.000000 -1.000000
vn 0.500000 0.000000 -0.866025
vn 0.500000 0.000000 -0.866025
vn 0.866025 0.000000 -0.500000
vn 0.866025 0.000000 -0.500000
vn 0.000000 1.000000 0.000000
vn 0.000000 -1.000000 0.000000
vn 0.000000 1.000000 0.000000
vn 0.000000 -1.000000 0.000000
vn 0.000000 1.000000 0.000000
vn 0.000000 -1.000000 0.000000
vn 0.000000 1.000000 0.000000
vn 0.000000 -1.000000 0.000000
vn 0.000000 1.000000 0.000000
vn 0.000000 -1.000000 0.000000
vn 0.000000 1.000000 0.000000
vn 0.000000 -1.000000 0.000000
vn 0.000000 1.000000 0.000000
vn 0.000000 -1.000000 0.000000
vn 0.000000 1.000000 0.000000
vn 0.000000 -1.000000 0.000000
vn 0.000000 1.000000 0.000000
vn 0.000000 -1.000000 0.000000
vn 0.000000 1.000000 0.000000
vn 0.000000 -1.000000 0.000000
vn 0.000000 1.000000 0.000000
vn 0.000000 -1.000000 0.000000
vn 0.000000 1.000000 0.000000
vn 0.000000 -1.000000 0.000000
vn 0.000000 1.000000 0.000000
vn 0.000000 -1.000000 0.000000
vn 1.000000 0.000000 0.000000
vn 1.000000 0.000000 0.000000
vn 0.866025 0.000000 0.500000
vn 0.866025 0.000000 0.500000
vn 0.500000 0.000000 0.866025
vn 0.500000 0.000000 0.866025
vn 0.000000 0.000000 1.000000
vn 0.000000 0.000000 1.000000
vn -0.500000 0.000000 0.866025
vn -0.500000 0.000000 0.866025
vn -0.866025 0.000000 0.500000
vn -0.866025 0.000000 0.500000
vn -1.000000 0.000000 0.000000
vn -1.000000 0.000000 0.000000
vn -0.866025 0.000000 -0.500000
vn -0.866025 0.000000 -0.500000
vn -0.500000 0.000000 -0.866025
vn -0.500000 0.000000 -0.866025
vn -0.000000 0.000000 -1.000000
vn -0.000000 0.000000 -1.000000
vn 0.500000 0.000000 -0.866025
vn 0.500000 0.000000 -0.866025
vn 0.866025 0.000000 -0.500000
vn 0.866025 0.000000 -0.500000
vn 0.000000 1.000000 0.000000
vn 0.000000 -1.000000 0.000000
vn 0.000000 1.000000 0.000000
vn 0.000000 -1.000000 0.000000
vn 0.000000 1.000000 0.000000
vn 0.000000 -1.000000 0.000000
vn 0.000000 1.000000 0.000000
vn 0.000000 -1.000000 0.000000
vn 0.000000 1.000000 0.000000
vn 0.000000 -1.000000 0.000000
vn 0.000000 1.000000 0.000000
vn 0.000000 -1.000000 0.000000
vn 0.000000 1.000000 0.000000
vn 0.000000 -1.000000 0.000000
vn 0.000000 1.000000 0.000000
vn 0.000000 -1.000000 0.000000
vn 0.000000 1.000000 0.000000
vn 0.000000 -1.000000 0.000000
vn 0.000000 1.000000 0.000000
vn 0.000000 -1.000000 0.000000
vn 0.000000 1.000000 0.000000
vn 0.000000 -1.000000 0.000000
vn 0.000000 1.000000 0.000000
vn 0.000000 -1.000000 0.000000
vn 0.000000 1.000000 0.000000
vn 0.000000 -1.000000 0.000000
vn 1.000000 0.000000 0.000000
vn 1.000000 0.000000 0.000000
vn 0.866025 0.000000 0.500000
vn 0.866025 0.000000 0.500000
vn 0.500000 0.000000 0.866025
vn 0.500000 0.000000 0.866025
vn 0.000000 0.000000 1.000000
vn 0.000000 0.000000 1.000000
vn -0.500000 0.000000 0.866025
vn -0.500000 0.000000 0.866025
vn -0.866025 0.000000 0.500000
vn -0.866025 0.000000 0.500000
vn -1.000000 0.000000 0.000000
vn -1.000000 0.000000 0.000000
vn -0.866025 0.000000 -0.500000
vn -0.866025 0.000000 -0.500000
vn -0.500000 0.000000 -0.866025
vn -0.500000 0.000000 -0.866025
vn -0.000000 0.000000 -1.000000
vn -0.000000 0.000000 -1.000000
vn 0.500000 0.000000 -0.866025
vn 0.500000 0.000000 -0.866025
vn 0.866025 0.000000 -0.500000
vn 0.866025 0.000000 -0.500000
vn 0.000000 1.000000 0.000000
vn 0.000000 -1.000000 0.000000
vn 0.000000 1.000000 0.000000
vn 0.000000 -1.000000 0.000000
vn 0.000000 1.000000 0.000000
vn 0.000000 -1.000000 0.000000
vn 0.000000 1.000000 0.000000
vn 0.000000 -1.000000 0.000000
vn 0.000000 1.000000 0.000000
vn 0.000000 -1.000000 0.000000
vn 0.000000 1.000000 0.000000
vn 0.000000 -1.000000 0.000000
vn 0.000000 1.000000 0.000000
vn 0.000000 -1.000000 0.000000
vn 0.000000 1.000000 0.000000
vn 0.000000 -1.000000 0.000000
vn 0.000000 1.000000 0.000000
vn 0.000000 -1.000000 0.000000
vn 0.000000 1.000000 0.000000
vn 0.000000 -1.000000 0.000000
vn 0.000000 1.000000 0.000000
vn 0.000000 -1.000000 0.000000
vn 0.000000 1.000000 0.000000
vn 0.000000 -1.000000 0.000000
vn 0.000000 1.000000 0.000000
vn 0.000000 -1.000000 0.000000
vn 0.000000 0.000000 1.000000
vn 0.000000 0.000000 1.000000
vn 0.000000 0.000000 1.000000
vn 0.000000 0.000000 1.000000
vn 0.000000 0.000000 -1.000000
vn 0.000000 0.000000 -1.000000
vn 0.000000 0.000000 -1.000000
vn 0.000000 0.000000 -1.000000
vn 0.000000 1.000000 0.000000
vn 0.000000 1.000000 0.000000
vn 0.000000 1.000000 0.000000
vn 0.000000 1.000000 0.000000
vn 0.000000 -1.000000 0.000000
vn 0.000000 -1.000000 0.000000
vn 0.000000 -1.000000 0.000000
vn 0.000000 -1.000000 0.000000
vn 1.000000 0.000000 0.000000
vn 1.000000 0.000000 0.000000
vn 1.000000 0.000000 0.000000
vn 1.000000 0.000000 0.000000
vn -1.000000 0.000000 0.000000
vn -1.000000 0.000000 0.000000
vn -1.000000 0.000000 0.000000
vn -1.000000 0.000000 0.000000
vn 0.000000 1.000000 0.000000
vn 0.000000 1.000000 0.000000
vn 0.000000 0.923880 0.382683
vn 0.000000 0.923880 0.382683
vn 0.000000 0.707107 0.707107
vn 0.000000 0.707107 0.707107
vn 0.000000 0.382683 0.923880
vn 0.000000 0.382683 0.923880
vn 0.000000 0.000000 1.000000
vn 0.000000 0.000000 1.000000
vn 0.000000 -0.382683 0.923880
vn 0.000000 -0.382683 0.923880
vn 0.000000 -0.707107 0.707107
vn 0.000000 -0.707107 0.707107
vn 0.000000 -0.923880 0.382683
vn 0.000000 -0.923880 0.382683
vn 0.000000 -1.000000 0.000000
vn 0.000000 -1.000000 0.000000
vn 0.000000 -0.923880 -0.382683
vn 0.000000 -0.923880 -0.382683
vn 0.000000 -0.707107 -0.707107
vn 0.000000 -0.707107 -0.707107
vn 0.000000 -0.382683 -0.923880
vn 0.000000 -0.382683 -0.923880
vn 0.000000 -0.000000 -1.000000
vn 0.000000 -0.000000 -1.000000
vn 0.000000 0.382683 -0.923880
vn 0.000000 0.382683 -0.923880
vn 0.000000 0.707107 -0.707107
vn 0.000000 0.707107 -0.707107
vn 0.000000 0.923880 -0.382683
vn 0.000000 0.923880 -0.382683
vn 1.000000 0.000000 0.000000
vn -1.000000 0.000000 0.000000
vn 1.000000 0.000000 0.000000
vn -1.000000 0.000000 0.000000
vn 1.000000 0.000000 0.000000
vn -1.000000 0.000000 0.000000
vn 1.000000 0.000000 0.000000
vn -1.000000 0.000000 0.000000
vn 1.000000 0.000000 0.000000
vn -1.000000 0.000000 0.000000
vn 1.000000 0.000000 0.000000
vn -1.000000 0.000000 0.000000
vn 1.000000 0.000000 0.000000
vn -1.000000 0.000000 0.000000
vn 1.000000 0.000000 0.000000
vn -1.000000 0.000000 0.000000
vn 1.000000 0.000000 0.000000
vn -1.000000 0.000000 0.000000
vn 1.000000 0.000000 0.000000
vn -1.000000 0.000000 0.000000
vn 1.000000 0.000000 0.000000
vn -1.000000 0.000000 0.000000
vn 1.000000 0.000000 0.000000
vn -1.000000 0.000000 0.000000
vn 1.000000 0.000000 0.000000
vn -1.000000 0.000000 0.000000
vn 1.000000 0.000000 0.000000
vn -1.000000 0.000000 0.000000
vn 1.000000 0.000000 0.000000
vn -1.000000 0.000000 0.000000
vn 1.000000 0.000000 0.000000
vn -1.000000 0.000000 0.000000
vn 1.000000 0.000000 0.000000
vn -1.000000 0.000000 0.000000
vn 1.000000 0.000000 0.000000
vn 1.000000 0.000000 0.000000
vn 0.866025 0.000000 0.500000
vn 0.866025 0.000000 0.500000
vn 0.500000 0.000000 0.866025
vn 0.500000 0.000000 0.866025
vn 0.000000 0.000000 1.000000
vn 0.000000 0.000000 1.000000
vn -0.500000 0.000000 0.866025
vn -0.500000 0.000000 0.866025
vn -0.866025 0.000000 0.500000
vn -0.866025 0.000000 0.500000
vn -1.000000 0.000000 0.000000
vn -1.000000 0.000000 0.000000
vn -0.866025 0.000000 -0.500000
vn -0.866025 0.000000 -0.500000
vn -0.500000 0.000000 -0.866025
vn -0.500000 0.000000 -0.866025
vn -0.000000 0.000000 -1.000000
vn -0.000000 0.000000 -1.000000
vn 0.500000 0.000000 -0.866025
vn 0.500000 0.000000 -0.866025
vn 0.866025 0.000000 -0.500000
vn 0.866025 0.000000 -0.500000
vn 0.000000 1.000000 0.000000
vn 0.000000 -1.000000 0.000000
vn 0.000000 1.000000 0.000000
vn 0.000000 -1.000000 0.000000
vn 0.000000 1.000000 0.000000
vn 0.000000 -1.000000 0.000000
vn 0.000000 1.000000 0.000000
vn 0.000000 -1.000000 0.000000
vn 0.000000 1.000000 0.000000
vn 0.000000 -1.000000 0.000000
vn 0.000000 1.000000 0.000000
vn 0.000000 -1.000000 0.000000
vn 0.000000 1.000000 0.000000
vn 0.000000 -1.000000 0.000000
vn 0.000000 1.000000 0.000000
vn 0.000000 -1.000000 0.000000
vn 0.000000 1.000000 0.000000
vn 0.000000 -1.000000 0.000000
vn 0.000000 1.000000 0.000000
vn 0.000000 -1.000000 0.000000
vn 0.000000 1.000000 0.000000
vn 0.000000 -1.000000 0.000000
vn 0.000000 1.000000 0.000000
vn 0.000000 -1.000000 0.000000
vn 0.000000 1.000000 0.000000
vn 0.000000 -1.000000 0.000000
vn 1.000000 0.000000 0.000000
vn 0.707107 0.707107 0.000000
vn 0.000000 1.000000 0.000000
vn -0.707107 0.707107 -0.000000
vn -1.000000 0.000000 -0.000000
vn -0.707107 -0.707107 -0.000000
vn -0.000000 -1.000000 -0.000000
vn 0.707107 -0.707107 0.000000
vn 0.923880 0.000000 0.382683
vn 0.653281 0.707107 0.270598
vn 0.000000 1.000000 0.000000
vn -0.653281 0.707107 -0.270598
vn -0.923880 0.000000 -0.382683
vn -0.653281 -0.707107 -0.270598
vn -0.000000 -1.000000 -0.000000
vn 0.653281 -0.707107 0.270598
vn 0.707107 0.000000 0.707107
vn 0.500000 0.707107 0.500000
vn 0.000000 1.000000 0.000000
vn -0.500000 0.707107 -0.500000
vn -0.707107 0.000000 -0.707107
vn -0.500000 -0.707107 -0.500000
vn -0.000000 -1.000000 -0.000000
vn 0.500000 -0.707107 0.500000
vn 0.382683 0.000000 0.923880
vn 0.270598 0.707107 0.653281
vn 0.000000 1.000000 0.000000
vn -0.270598 0.707107 -0.653281
vn -0.382683 0.000000 -0.923880
vn -0.270598 -0.707107 -0.653281
vn -0.000000 -1.000000 -0.000000
vn 0.270598 -0.707107 0.653281
vn 0.000000 0.000000 1.000000
vn 0.000000 0.707107 0.707107
vn 0.000000 1.000000 0.000000
vn -0.000000 0.707107 -0.707107
vn -0.000000 0.000000 -1.000000
vn -0.000000 -0.707107 -0.707107
vn -0.000000 -1.000000 -0.000000
vn 0.000000 -0.707107 0.707107
vn -0.382683 0.000000 0.923880
vn -0.270598 0.707107 0.653281
vn -0.000000 1.000000 0.000000
vn 0.270598 0.707107 -0.653281
vn 0.382683 0.000000 -0.923880
vn 0.270598 -0.707107 -0.653281
vn 0.000000 -1.000000 -0.000000
vn -0.270598 -0.707107 0.653281
vn -0.707107 0.000000 0.707107
vn -0.500000 0.707107 0.500000
vn -0.000000 1.000000 0.000000
vn 0.500000 0.707107 -0.500000
vn 0.707107 0.000000 -0.707107
vn 0.500000 -0.707107 -0.500000
vn 0.000000 -1.000000 -0.000000
vn -0.500000 -0.707107 0.500000
vn -0.923880 0.000000 0.382683
vn -0.653281 0.707107 0.270598
vn -0.000000 1.000000 0.000000
vn 0.653281 0.707107 -0.270598
vn 0.923880 0.000000 -0.382683
vn 0.653281 -0.707107 -0.270598
vn 0.000000 -1.000000 -0.000000
vn -0.653281 -0.707107 0.270598
vn -1.000000 0.000000 0.000000
vn -0.707107 0.707107 0.000000
vn -0.000000 1.000000 0.000000
vn 0.707107 0.707107 -0.000000
vn 1.000000 0.000000 -0.000000
vn 0.707107 -0.707107 -0.000000
vn 0.000000 -1.000000 -0.000000
vn -0.707107 -0.707107 0.000000
vn -0.923880 0.000000 -0.382683
vn -0.653281 0.707107 -0.270598
vn -0.000000 1.000000 -0.000000
vn 0.653281 0.707107 0.270598
vn 0.923880 0.000000 0.382683
vn 0.653281 -0.707107 0.270598
vn 0.000000 -1.000000 0.000000
vn -0.653281 -0.707107 -0.270598
vn -0.707107 0.000000 -0.707107
vn -0.500000 0.707107 -0.500000
vn -0.000000 1.000000 -0.000000
vn 0.500000 0.707107 0.500000
vn 0.707107 0.000000 0.707107
vn 0.500000 -0.707107 0.500000
vn 0.000000 -1.000000 0.000000
vn -0.500000 -0.707107 -0.500000
vn -0.382683 0.000000 -0.923880
vn -0.270598 0.707107 -0.653281
vn -0.000000 1.000000 -0.000000
vn 0.270598 0.707107 0.653281
vn 0.382683 0.000000 0.923880
vn 0.270598 -0.707107 0.653281
vn 0.000000 -1.000000 0.000000
vn -0.270598 -0.707107 -0.653281
vn -0.000000 0.000000 -1.000000
vn -0.000000 0.707107 -0.707107
vn -0.000000 1.000000 -0.000000
vn 0.000000 0.707107 0.707107
vn 0.000000 0.000000 1.000000
vn 0.000000 -0.707107 0.707107
vn 0.000000 -1.000000 0.000000
vn -0.000000 -0.707107 -0.707107
vn 0.382683 0.000000 -0.923880
vn 0.270598 0.707107 -0.653281
vn 0.000000 1.000000 -0.000000
vn -0.270598 0.707107 0.653281
vn -0.382683 0.000000 0.923880
vn -0.270598 -0.707107 0.653281
vn -0.000000 -1.000000 0.000000
vn 0.270598 -0.707107 -0.653281
vn 0.707107 0.000000 -0.707107
vn 0.500000 0.707107 -0.500000
vn 0.000000 1.000000 -0.000000
vn -0.500000 0.707107 0.500000
vn -0.707107 0.000000 0.707107
vn -0.500000 -0.707107 0.500000
vn -0.000000 -1.000000 0.000000
vn 0.500000 -0.707107 -0.500000
vn 0.923880 0.000000 -0.382683
vn 0.653281 0.707107 -0.270598
vn 0.000000 1.000000 -0.000000
vn -0.653281 0.707107 0.270598
vn -0.923880 0.000000 0.382683
vn -0.653281 -0.707107 0.270598
vn -0.000000 -1.000000 0.000000
vn 0.653281 -0.707107 -0.270598
usemtl 01_Red
f 1/1/1 2/2/2 4/4/4
f 1/1/1 4/4/4 3/3/3
f 3/3/3 4/4/4 6/6/6
f 3/3/3 6/6/6 5/5/5
f 5/5/5 6/6/6 8/8/8
f 5/5/5 8/8/8 7/7/7
f 7/7/7 8/8/8 10/10/10
f 7/7/7 10/10/10 9/9/9
f 9/9/9 10/10/10 12/12/12
f 9/9/9 12/12/12 11/11/11
f 11/11/11 12/12/12 14/14/14
f 11/11/11 14/14/14 13/13/13
f 13/13/13 14/14/14 16/16/16
f 13/13/13 16/16/16 15/15/15
f 15/15/15 16/16/16 18/18/18
f 15/15/15 18/18/18 17/17/17
f 17/17/17 18/18/18 20/20/20
f 17/17/17 20/20/20 19/19/19
f 19/19/19 20/20/20 22/22/22
f 19/19/19 22/22/22 21/21/21
f 21/21/21 22/22/22 24/24/24
f 21/21/21 24/24/24 23/23/23
f 23/23/23 24/24/24 26/26/26
f 23/23/23 26/26/26 25/25/25
f 25/25/25 26/26/26 28/28/28
f 25/25/25 28/28/28 27/27/27
f 27/27/27 28/28/28 30/30/30
f 27/27/27 30/30/30 29/29/29
f 29/29/29 30/30/30 32/32/32
f 29/29/29 32/32/32 31/31/31
f 31/31/31 32/32/32 34/34/34
f 31/31/31 34/34/34 33/33/33
f 33/33/33 34/34/34 36/36/36
f 33/33/33 36/36/36 35/35/35
f 35/35/35 36/36/36 38/38/38
f 35/35/35 38/38/38 37/37/37
f 37/37/37 38/38/38 40/40/40
f 37/37/37 40/40/40 39/39/39
f 39/39/39 40/40/40 42/42/42
f 39/39/39 42/42/42 41/41/41
f 41/41/41 42/42/42 44/44/44
f 41/41/41 44/44/44 43/43/43
f 43/43/43 44/44/44 46/46/46
f 43/43/43 46/46/46 45/45/45
f 45/45/45 46/46/46 48/48/48
f 45/45/45 48/48/48 47/47/47
f 47/47/47 48/48/48 50/50/50
f 47/47/47 50/50/50 49/49/49
f 49/49/49 50/50/50 52/52/52
f 49/49/49 52/52/52 51/51/51
f 51/51/51 52/52/52 54/54/54
f 51/51/51 54/54/54 53/53/53
f 53/53/53 54/54/54 56/56/56
f 53/53/53 56/56/56 55/55/55
f 55/55/55 56/56/56 58/58/58
f 55/55/55 58/58/58 57/57/57
f 57/57/57 58/58/58 60/60/60
f 57/57/57 60/60/60 59/59/59
f 59/59/59 60/60/60 62/62/62
f 59/59/59 62/62/62 61/61/61
f 61/61/61 62/62/62 64/64/64
f 61/61/61 64/64/64 63/63/63
f 63/63/63 64/64/64 2/2/2
f 63/63/63 2/2/2 1/1/1
f 65/65/65 67/67/67 69/69/69
f 66/66/66 70/70/70 68/68/68
f 65/65/65 69/69/69 71/71/71
f 66/66/66 72/72/72 70/70/70
f 65/65/65 71/71/71 73/73/73
f 66/66/66 74/74/74 72/72/72
f 65/65/65 73/73/73 75/75/75
f 66/66/66 76/76/76 74/74/74
f 65/65/65 75/75/75 77/77/77
f 66/66/66 78/78/78 76/76/76
f 65/65/65 77/77/77 79/79/79
f 66/66/66 80/80/80 78/78/78
f 65/65/65 79/79/79 81/81/81
f 66/66/66 82/82/82 80/80/80
f 65/65/65 81/81/81 83/83/83
f 66/66/66 84/84/84 82/82/82
f 65/65/65 83/83/83 85/85/85
f 66/66/66 86/86/86 84/84/84
f 65/65/65 85/85/85 87/87/87
f 66/66/66 88/88/88 86/86/86
f 65/65/65 87/87/87 89/89/89
f 66/66/66 90/90/90 88/88/88
f 65/65/65 89/89/89 91/91/91
f 66/66/66 92/92/92 90/90/90
f 65/65/65 91/91/91 93/93/93
f 66/66/66 94/94/94 92/92/92
f 65/65/65 93/93/93 95/95/95
f 66/66/66 96/96/96 94/94/94
f 65/65/65 95/95/95 97/97/97
f 66/66/66 98/98/98 96/96/96
f 65/65/65 97/97/97 99/99/99
f 66/66/66 100/100/100 98/98/98
f 65/65/65 99/99/99 101/101/101
f 66/66/66 102/102/102 100/100/100
f 65/65/65 101/101/101 103/103/103
f 66/66/66 104/104/104 102/102/102
f 65/65/65 103/103/103 105/105/105
f 66/66/66 106/106/106 104/104/104
f 65/65/65 105/105/105 107/107/107
f 66/66/66 108/108/108 106/106/106
f 65/65/65 107/107/107 109/109/109
f 66/66/66 110/110/110 108/108/108
f 65/65/65 109/109/109 111/111/111
f 66/66/66 112/112/112 110/110/110
f 65/65/65 111/111/111 113/113/113
f 66/66/66 114/114/114 112/112/112
f 65/65/65 113/113/113 115/115/115
f 66/66/66 116/116/116 114/114/114
f 65/65/65 115/115/115 117/117/117
f 66/66/66 118/118/118 116/116/116
f 65/65/65 117/117/117 119/119/119
f 66/66/66 120/120/120 118/118/118
f 65/65/65 119/119/119 121/121/121
f 66/66/66 122/122/122 120/120/120
f 65/65/65 121/121/121 123/123/123
f 66/66/66 124/124/124 122/122/122
f 65/65/65 123/123/123 125/125/125
f 66/66/66 126/126/126 124/124/124
f 65/65/65 125/125/125 127/127/127
f 66/66/66 128/128/128 126/126/126
f 65/65/65 127/127/127 129/129/129
f 66/66/66 130/130/130 128/128/128
f 65/65/65 129/129/129 67/67/67
f 66/66/66 68/68/68 130/130/130
f 131/131/131 132/132/132 134/134/134
f 131/131/131 134/134/134 133/133/133
f 133/133/133 134/134/134 136/136/136
f 133/133/133 136/136/136 135/135/135
f 135/135/135 136/136/136 138/138/138
f 135/135/135 138/138/138 137/137/137
f 137/137/137 138/138/138 140/140/140
f 137/137/137 140/140/140 139/139/139
f 139/139/139 140/140/140 142/142/142
f 139/139/139 142/142/142 141/141/141
f 141/141/141 142/142/142 144/144/144
f 141/141/141 144/144/144 143/143/143
f 143/143/143 144/144/144 146/146/146
f 143/143/143 146/146/146 145/145/145
f 145/145/145 146/146/146 148/148/148
f 145/145/145 148/148/148 147/147/147
f 147/147/147 148/148/148 150/150/150
f 147/147/147 150/150/150 149/149/149
f 149/149/149 150/150/150 152/152/152
f 149/149/149 152/152/152 151/151/151
f 151/151/151 152/152/152 154/154/154
f 151/151/151 154/154/154 153/153/153
f 153/153/153 154/154/154 156/156/156
f 153/153/153 156/156/156 155/155/155
f 155/155/155 156/156/156 158/158/158
f 155/155/155 158/158/158 157/157/157
f 157/157/157 158/158/158 160/160/160
f 157/157/157 160/160/160 159/159/159
f 159/159/159 160/160/160 162/162/162
f 159/159/159 162/162/162 161/161/161
f 161/161/161 162/162/162 164/164/164
f 161/161/161 164/164/164 163/163/163
f 163/163/163 164/164/164 166/166/166
f 163/163/163 166/166/166 165/165/165
f 165/165/165 166/166/166 168/168/168
f 165/165/165 168/168/168 167/167/167
f 167/167/167 168/168/168 170/170/170
f 167/167/167 170/170/170 169/169/169
f 169/169/169 170/170/170 172/172/172
f 169/169/169 172/172/172 171/171/171
f 171/171/171 172/172/172 174/174/174
f 171/171/171 174/174/174 173/173/173
f 173/173/173 174/174/174 176/176/176
f 173/173/173 176/176/176 175/175/175
f 175/175/175 176/176/176 178/178/178
f 175/175/175 178/178/178 177/177/177
f 177/177/177 178/178/178 180/180/180
f 177/177/177 180/180/180 179/179/179
f 179/179/179 180/180/180 182/182/182
f 179/179/179 182/182/182 181/181/181
f 181/181/181 182/182/182 184/184/184
f 181/181/181 184/184/184 183/183/183
f 183/183/183 184/184/184 186/186/186
f 183/183/183 186/186/186 185/185/185
f 185/185/185 186/186/186 188/188/188
f 185/185/185 188/188/188 187/187/187
f 187/187/187 188/188/188 190/190/190
f 187/187/187 190/190/190 189/189/189
f 189/189/189 190/190/190 192/192/192
f 189/189/189 192/192/192 191/191/191
f 191/191/191 192/192/192 194/194/194
f 191/191/191 194/194/194 193/193/193
f 193/193/193 194/194/194 132/132/132
f 193/193/193 132/132/132 131/131/131
f 195/195/195 197/197/197 199/199/199
f 196/196/196 200/200/200 198/198/198
f 195/195/195 199/199/199 201/201/201
f 196/196/196 202/202/202 200/200/200
f 195/195/195 201/201/201 203/203/203
f 196/196/196 204/204/204 202/202/202
f 195/195/195 203/203/203 205/205/205
f 196/196/196 206/206/206 204/204/204
f 195/195/195 205/205/205 207/207/207
f 196/196/196 208/208/208 206/206/206
f 195/195/195 207/207/207 209/209/209
f 196/196/196 210/210/210 208/208/208
f 195/195/195 209/209/209 211/211/211
f 196/196/196 212/212/212 210/210/210
f 195/195/195 211/211/211 213/213/213
f 196/196/196 214/214/214 212/212/212
f 195/195/195 213/213/213 215/215/215
f 196/196/196 216/216/216 214/214/214
f 195/195/195 215/215/215 217/217/217
f 196/196/196 218/218/218 216/216/216
f 195/195/195 217/217/217 219/219/219
f 196/196/196 220/220/220 218/218/218
f 195/195/195 219/219/219 221/221/221
f 196/196/196 222/222/222 220/220/220
f 195/195/195 221/221/221 223/223/223
f 196/196/196 224/224/224 222/222/222
f 195/195/195 223/223/223 225/225/225
f 196/196/196 226/226/226 224/224/224
f 195/195/195 225/225/225 227/227/227
f 196/196/196 228/228/228 226/226/226
f 195/195/195 227/227/227 229/229/229
f 196/196/196 230/230/230 228/228/228
f 195/195/195 229/229/229 231/231/231
f 196/196/196 232/232/232 230/230/230
f 195/195/195 231/231/231 233/233/233
f 196/196/196 234/234/234 232/232/232
f 195/195/195 233/233/233 235/235/235
f 196/196/196 236/236/236 234/234/234
f 195/195/195 235/235/235 237/237/237
f 196/196/196 238/238/238 236/236/236
f 195/195/195 237/237/237 239/239/239
f 196/196/196 240/240/240 238/238/238
f 195/195/195 239/239/239 241/241/241
f 196/196/196 242/242/242 240/240/240
f 195/195/195 241/241/241 243/243/243
f 196/196/196 244/244/244 242/242/242
f 195/195/195 243/243/243 245/245/245
f 196/196/196 246/246/246 244/244/244
f 195/195/195 245/245/245 247/247/247
f 196/196/196 248/248/248 246/246/246
f 195/195/195 247/247/247 249/249/249
f 196/196/196 250/250/250 248/248/248
f 195/195/195 249/249/249 251/251/251
f 196/196/196 252/252/252 250/250/250
f 195/195/195 251/251/251 253/253/253
f 196/196/196 254/254/254 252/252/252
f 195/195/195 253/253/253 255/255/255
f 196/196/196 256/256/256 254/254/254
f 195/195/195 255/255/255 257/257/257
f 196/196/196 258/258/258 256/256/256
f 195/195/195 257/257/257 259/259/259
f 196/196/196 260/260/260 258/258/258
f 195/195/195 259/259/259 197/197/197
f 196/196/196 198/198/198 260/260/260
f 261/261/261 277/277/277 278/278/278
f 261/261/261 278/278/278 262/262/262
f 262/262/262 278/278/278 279/279/279
f 262/262/262 279/279/279 263/263/263
f 263/263/263 279/279/279 280/280/280
f 263/263/263 280/280/280 264/264/264
f 264/264/264 280/280/280 281/281/281
f 264/264/264 281/281/281 265/265/265
f 265/265/265 281/281/281 282/282/282
f 265/265/265 282/282/282 266/266/266
f 266/266/266 282/282/282 283/283/283
f 266/266/266 283/283/283 267/267/267
f 267/267/267 283/283/283 284/284/284
f 267/267/267 284/284/284 268/268/268
f 268/268/268 284/284/284 285/285/285
f 268/268/268 285/285/285 269/269/269
f 269/269/269 285/285/285 286/286/286
f 269/269/269 286/286/286 270/270/270
f 270/270/270 286/286/286 287/287/287
f 270/270/270 287/287/287 271/271/271
f 271/271/271 287/287/287 288/288/288
f 271/271/271 288/288/288 272/272/272
f 272/272/272 288/288/288 289/289/289
f 272/272/272 289/289/289 273/273/273
f 273/273/273 289/289/289 290/290/290
f 273/273/273 290/290/290 274/274/274
f 274/274/274 290/290/290 291/291/291
f 274/274/274 291/291/291 275/275/275
f 275/275/275 291/291/291 292/292/292
f 275/275/275 292/292/292 276/276/276
f 276/276/276 292/292/292 277/277/277
f 276/276/276 277/277/277 261/261/261
f 277/277/277 293/293/293 294/294/294
f 277/277/277 294/294/294 278/278/278
f 278/278/278 294/294/294 295/295/295
f 278/278/278 295/295/295 279/279/279
f 279/279/279 295/295/295 296/296/296
f 279/279/279 296/296/296 280/280/280
f 280/280/280 296/296/296 297/297/297
f 280/280/280 297/297/297 281/281/281
f 281/281/281 297/297/297 298/298/298
f 281/281/281 298/298/298 282/282/282
f 282/282/282 298/298/298 299/299/299
f 282/282/282 299/299/299 283/283/283
f 283/283/283 299/299/299 300/300/300
f 283/283/283 300/300/300 284/284/284
f 284/284/284 300/300/300 301/301/301
f 284/284/284 301/301/301 285/285/285
f 285/285/285 301/301/301 302/302/302
f 285/285/285 302/302/302 286/286/286
f 286/286/286 302/302/302 303/303/303
f 286/286/286 303/303/303 287/287/287
f 287/287/287 303/303/303 304/304/304
f 287/287/287 304/304/304 288/288/288
f 288/288/288 304/304/304 305/305/305
f 288/288/288 305/305/305 289/289/289
f 289/289/289 305/305/305 306/306/306
f 289/289/289 306/306/306 290/290/290
f 290/290/290 306/306/306 307/307/307
f 290/290/290 307/307/307 291/291/291
f 291/291/291 307/307/307 308/308/308
f 291/291/291 308/308/308 292/292/292
f 292/292/292 308/308/308 293/293/293
f 292/292/292 293/293/293 277/277/277
f 293/293/293 309/309/309 310/310/310
f 293/293/293 310/310/310 294/294/294
f 294/294/294 310/310/310 311/311/311
f 294/294/294 311/311/311 295/295/295
f 295/295/295 311/311/311 312/312/312
f 295/295/295 312/312/312 296/296/296
f 296/296/296 312/312/312 313/313/313
f 296/296/296 313/313/313 297/297/297
f 297/297/297 313/313/313 314/314/314
f 297/297/297 314/314/314 298/298/298
f 298/298/298 314/314/314 315/315/315
f 298/298/298 315/315/315 299/299/299
f 299/299/299 315/315/315 316/316/316
f 299/299/299 316/316/316 300/300/300
f 300/300/300 316/316/316 317/317/317
f 300/300/300 317/317/317 301/301/301
f 301/301/301 317/317/317 318/318/318
f 301/301/301 318/318/318 302/302/302
f 302/302/302 318/318/318 319/319/319
f 302/302/302 319/319/319 303/303/303
f 303/303/303 319/319/319 320/320/320
f 303/303/303 320/320/320 304/304/304
f 304/304/304 320/320/320 321/321/321
f 304/304/304 321/321/321 305/305/305
f 305/305/305 321/321/321 322/322/322
f 305/305/305 322/322/322 306/306/306
f 306/306/306 322/322/322 323/323/323
f 306/306/306 323/323/323 307/307/307
f 307/307/307 323/323/323 324/324/324
f 307/307/307 324/324/324 308/308/308
f 308/308/308 324/324/324 309/309/309
f 308/308/308 309/309/309 293/293/293
f 309/309/309 325/325/325 326/326/326
f 309/309/309 326/326/326 310/310/310
f 310/310/310 326/326/326 327/327/327
f 310/310/310 327/327/327 311/311/311
f 311/311/311 327/327/327 328/328/328
f 311/311/311 328/328/328 312/312/312
f 312/312/312 328/328/328 329/329/329
f 312/312/312 329/329/329 313/313/313
f 313/313/313 329/329/329 330/330/330
f 313/313/313 330/330/330 314/314/314
f 314/314/314 330/330/330 331/331/331
f 314/314/314 331/331/331 315/315/315
f 315/315/315 331/331/331 332/332/332
f 315/315/315 332/332/332 316/316/316
f 316/316/316 332/332/332 333/333/333
f 316/316/316 333/333/333 317/317/317
f 317/317/317 333/333/333 334/334/334
f 317/317/317 334/334/334 318/318/318
f 318/318/318 334/334/334 335/335/335
f 318/318/318 335/335/335 319/319/319
f 319/319/319 335/335/335 336/336/336
f 319/319/319 336/336/336 320/320/320
f 320/320/320 336/336/336 337/337/337
f 320/320/320 337/337/337 321/321/321
f 321/321/321 337/337/337 338/338/338
f 321/321/321 338/338/338 322/322/322
f 322/322/322 338/338/338 339/339/339
f 322/322/322 339/339/339 323/323/323
f 323/323/323 339/339/339 340/340/340
f 323/323/323 340/340/340 324/324/324
f 324/324/324 340/340/340 325/325/325
f 324/324/324 325/325/325 309/309/309
f 325/325/325 341/341/341 342/342/342
f 325/325/325 342/342/342 326/326/326
f 326/326/326 342/342/342 343/343/343
f 326/326/326 343/343/343 327/327/327
f 327/327/327 343/343/343 344/344/344
f 327/327/327 344/344/344 328/328/328
f 328/328/328 344/344/344 345/345/345
f 328/328/328 345/345/345 329/329/329
f 329/329/329 345/345/345 346/346/346
f 329/329/329 346/346/346 330/330/330
f 330/330/330 346/346/346 347/347/347
f 330/330/330 347/347/347 331/331/331
f 331/331/331 347/347/347 348/348/348
f 331/331/331 348/348/348 332/332/332
f 332/332/332 348/348/348 349/349/349
f 332/332/332 349/349/349 333/333/333
f 333/333/333 349/349/349 350/350/350
f 333/333/333 350/350/350 334/334/334
f 334/334/334 350/350/350 351/351/351
f 334/334/334 351/351/351 335/335/335
f 335/335/335 351/351/351 352/352/352
f 335/335/335 352/352/352 336/336/336
f 336/336/336 352/352/352 353/353/353
f 336/336/336 353/353/353 337/337/337
f 337/337/337 353/353/353 354/354/354
f 337/337/337 354/354/354 338/338/338
f 338/338/338 354/354/354 355/355/355
f 338/338/338 355/355/355 339/339/339
f 339/339/339 355/355/355 356/356/356
f 339/339/339 356/356/356 340/340/340
f 340/340/340 356/356/356 341/341/341
f 340/340/340 341/341/341 325/325/325
f 341/341/341 357/357/357 358/358/358
f 341/341/341 358/358/358 342/342/342
f 342/342/342 358/358/358 359/359/359
f 342/342/342 359/359/359 343/343/343
f 343/343/343 359/359/359 360/360/360
f 343/343/343 360/360/360 344/344/344
f 344/344/344 360/360/360 361/361/361
f 344/344/344 361/361/361 345/345/345
f 345/345/345 361/361/361 362/362/362
f 345/345/345 362/362/362 346/346/346
f 346/346/346 362/362/362 363/363/363
f 346/346/346 363/363/363 347/347/347
f 347/347/347 363/363/363 364/364/364
f 347/347/347 364/364/364 348/348/348
f 348/348/348 364/364/364 365/365/365
f 348/348/348 365/365/365 349/349/349
f 349/349/349 365/365/365 366/366/366
f 349/349/349 366/366/366 350/350/350
f 350/350/350 366/366/366 367/367/367
f 350/350/350 367/367/367 351/351/351
f 351/351/351 367/367/367 368/368/368
f 351/351/351 368/368/368 352/352/352
f 352/352/352 368/368/368 369/369/369
f 352/352/352 369/369/369 353/353/353
f 353/353/353 369/369/369 370/370/370
f 353/353/353 370/370/370 354/354/354
f 354/354/354 370/370/370 371/371/371
f 354/354/354 371/371/371 355/355/355
f 355/355/355 371/371/371 372/372/372
f 355/355/355 372/372/372 356/356/356
f 356/356/356 372/372/372 357/357/357
f 356/356/356 357/357/357 341/341/341
f 357/357/357 373/373/373 374/374/374
f 357/357/357 374/374/374 358/358/358
f 358/358/358 374/374/374 375/375/375
f 358/358/358 375/375/375 359/359/359
f 359/359/359 375/375/375 376/376/376
f 359/359/359 376/376/376 360/360/360
f 360/360/360 376/376/376 377/377/377
f 360/360/360 377/377/377 361/361/361
f 361/361/361 377/377/377 378/378/378
f 361/361/361 378/378/378 362/362/362
f 362/362/362 378/378/378 379/379/379
f 362/362/362 379/379/379 363/363/363
f 363/363/363 379/379/379 380/380/380
f 363/363/363 380/380/380 364/364/364
f 364/364/364 380/380/380 381/381/381
f 364/364/364 381/381/381 365/365/365
f 365/365/365 381/381/381 382/382/382
f 365/365/365 382/382/382 366/366/366
f 366/366/366 382/382/382 383/383/383
f 366/366/366 383/383/383 367/367/367
f 367/367/367 383/383/383 384/384/384
f 367/367/367 384/384/384 368/368/368
f 368/368/368 384/384/384 385/385/385
f 368/368/368 385/385/385 369/369/369
f 369/369/369 385/385/385 386/386/386
f 369/369/369 386/386/386 370/370/370
f 370/370/370 386/386/386 387/387/387
f 370/370/370 387/387/387 371/371/371
f 371/371/371 387/387/387 388/388/388
f 371/371/371 388/388/388 372/372/372
f 372/372/372 388/388/388 373/373/373
f 372/372/372 373/373/373 357/357/357
f 373/373/373 389/389/389 390/390/390
f 373/373/373 390/390/390 374/374/374
f 374/374/374 390/390/390 391/391/391
f 374/374/374 391/391/391 375/375/375
f 375/375/375 391/391/391 392/392/392
f 375/375/375 392/392/392 376/376/376
f 376/376/376 392/392/392 393/393/393
f 376/376/376 393/393/393 377/377/377
f 377/377/377 393/393/393 394/394/394
f 377/377/377 394/394/394 378/378/378
f 378/378/378 394/394/394 395/395/395
f 378/378/378 395/395/395 379/379/379
f 379/379/379 395/395/395 396/396/396
f 379/379/379 396/396/396 380/380/380
f 380/380/380 396/396/396 397/397/397
f 380/380/380 397/397/397 381/381/381
f 381/381/381 397/397/397 398/398/398
f 381/381/381 398/398/398 382/382/382
f 382/382/382 398/398/398 399/399/399
f 382/382/382 399/399/399 383/383/383
f 383/383/383 399/399/399 400/400/400
f 383/383/383 400/400/400 384/384/384
f 384/384/384 400/400/400 401/401/401
f 384/384/384 401/401/401 385/385/385
f 385/385/385 401/401/401 402/402/402
f 385/385/385 402/402/402 386/386/386
f 386/386/386 402/402/402 403/403/403
f 386/386/386 403/403/403 387/387/387
f 387/387/387 403/403/403 404/404/404
f 387/387/387 404/404/404 388/388/388
f 388/388/388 404/404/404 389/389/389
f 388/388/388 389/389/389 373/373/373
f 389/389/389 405/405/405 406/406/406
f 389/389/389 406/406/406 390/390/390
f 390/390/390 406/406/406 407/407/407
f 390/390/390 407/407/407 391/391/391
f 391/391/391 407/407/407 408/408/408
f 391/391/391 408/408/408 392/392/392
f 392/392/392 408/408/408 409/409/409
f 392/392/392 409/409/409 393/393/393
f 393/393/393 409/409/409 410/410/410
f 393/393/393 410/410/410 394/394/394
f 394/394/394 410/410/410 411/411/411
f 394/394/394 411/411/411 395/395/395
f 395/395/395 411/411/411 412/412/412
f 395/395/395 412/412/412 396/396/396
f 396/396/396 412/412/412 413/413/413
f 396/396/396 413/413/413 397/397/397
f 397/397/397 413/413/413 414/414/414
f 397/397/397 414/414/414 398/398/398
f 398/398/398 414/414/414 415/415/415
f 398/398/398 415/415/415 399/399/399
f 399/399/399 415/415/415 416/416/416
f 399/399/399 416/416/416 400/400/400
f 400/400/400 416/416/416 417/417/417
f 400/400/400 417/417/417 401/401/401
f 401/401/401 417/417/417 418/418/418
f 401/401/401 418/418/418 402/402/402
f 402/402/402 418/418/418 419/419/419
f 402/402/402 419/419/419 403/403/403
f 403/403/403 419/419/419 420/420/420
f 403/403/403 420/420/420 404/404/404
f 404/404/404 420/420/420 405/405/405
f 404/404/404 405/405/405 389/389/389
f 405/405/405 421/421/421 422/422/422
f 405/405/405 422/422/422 406/406/406
f 406/406/406 422/422/422 423/423/423
f 406/406/406 423/423/423 407/407/407
f 407/407/407 423/423/423 424/424/424
f 407/407/407 424/424/424 408/408/408
f 408/408/408 424/424/424 425/425/425
f 408/408/408 425/425/425 409/409/409
f 409/409/409 425/425/425 426/426/426
f 409/409/409 426/426/426 410/410/410
f 410/410/410 426/426/426 427/427/427
f 410/410/410 427/427/427 411/411/411
f 411/411/411 427/427/427 428/428/428
f 411/411/411 428/428/428 412/412/412
f 412/412/412 428/428/428 429/429/429
f 412/412/412 429/429/429 413/413/413
f 413/413/413 429/429/429 430/430/430
f 413/413/413 430/430/430 414/414/414
f 414/414/414 430/430/430 431/431/431
f 414/414/414 431/431/431 415/415/415
f 415/415/415 431/431/431 432/432/432
f 415/415/415 432/432/432 416/416/416
f 416/416/416 432/432/432 433/433/433
f 416/416/416 433/433/433 417/417/417
f 417/417/417 433/433/433 434/434/434
f 417/417/417 434/434/434 418/418/418
f 418/418/418 434/434/434 435/435/435
f 418/418/418 435/435/435 419/419/419
f 419/419/419 435/435/435 436/436/436
f 419/419/419 436/436/436 420/420/420
f 420/420/420 436/436/436 421/421/421
f 420/420/420 421/421/421 405/405/405
f 421/421/421 437/437/437 438/438/438
f 421/421/421 438/438/438 422/422/422
f 422/422/422 438/438/438 439/439/439
f 422/422/422 439/439/439 423/423/423
f 423/423/423 439/439/439 440/440/440
f 423/423/423 440/440/440 424/424/424
f 424/424/424 440/440/440 441/441/441
f 424/424/424 441/441/441 425/425/425
f 425/425/425 441/441/441 442/442/442
f 425/425/425 442/442/442 426/426/426
f 426/426/426 442/442/442 443/443/443
f 426/426/426 443/443/443 427/427/427
f 427/427/427 443/443/443 444/444/444
f 427/427/427 444/444/444 428/428/428
f 428/428/428 444/444/444 445/445/445
f 428/428/428 445/445/445 429/429/429
f 429/429/429 445/445/445 446/446/446
f 429/429/429 446/446/446 430/430/430
f 430/430/430 446/446/446 447/447/447
f 430/430/430 447/447/447 431/431/431
f 431/431/431 447/447/447 448/448/448
f 431/431/431 448/448/448 432/432/432
f 432/432/432 448/448/448 449/449/449
f 432/432/432 449/449/449 433/433/433
f 433/433/433 449/449/449 450/450/450
f 433/433/433 450/450/450 434/434/434
f 434/434/434 450/450/450 451/451/451
f 434/434/434 451/451/451 435/435/435
f 435/435/435 451/451/451 452/452/452
f 435/435/435 452/452/452 436/436/436
f 436/436/436 452/452/452 437/437/437
f 436/436/436 437/437/437 421/421/421
f 437/437/437 453/453/453 454/454/454
f 437/437/437 454/454/454 438/438/438
f 438/438/438 454/454/454 455/455/455
f 438/438/438 455/455/455 439/439/439
f 439/439/439 455/455/455 456/456/456
f 439/439/439 456/456/456 440/440/440
f 440/440/440 456/456/456 457/457/457
f 440/440/440 457/457/457 441/441/441
f 441/441/441 457/457/457 458/458/458
f 441/441/441 458/458/458 442/442/442
f 442/442/442 458/458/458 459/459/459
f 442/442/442 459/459/459 443/443/443
f 443/443/443 459/459/459 460/460/460
f 443/443/443 460/460/460 444/444/444
f 444/444/444 460/460/460 461/461/461
f 444/444/444 461/461/461 445/445/445
f 445/445/445 461/461/461 462/462/462
f 445/445/445 462/462/462 446/446/446
f 446/446/446 462/462/462 463/463/463
f 446/446/446 463/463/463 447/447/447
f 447/447/447 463/463/463 464/464/464
f 447/447/447 464/464/464 448/448/448
f 448/448/448 464/464/464 465/465/465
f 448/448/448 465/465/465 449/449/449
f 449/449/449 465/465/465 466/466/466
f 449/449/449 466/466/466 450/450/450
f 450/450/450 466/466/466 467/467/467
f 450/450/450 467/467/467 451/451/451
f 451/451/451 467/467/467 468/468/468
f 451/451/451 468/468/468 452/452/452
f 452/452/452 468/468/468 453/453/453
f 452/452/452 453/453/453 437/437/437
f 453/453/453 469/469/469 470/470/470
f 453/453/453 470/470/470 454/454/454
f 454/454/454 470/470/470 471/471/471
f 454/454/454 471/471/471 455/455/455
f 455/455/455 471/471/471 472/472/472
f 455/455/455 472/472/472 456/456/456
f 456/456/456 472/472/472 473/473/473
f 456/456/456 473/473/473 457/457/457
f 457/457/457 473/473/473 474/474/474
f 457/457/457 474/474/474 458/458/458
f 458/458/458 474/474/474 475/475/475
f 458/458/458 475/475/475 459/459/459
f 459/459/459 475/475/475 476/476/476
f 459/459/459 476/476/476 460/460/460
f 460/460/460 476/476/476 477/477/477
f 460/460/460 477/477/477 461/461/461
f 461/461/461 477/477/477 478/478/478
f 461/461/461 478/478/478 462/462/462
f 462/462/462 478/478/478 479/479/479
f 462/462/462 479/479/479 463/463/463
f 463/463/463 479/479/479 480/480/480
f 463/463/463 480/480/480 464/464/464
f 464/464/464 480/480/480 481/481/481
f 464/464/464 481/481/481 465/465/465
f 465/465/465 481/481/481 482/482/482
f 465/465/465 482/482/482 466/466/466
f 466/466/466 482/482/482 483/483/483
f 466/466/466 483/483/483 467/467/467
f 467/467/467 483/483/483 484/484/484
f 467/467/467 484/484/484 468/468/468
f 468/468/468 484/484/484 469/469/469
f 468/468/468 469/469/469 453/453/453
f 469/469/469 485/485/485 486/486/486
f 469/469/469 486/486/486 470/470/470
f 470/470/470 486/486/486 487/487/487
f 470/470/470 487/487/487 471/471/471
f 471/471/471 487/487/487 488/488/488
f 471/471/471 488/488/488 472/472/472
f 472/472/472 488/488/488 489/489/489
f 472/472/472 489/489/489 473/473/473
f 473/473/473 489/489/489 490/490/490
f 473/473/473 490/490/490 474/474/474
f 474/474/474 490/490/490 491/491/491
f 474/474/474 491/491/491 475/475/475
f 475/475/475 491/491/491 492/492/492
f 475/475/475 492/492/492 476/476/476
f 476/476/476 492/492/492 493/493/493
f 476/476/476 493/493/493 477/477/477
f 477/477/477 493/493/493 494/494/494
f 477/477/477 494/494/494 478/478/478
f 478/478/478 494/494/494 495/495/495
f 478/478/478 495/495/495 479/479/479
f 479/479/479 495/495/495 496/496/496
f 479/479/479 496/496/496 480/480/480
f 480/480/480 496/496/496 497/497/497
f 480/480/480 497/497/497 481/481/481
f 481/481/481 497/497/497 498/498/498
f 481/481/481 498/498/498 482/482/482
f 482/482/482 498/498/498 499/499/499
f 482/482/482 499/499/499 483/483/483
f 483/483/483 499/499/499 500/500/500
f 483/483/483 500/500/500 484/484/484
f 484/484/484 500/500/500 485/485/485
f 484/484/484 485/485/485 469/469/469
f 485/485/485 501/501/501 502/502/502
f 485/485/485 502/502/502 486/486/486
f 486/486/486 502/502/502 503/503/503
f 486/486/486 503/503/503 487/487/487
f 487/487/487 503/503/503 504/504/504
f 487/487/487 504/504/504 488/488/488
f 488/488/488 504/504/504 505/505/505
f 488/488/488 505/505/505 489/489/489
f 489/489/489 505/505/505 506/506/506
f 489/489/489 506/506/506 490/490/490
f 490/490/490 506/506/506 507/507/507
f 490/490/490 507/507/507 491/491/491
f 491/491/491 507/507/507 508/508/508
f 491/491/491 508/508/508 492/492/492
f 492/492/492 508/508/508 509/509/509
f 492/492/492 509/509/509 493/493/493
f 493/493/493 509/509/509 510/510/510
f 493/493/493 510/510/510 494/494/494
f 494/494/494 510/510/510 511/511/511
f 494/494/494 511/511/511 495/495/495
f 495/495/495 511/511/511 512/512/512
f 495/495/495 512/512/512 496/496/496
f 496/496/496 512/512/512 513/513/513
f 496/496/496 513/513/513 497/497/497
f 497/497/497 513/513/513 514/514/514
f 497/497/497 514/514/514 498/498/498
f 498/498/498 514/514/514 515/515/515
f 498/498/498 515/515/515 499/499/499
f 499/499/499 515/515/515 516/516/516
f 499/499/499 516/516/516 500/500/500
f 500/500/500 516/516/516 501/501/501
f 500/500/500 501/501/501 485/485/485
f 501/501/501 517/517/517 518/518/518
f 501/501/501 518/518/518 502/502/502
f 502/502/502 518/518/518 519/519/519
f 502/502/502 519/519/519 503/503/503
f 503/503/503 519/519/519 520/520/520
f 503/503/503 520/520/520 504/504/504
f 504/504/504 520/520/520 521/521/521
f 504/504/504 521/521/521 505/505/505
f 505/505/505 521/521/521 522/522/522
f 505/505/505 522/522/522 506/506/506
f 506/506/506 522/522/522 523/523/523
f 506/506/506 523/523/523 507/507/507
f 507/507/507 523/523/523 524/524/524
f 507/507/507 524/524/524 508/508/508
f 508/508/508 524/524/524 525/525/525
f 508/508/508 525/525/525 509/509/509
f 509/509/509 525/525/525 526/526/526
f 509/509/509 526/526/526 510/510/510
f 510/510/510 526/526/526 527/527/527
f 510/510/510 527/527/527 511/511/511
f 511/511/511 527/527/527 528/528/528
f 511/511/511 528/528/528 512/512/512
f 512/512/512 528/528/528 529/529/529
f 512/512/512 529/529/529 513/513/513
f 513/513/513 529/529/529 530/530/530
f 513/513/513 530/530/530 514/514/514
f 514/514/514 530/530/530 531/531/531
f 514/514/514 531/531/531 515/515/515
f 515/515/515 531/531/531 532/532/532
f 515/515/515 532/532/532 516/516/516
f 516/516/516 532/532/532 517/517/517
f 516/516/516 517/517/517 501/501/501
f 517/517/517 533/533/533 534/534/534
f 517/517/517 534/534/534 518/518/518
f 518/518/518 534/534/534 535/535/535
f 518/518/518 535/535/535 519/519/519
f 519/519/519 535/535/535 536/536/536
f 519/519/519 536/536/536 520/520/520
f 520/520/520 536/536/536 537/537/537
f 520/520/520 537/537/537 521/521/521
f 521/521/521 537/537/537 538/538/538
f 521/521/521 538/538/538 522/522/522
f 522/522/522 538/538/538 539/539/539
f 522/522/522 539/539/539 523/523/523
f 523/523/523 539/539/539 540/540/540
f 523/523/523 540/540/540 524/524/524
f 524/524/524 540/540/540 541/541/541
f 524/524/524 541/541/541 525/525/525
f 525/525/525 541/541/541 542/542/542
f 525/525/525 542/542/542 526/526/526
f 526/526/526 542/542/542 543/543/543
f 526/526/526 543/543/543 527/527/527
f 527/527/527 543/543/543 544/544/544
f 527/527/527 544/544/544 528/528/528
f 528/528/528 544/544/544 545/545/545
f 528/528/528 545/545/545 529/529/529
f 529/529/529 545/545/545 546/546/546
f 529/529/529 546/546/546 530/530/530
f 530/530/530 546/546/546 547/547/547
f 530/530/530 547/547/547 531/531/531
f 531/531/531 547/547/547 548/548/548
f 531/531/531 548/548/548 532/532/532
f 532/532/532 548/548/548 533/533/533
f 532/532/532 533/533/533 517/517/517
f 533/533/533 549/549/549 550/550/550
f 533/533/533 550/550/550 534/534/534
f 534/534/534 550/550/550 551/551/551
f 534/534/534 551/551/551 535/535/535
f 535/535/535 551/551/551 552/552/552
f 535/535/535 552/552/552 536/536/536
f 536/536/536 552/552/552 553/553/553
f 536/536/536 553/553/553 537/537/537
f 537/537/537 553/553/553 554/554/554
f 537/537/537 554/554/554 538/538/538
f 538/538/538 554/554/554 555/555/555
f 538/538/538 555/555/555 539/539/539
f 539/539/539 555/555/555 556/556/556
f 539/539/539 556/556/556 540/540/540
f 540/540/540 556/556/556 557/557/557
f 540/540/540 557/557/557 541/541/541
f 541/541/541 557/557/557 558/558/558
f 541/541/541 558/558/558 542/542/542
f 542/542/542 558/558/558 559/559/559
f 542/542/542 559/559/559 543/543/543
f 543/543/543 559/559/559 560/560/560
f 543/543/543 560/560/560 544/544/544
f 544/544/544 560/560/560 561/561/561
f 544/544/544 561/561/561 545/545/545
f 545/545/545 561/561/561 562/562/562
f 545/545/545 562/562/562 546/546/546
f 546/546/546 562/562/562 563/563/563
f 546/546/546 563/563/563 547/547/547
f 547/547/547 563/563/563 564/564/564
f 547/547/547 564/564/564 548/548/548
f 548/548/548 564/564/564 549/549/549
f 548/548/548 549/549/549 533/533/533
f 549/549/549 565/565/565 566/566/566
f 549/549/549 566/566/566 550/550/550
f 550/550/550 566/566/566 567/567/567
f 550/550/550 567/567/567 551/551/551
f 551/551/551 567/567/567 568/568/568
f 551/551/551 568/568/568 552/552/552
f 552/552/552 568/568/568 569/569/569
f 552/552/552 569/569/569 553/553/553
f 553/553/553 569/569/569 570/570/570
f 553/553/553 570/570/570 554/554/554
f 554/554/554 570/570/570 571/571/571
f 554/554/554 571/571/571 555/555/555
f 555/555/555 571/571/571 572/572/572
f 555/555/555 572/572/572 556/556/556
f 556/556/556 572/572/572 573/573/573
f 556/556/556 573/573/573 557/557/557
f 557/557/557 573/573/573 574/574/574
f 557/557/557 574/574/574 558/558/558
f 558/558/558 574/574/574 575/575/575
f 558/558/558 575/575/575 559/559/559
f 559/559/559 575/575/575 576/576/576
f 559/559/559 576/576/576 560/560/560
f 560/560/560 576/576/576 577/577/577
f 560/560/560 577/577/577 561/561/561
f 561/561/561 577/577/577 578/578/578
f 561/561/561 578/578/578 562/562/562
f 562/562/562 578/578/578 579/579/579
f 562/562/562 579/579/579 563/563/563
f 563/563/563 579/579/579 580/580/580
f 563/563/563 580/580/580 564/564/564
f 564/564/564 580/580/580 565/565/565
f 564/564/564 565/565/565 549/549/549
f 565/565/565 581/581/581 582/582/582
f 565/565/565 582/582/582 566/566/566
f 566/566/566 582/582/582 583/583/583
f 566/566/566 583/583/583 567/567/567
f 567/567/567 583/583/583 584/584/584
f 567/567/567 584/584/584 568/568/568
f 568/568/568 584/584/584 585/585/585
f 568/568/568 585/585/585 569/569/569
f 569/569/569 585/585/585 586/586/586
f 569/569/569 586/586/586 570/570/570
f 570/570/570 586/586/586 587/587/587
f 570/570/570 587/587/587 571/571/571
f 571/571/571 587/587/587 588/588/588
f 571/571/571 588/588/588 572/572/572
f 572/572/572 588/588/588 589/589/589
f 572/572/572 589/589/589 573/573/573
f 573/573/573 589/589/589 590/590/590
f 573/573/573 590/590/590 574/574/574
f 574/574/574 590/590/590 591/591/591
f 574/574/574 591/591/591 575/575/575
f 575/575/575 591/591/591 592/592/592
f 575/575/575 592/592/592 576/576/576
f 576/576/576 592/592/592 593/593/593
f 576/576/576 593/593/593 577/577/577
f 577/577/577 593/593/593 594/594/594
f 577/577/577 594/594/594 578/578/578
f 578/578/578 594/594/594 595/595/595
f 578/578/578 595/595/595 579/579/579
f 579/579/579 595/595/595 596/596/596
f 579/579/579 596/596/596 580/580/580
f 580/580/580 596/596/596 581/581/581
f 580/580/580 581/581/581 565/565/565
f 581/581/581 597/597/597 598/598/598
f 581/581/581 598/598/598 582/582/582
f 582/582/582 598/598/598 599/599/599
f 582/582/582 599/599/599 583/583/583
f 583/583/583 599/599/599 600/600/600
f 583/583/583 600/600/600 584/584/584
f 584/584/584 600/600/600 601/601/601
f 584/584/584 601/601/601 585/585/585
f 585/585/585 601/601/601 602/602/602
f 585/585/585 602/602/602 586/586/586
f 586/586/586 602/602/602 603/603/603
f 586/586/586 603/603/603 587/587/587
f 587/587/587 603/603/603 604/604/604
f 587/587/587 604/604/604 588/588/588
f 588/588/588 604/604/604 605/605/605
f 588/588/588 605/605/605 589/589/589
f 589/589/589 605/605/605 606/606/606
f 589/589/589 606/606/606 590/590/590
f 590/590/590 606/606/606 607/607/607
f 590/590/590 607/607/607 591/591/591
f 591/591/591 607/607/607 608/608/608
f 591/591/591 608/608/608 592/592/592
f 592/592/592 608/608/608 609/609/609
f 592/592/592 609/609/609 593/593/593
f 593/593/593 609/609/609 610/610/610
f 593/593/593 610/610/610 594/594/594
f 594/594/594 610/610/610 611/611/611
f 594/594/594 611/611/611 595/595/595
f 595/595/595 611/611/611 612/612/612
f 595/595/595 612/612/612 596/596/596
f 596/596/596 612/612/612 597/597/597
f 596/596/596 597/597/597 581/581/581
f 597/597/597 613/613/613 614/614/614
f 597/597/597 614/614/614 598/598/598
f 598/598/598 614/614/614 615/615/615
f 598/598/598 615/615/615 599/599/599
f 599/599/599 615/615/615 616/616/616
f 599/599/599 616/616/616 600/600/600
f 600/600/600 616/616/616 617/617/617
f 600/600/600 617/617/617 601/601/601
f 601/601/601 617/617/617 618/618/618
f 601/601/601 618/618/618 602/602/602
f 602/602/602 618/618/618 619/619/619
f 602/602/602 619/619/619 603/603/603
f 603/603/603 619/619/619 620/620/620
f 603/603/603 620/620/620 604/604/604
f 604/604/604 620/620/620 621/621/621
f 604/604/604 621/621/621 605/605/605
f 605/605/605 621/621/621 622/622/622
f 605/605/605 622/622/622 606/606/606
f 606/606/606 622/622/622 623/623/623
f 606/606/606 623/623/623 607/607/607
f 607/607/607 623/623/623 624/624/624
f 607/607/607 624/624/624 608/608/608
f 608/608/608 624/624/624 625/625/625
f 608/608/608 625/625/625 609/609/609
f 609/609/609 625/625/625 626/626/626
f 609/609/609 626/626/626 610/610/610
f 610/610/610 626/626/626 627/627/627
f 610/610/610 627/627/627 611/611/611
f 611/611/611 627/627/627 628/628/628
f 611/611/611 628/628/628 612/612/612
f 612/612/612 628/628/628 613/613/613
f 612/612/612 613/613/613 597/597/597
f 613/613/613 629/629/629 630/630/630
f 613/613/613 630/630/630 614/614/614
f 614/614/614 630/630/630 631/631/631
f 614/614/614 631/631/631 615/615/615
f 615/615/615 631/631/631 632/632/632
f 615/615/615 632/632/632 616/616/616
f 616/616/616 632/632/632 633/633/633
f 616/616/616 633/633/633 617/617/617
f 617/617/617 633/633/633 634/634/634
f 617/617/617 634/634/634 618/618/618
f 618/618/618 634/634/634 635/635/635
f 618/618/618 635/635/635 619/619/619
f 619/619/619 635/635/635 636/636/636
f 619/619/619 636/636/636 620/620/620
f 620/620/620 636/636/636 637/637/637
f 620/620/620 637/637/637 621/621/621
f 621/621/621 637/637/637 638/638/638
f 621/621/621 638/638/638 622/622/622
f 622/622/622 638/638/638 639/639/639
f 622/622/622 639/639/639 623/623/623
f 623/623/623 639/639/639 640/640/640
f 623/623/623 640/640/640 624/624/624
f 624/624/624 640/640/640 641/641/641
f 624/624/624 641/641/641 625/625/625
f 625/625/625 641/641/641 642/642/642
f 625/625/625 642/642/642 626/626/626
f 626/626/626 642/642/642 643/643/643
f 626/626/626 643/643/643 627/627/627
f 627/627/627 643/643/643 644/644/644
f 627/627/627 644/644/644 628/628/628
f 628/628/628 644/644/644 629/629/629
f 628/628/628 629/629/629 613/613/613
f 629/629/629 645/645/645 646/646/646
f 629/629/629 646/646/646 630/630/630
f 630/630/630 646/646/646 647/647/647
f 630/630/630 647/647/647 631/631/631
f 631/631/631 647/647/647 648/648/648
f 631/631/631 648/648/648 632/632/632
f 632/632/632 648/648/648 649/649/649
f 632/632/632 649/649/649 633/633/633
f 633/633/633 649/649/649 650/650/650
f 633/633/633 650/650/650 634/634/634
f 634/634/634 650/650/650 651/651/651
f 634/634/634 651/651/651 635/635/635
f 635/635/635 651/651/651 652/652/652
f 635/635/635 652/652/652 636/636/636
f 636/636/636 652/652/652 653/653/653
f 636/636/636 653/653/653 637/637/637
f 637/637/637 653/653/653 654/654/654
f 637/637/637 654/654/654 638/638/638
f 638/638/638 654/654/654 655/655/655
f 638/638/638 655/655/655 639/639/639
f 639/639/639 655/655/655 656/656/656
f 639/639/639 656/656/656 640/640/640
f 640/640/640 656/656/656 657/657/657
f 640/640/640 657/657/657 641/641/641
f 641/641/641 657/657/657 658/658/658
f 641/641/641 658/658/658 642/642/642
f 642/642/642 658/658/658 659/659/659
f 642/642/642 659/659/659 643/643/643
f 643/643/643 659/659/659 660/660/660
f 643/643/643 660/660/660 644/644/644
f 644/644/644 660/660/660 645/645/645
f 644/644/644 645/645/645 629/629/629
f 645/645/645 661/661/661 662/662/662
f 645/645/645 662/662/662 646/646/646
f 646/646/646 662/662/662 663/663/663
f 646/646/646 663/663/663 647/647/647
f 647/647/647 663/663/663 664/664/664
f 647/647/647 664/664/664 648/648/648
f 648/648/648 664/664/664 665/665/665
f 648/648/648 665/665/665 649/649/649
f 649/649/649 665/665/665 666/666/666
f 649/649/649 666/666/666 650/650/650
f 650/650/650 666/666/666 667/667/667
f 650/650/650 667/667/667 651/651/651
f 651/651/651 667/667/667 668/668/668
f 651/651/651 668/668/668 652/652/652
f 652/652/652 668/668/668 669/669/669
f 652/652/652 669/669/669 653/653/653
f 653/653/653 669/669/669 670/670/670
f 653/653/653 670/670/670 654/654/654
f 654/654/654 670/670/670 671/671/671
f 654/654/654 671/671/671 655/655/655
f 655/655/655 671/671/671 672/672/672
f 655/655/655 672/672/672 656/656/656
f 656/656/656 672/672/672 673/673/673
f 656/656/656 673/673/673 657/657/657
f 657/657/657 673/673/673 674/674/674
f 657/657/657 674/674/674 658/658/658
f 658/658/658 674/674/674 675/675/675
f 658/658/658 675/675/675 659/659/659
f 659/659/659 675/675/675 676/676/676
f 659/659/659 676/676/676 660/660/660
f 660/660/660 676/676/676 661/661/661
f 660/660/660 661/661/661 645/645/645
f 661/661/661 677/677/677 678/678/678
f 661/661/661 678/678/678 662/662/662
f 662/662/662 678/678/678 679/679/679
f 662/662/662 679/679/679 663/663/663
f 663/663/663 679/679/679 680/680/680
f 663/663/663 680/680/680 664/664/664
f 664/664/664 680/680/680 681/681/681
f 664/664/664 681/681/681 665/665/665
f 665/665/665 681/681/681 682/682/682
f 665/665/665 682/682/682 666/666/666
f 666/666/666 682/682/682 683/683/683
f 666/666/666 683/683/683 667/667/667
f 667/667/667 683/683/683 684/684/684
f 667/667/667 684/684/684 668/668/668
f 668/668/668 684/684/684 685/685/685
f 668/668/668 685/685/685 669/669/669
f 669/669/669 685/685/685 686/686/686
f 669/669/669 686/686/686 670/670/670
f 670/670/670 686/686/686 687/687/687
f 670/670/670 687/687/687 671/671/671
f 671/671/671 687/687/687 688/688/688
f 671/671/671 688/688/688 672/672/672
f 672/672/672 688/688/688 689/689/689
f 672/672/672 689/689/689 673/673/673
f 673/673/673 689/689/689 690/690/690
f 673/673/673 690/690/690 674/674/674
f 674/674/674 690/690/690 691/691/691
f 674/674/674 691/691/691 675/675/675
f 675/675/675 691/691/691 692/692/692
f 675/675/675 692/692/692 676/676/676
f 676/676/676 692/692/692 677/677/677
f 676/676/676 677/677/677 661/661/661
f 677/677/677 693/693/693 694/694/694
f 677/677/677 694/694/694 678/678/678
f 678/678/678 694/694/694 695/695/695
f 678/678/678 695/695/695 679/679/679
f 679/679/679 695/695/695 696/696/696
f 679/679/679 696/696/696 680/680/680
f 680/680/680 696/696/696 697/697/697
f 680/680/680 697/697/697 681/681/681
f 681/681/681 697/697/697 698/698/698
f 681/681/681 698/698/698 682/682/682
f 682/682/682 698/698/698 699/699/699
f 682/682/682 699/699/699 683/683/683
f 683/683/683 699/699/699 700/700/700
f 683/683/683 700/700/700 684/684/684
f 684/684/684 700/700/700 701/701/701
f 684/684/684 701/701/701 685/685/685
f 685/685/685 701/701/701 702/702/702
f 685/685/685 702/702/702 686/686/686
f 686/686/686 702/702/702 703/703/703
f 686/686/686 703/703/703 687/687/687
f 687/687/687 703/703/703 704/704/704
f 687/687/687 704/704/704 688/688/688
f 688/688/688 704/704/704 705/705/705
f 688/688/688 705/705/705 689/689/689
f 689/689/689 705/705/705 706/706/706
f 689/689/689 706/706/706 690/690/690
f 690/690/690 706/706/706 707/707/707
f 690/690/690 707/707/707 691/691/691
f 691/691/691 707/707/707 708/708/708
f 691/691/691 708/708/708 692/692/692
f 692/692/692 708/708/708 693/693/693
f 692/692/692 693/693/693 677/677/677
f 693/693/693 709/709/709 710/710/710
f 693/693/693 710/710/710 694/694/694
f 694/694/694 710/710/710 711/711/711
f 694/694/694 711/711/711 695/695/695
f 695/695/695 711/711/711 712/712/712
f 695/695/695 712/712/712 696/696/696
f 696/696/696 712/712/712 713/713/713
f 696/696/696 713/713/713 697/697/697
f 697/697/697 713/713/713 714/714/714
f 697/697/697 714/714/714 698/698/698
f 698/698/698 714/714/714 715/715/715
f 698/698/698 715/715/715 699/699/699
f 699/699/699 715/715/715 716/716/716
f 699/699/699 716/716/716 700/700/700
f 700/700/700 716/716/716 717/717/717
f 700/700/700 717/717/717 701/701/701
f 701/701/701 717/717/717 718/718/718
f 701/701/701 718/718/718 702/702/702
f 702/702/702 718/718/718 719/719/719
f 702/702/702 719/719/719 703/703/703
f 703/703/703 719/719/719 720/720/720
f 703/703/703 720/720/720 704/704/704
f 704/704/704 720/720/720 721/721/721
f 704/704/704 721/721/721 705/705/705
f 705/705/705 721/721/721 722/722/722
f 705/705/705 722/722/722 706/706/706
f 706/706/706 722/722/722 723/723/723
f 706/706/706 723/723/723 707/707/707
f 707/707/707 723/723/723 724/724/724
f 707/707/707 724/724/724 708/708/708
f 708/708/708 724/724/724 709/709/709
f 708/708/708 709/709/709 693/693/693
f 709/709/709 725/725/725 726/726/726
f 709/709/709 726/726/726 710/710/710
f 710/710/710 726/726/726 727/727/727
f 710/710/710 727/727/727 711/711/711
f 711/711/711 727/727/727 728/728/728
f 711/711/711 728/728/728 712/712/712
f 712/712/712 728/728/728 729/729/729
f 712/712/712 729/729/729 713/713/713
f 713/713/713 729/729/729 730/730/730
f 713/713/713 730/730/730 714/714/714
f 714/714/714 730/730/730 731/731/731
f 714/714/714 731/731/731 715/715/715
f 715/715/715 731/731/731 732/732/732
f 715/715/715 732/732/732 716/716/716
f 716/716/716 732/732/732 733/733/733
f 716/716/716 733/733/733 717/717/717
f 717/717/717 733/733/733 734/734/734
f 717/717/717 734/734/734 718/718/718
f 718/718/718 734/734/734 735/735/735
f 718/718/718 735/735/735 719/719/719
f 719/719/719 735/735/735 736/736/736
f 719/719/719 736/736/736 720/720/720
f 720/720/720 736/736/736 737/737/737
f 720/720/720 737/737/737 721/721/721
f 721/721/721 737/737/737 738/738/738
f 721/721/721 738/738/738 722/722/722
f 722/722/722 738/738/738 739/739/739
f 722/722/722 739/739/739 723/723/723
f 723/723/723 739/739/739 740/740/740
f 723/723/723 740/740/740 724/724/724
f 724/724/724 740/740/740 725/725/725
f 724/724/724 725/725/725 709/709/709
f 725/725/725 741/741/741 742/742/742
f 725/725/725 742/742/742 726/726/726
f 726/726/726 742/742/742 743/743/743
f 726/726/726 743/743/743 727/727/727
f 727/727/727 743/743/743 744/744/744
f 727/727/727 744/744/744 728/728/728
f 728/728/728 744/744/744 745/745/745
f 728/728/728 745/745/745 729/729/729
f 729/729/729 745/745/745 746/746/746
f 729/729/729 746/746/746 730/730/730
f 730/730/730 746/746/746 747/747/747
f 730/730/730 747/747/747 731/731/731
f 731/731/731 747/747/747 748/748/748
f 731/731/731 748/748/748 732/732/732
f 732/732/732 748/748/748 749/749/749
f 732/732/732 749/749/749 733/733/733
f 733/733/733 749/749/749 750/750/750
f 733/733/733 750/750/750 734/734/734
f 734/734/734 750/750/750 751/751/751
f 734/734/734 751/751/751 735/735/735
f 735/735/735 751/751/751 752/752/752
f 735/735/735 752/752/752 736/736/736
f 736/736/736 752/752/752 753/753/753
f 736/736/736 753/753/753 737/737/737
f 737/737/737 753/753/753 754/754/754
f 737/737/737 754/754/754 738/738/738
f 738/738/738 754/754/754 755/755/755
f 738/738/738 755/755/755 739/739/739
f 739/739/739 755/755/755 756/756/756
f 739/739/739 756/756/756 740/740/740
f 740/740/740 756/756/756 741/741/741
f 740/740/740 741/741/741 725/725/725
f 741/741/741 757/757/757 758/758/758
f 741/741/741 758/758/758 742/742/742
f 742/742/742 758/758/758 759/759/759
f 742/742/742 759/759/759 743/743/743
f 743/743/743 759/759/759 760/760/760
f 743/743/743 760/760/760 744/744/744
f 744/744/744 760/760/760 761/761/761
f 744/744/744 761/761/761 745/745/745
f 745/745/745 761/761/761 762/762/762
f 745/745/745 762/762/762 746/746/746
f 746/746/746 762/762/762 763/763/763
f 746/746/746 763/763/763 747/747/747
f 747/747/747 763/763/763 764/764/764
f 747/747/747 764/764/764 748/748/748
f 748/748/748 764/764/764 765/765/765
f 748/748/748 765/765/765 749/749/749
f 749/749/749 765/765/765 766/766/766
f 749/749/749 766/766/766 750/750/750
f 750/750/750 766/766/766 767/767/767
f 750/750/750 767/767/767 751/751/751
f 751/751/751 767/767/767 768/768/768
f 751/751/751 768/768/768 752/752/752
f 752/752/752 768/768/768 769/769/769
f 752/752/752 769/769/769 753/753/753
f 753/753/753 769/769/769 770/770/770
f 753/753/753 770/770/770 754/754/754
f 754/754/754 770/770/770 771/771/771
f 754/754/754 771/771/771 755/755/755
f 755/755/755 771/771/771 772/772/772
f 755/755/755 772/772/772 756/756/756
f 756/756/756 772/772/772 757/757/757
f 756/756/756 757/757/757 741/741/741
f 757/757/757 261/261/261 262/262/262
f 757/757/757 262/262/262 758/758/758
f 758/758/758 262/262/262 263/263/263
f 758/758/758 263/263/263 759/759/759
f 759/759/759 263/263/263 264/264/264
f 759/759/759 264/264/264 760/760/760
f 760/760/760 264/264/264 265/265/265
f 760/760/760 265/265/265 761/761/761
f 761/761/761 265/265/265 266/266/266
f 761/761/761 266/266/266 762/762/762
f 762/762/762 266/266/266 267/267/267
f 762/762/762 267/267/267 763/763/763
f 763/763/763 267/267/267 268/268/268
f 763/763/763 268/268/268 764/764/764
f 764/764/764 268/268/268 269/269/269
f 764/764/764 269/269/269 765/765/765
f 765/765/765 269/269/269 270/270/270
f 765/765/765 270/270/270 766/766/766
f 766/766/766 270/270/270 271/271/271
f 766/766/766 271/271/271 767/767/767
f 767/767/767 271/271/271 272/272/272
f 767/767/767 272/272/272 768/768/768
f 768/768/768 272/272/272 273/273/273
f 768/768/768 273/273/273 769/769/769
f 769/769/769 273/273/273 274/274/274
f 769/769/769 274/274/274 770/770/770
f 770/770/770 274/274/274 275/275/275
f 770/770/770 275/275/275 771/771/771
f 771/771/771 275/275/275 276/276/276
f 771/771/771 276/276/276 772/772/772
f 772/772/772 276/276/276 261/261/261
f 772/772/772 261/261/261 757/757/757
usemtl 02_Steel
f 773/773/773 774/774/774 776/776/776
f 773/773/773 776/776/776 775/775/775
f 775/775/775 776/776/776 778/778/778
f 775/775/775 778/778/778 777/777/777
f 777/777/777 778/778/778 780/780/780
f 777/777/777 780/780/780 779/779/779
f 779/779/779 780/780/780 782/782/782
f 779/779/779 782/782/782 781/781/781
f 781/781/781 782/782/782 784/784/784
f 781/781/781 784/784/784 783/783/783
f 783/783/783 784/784/784 786/786/786
f 783/783/783 786/786/786 785/785/785
f 785/785/785 786/786/786 788/788/788
f 785/785/785 788/788/788 787/787/787
f 787/787/787 788/788/788 790/790/790
f 787/787/787 790/790/790 789/789/789
f 789/789/789 790/790/790 792/792/792
f 789/789/789 792/792/792 791/791/791
f 791/791/791 792/792/792 794/794/794
f 791/791/791 794/794/794 793/793/793
f 793/793/793 794/794/794 796/796/796
f 793/793/793 796/796/796 795/795/795
f 795/795/795 796/796/796 798/798/798
f 795/795/795 798/798/798 797/797/797
f 797/797/797 798/798/798 800/800/800
f 797/797/797 800/800/800 799/799/799
f 799/799/799 800/800/800 802/802/802
f 799/799/799 802/802/802 801/801/801
f 801/801/801 802/802/802 804/804/804
f 801/801/801 804/804/804 803/803/803
f 803/803/803 804/804/804 806/806/806
f 803/803/803 806/806/806 805/805/805
f 805/805/805 806/806/806 808/808/808
f 805/805/805 808/808/808 807/807/807
f 807/807/807 808/808/808 810/810/810
f 807/807/807 810/810/810 809/809/809
f 809/809/809 810/810/810 812/812/812
f 809/809/809 812/812/812 811/811/811
f 811/811/811 812/812/812 814/814/814
f 811/811/811 814/814/814 813/813/813
f 813/813/813 814/814/814 816/816/816
f 813/813/813 816/816/816 815/815/815
f 815/815/815 816/816/816 818/818/818
f 815/815/815 818/818/818 817/817/817
f 817/817/817 818/818/818 820/820/820
f 817/817/817 820/820/820 819/819/819
f 819/819/819 820/820/820 774/774/774
f 819/819/819 774/774/774 773/773/773
f 821/821/821 823/823/823 825/825/825
f 822/822/822 826/826/826 824/824/824
f 821/821/821 825/825/825 827/827/827
f 822/822/822 828/828/828 826/826/826
f 821/821/821 827/827/827 829/829/829
f 822/822/822 830/830/830 828/828/828
f 821/821/821 829/829/829 831/831/831
f 822/822/822 832/832/832 830/830/830
f 821/821/821 831/831/831 833/833/833
f 822/822/822 834/834/834 832/832/832
f 821/821/821 833/833/833 835/835/835
f 822/822/822 836/836/836 834/834/834
f 821/821/821 835/835/835 837/837/837
f 822/822/822 838/838/838 836/836/836
f 821/821/821 837/837/837 839/839/839
f 822/822/822 840/840/840 838/838/838
f 821/821/821 839/839/839 841/841/841
f 822/822/822 842/842/842 840/840/840
f 821/821/821 841/841/841 843/843/843
f 822/822/822 844/844/844 842/842/842
f 821/821/821 843/843/843 845/845/845
f 822/822/822 846/846/846 844/844/844
f 821/821/821 845/845/845 847/847/847
f 822/822/822 848/848/848 846/846/846
f 821/821/821 847/847/847 849/849/849
f 822/822/822 850/850/850 848/848/848
f 821/821/821 849/849/849 851/851/851
f 822/822/822 852/852/852 850/850/850
f 821/821/821 851/851/851 853/853/853
f 822/822/822 854/854/854 852/852/852
f 821/821/821 853/853/853 855/855/855
f 822/822/822 856/856/856 854/854/854
f 821/821/821 855/855/855 857/857/857
f 822/822/822 858/858/858 856/856/856
f 821/821/821 857/857/857 859/859/859
f 822/822/822 860/860/860 858/858/858
f 821/821/821 859/859/859 861/861/861
f 822/822/822 862/862/862 860/860/860
f 821/821/821 861/861/861 863/863/863
f 822/822/822 864/864/864 862/862/862
f 821/821/821 863/863/863 865/865/865
f 822/822/822 866/866/866 864/864/864
f 821/821/821 865/865/865 867/867/867
f 822/822/822 868/868/868 866/866/866
f 821/821/821 867/867/867 869/869/869
f 822/822/822 870/870/870 868/868/868
f 821/821/821 869/869/869 823/823/823
f 822/822/822 824/824/824 870/870/870
f 871/871/871 883/883/883 884/884/884
f 871/871/871 884/884/884 872/872/872
f 872/872/872 884/884/884 885/885/885
f 872/872/872 885/885/885 873/873/873
f 873/873/873 885/885/885 886/886/886
f 873/873/873 886/886/886 874/874/874
f 874/874/874 886/886/886 887/887/887
f 874/874/874 887/887/887 875/875/875
f 875/875/875 887/887/887 888/888/888
f 875/875/875 888/888/888 876/876/876
f 876/876/876 888/888/888 889/889/889
f 876/876/876 889/889/889 877/877/877
f 877/877/877 889/889/889 890/890/890
f 877/877/877 890/890/890 878/878/878
f 878/878/878 890/890/890 891/891/891
f 878/878/878 891/891/891 879/879/879
f 879/879/879 891/891/891 892/892/892
f 879/879/879 892/892/892 880/880/880
f 880/880/880 892/892/892 893/893/893
f 880/880/880 893/893/893 881/881/881
f 881/881/881 893/893/893 894/894/894
f 881/881/881 894/894/894 882/882/882
f 882/882/882 894/894/894 883/883/883
f 882/882/882 883/883/883 871/871/871
f 883/883/883 895/895/895 896/896/896
f 883/883/883 896/896/896 884/884/884
f 884/884/884 896/896/896 897/897/897
f 884/884/884 897/897/897 885/885/885
f 885/885/885 897/897/897 898/898/898
f 885/885/885 898/898/898 886/886/886
f 886/886/886 898/898/898 899/899/899
f 886/886/886 899/899/899 887/887/887
f 887/887/887 899/899/899 900/900/900
f 887/887/887 900/900/900 888/888/888
f 888/888/888 900/900/900 901/901/901
f 888/888/888 901/901/901 889/889/889
f 889/889/889 901/901/901 902/902/902
f 889/889/889 902/902/902 890/890/890
f 890/890/890 902/902/902 903/903/903
f 890/890/890 903/903/903 891/891/891
f 891/891/891 903/903/903 904/904/904
f 891/891/891 904/904/904 892/892/892
f 892/892/892 904/904/904 905/905/905
f 892/892/892 905/905/905 893/893/893
f 893/893/893 905/905/905 906/906/906
f 893/893/893 906/906/906 894/894/894
f 894/894/894 906/906/906 895/895/895
f 894/894/894 895/895/895 883/883/883
f 895/895/895 907/907/907 908/908/908
f 895/895/895 908/908/908 896/896/896
f 896/896/896 908/908/908 909/909/909
f 896/896/896 909/909/909 897/897/897
f 897/897/897 909/909/909 910/910/910
f 897/897/897 910/910/910 898/898/898
f 898/898/898 910/910/910 911/911/911
f 898/898/898 911/911/911 899/899/899
f 899/899/899 911/911/911 912/912/912
f 899/899/899 912/912/912 900/900/900
f 900/900/900 912/912/912 913/913/913
f 900/900/900 913/913/913 901/901/901
f 901/901/901 913/913/913 914/914/914
f 901/901/901 914/914/914 902/902/902
f 902/902/902 914/914/914 915/915/915
f 902/902/902 915/915/915 903/903/903
f 903/903/903 915/915/915 916/916/916
f 903/903/903 916/916/916 904/904/904
f 904/904/904 916/916/916 917/917/917
f 904/904/904 917/917/917 905/905/905
f 905/905/905 917/917/917 918/918/918
f 905/905/905 918/918/918 906/906/906
f 906/906/906 918/918/918 907/907/907
f 906/906/906 907/907/907 895/895/895
f 907/907/907 919/919/919 920/920/920
f 907/907/907 920/920/920 908/908/908
f 908/908/908 920/920/920 921/921/921
f 908/908/908 921/921/921 909/909/909
f 909/909/909 921/921/921 922/922/922
f 909/909/909 922/922/922 910/910/910
f 910/910/910 922/922/922 923/923/923
f 910/910/910 923/923/923 911/911/911
f 911/911/911 923/923/923 924/924/924
f 911/911/911 924/924/924 912/912/912
f 912/912/912 924/924/924 925/925/925
f 912/912/912 925/925/925 913/913/913
f 913/913/913 925/925/925 926/926/926
f 913/913/913 926/926/926 914/914/914
f 914/914/914 926/926/926 927/927/927
f 914/914/914 927/927/927 915/915/915
f 915/915/915 927/927/927 928/928/928
f 915/915/915 928/928/928 916/916/916
f 916/916/916 928/928/928 929/929/929
f 916/916/916 929/929/929 917/917/917
f 917/917/917 929/929/929 930/930/930
f 917/917/917 930/930/930 918/918/918
f 918/918/918 930/930/930 919/919/919
f 918/918/918 919/919/919 907/907/907
f 919/919/919 931/931/931 932/932/932
f 919/919/919 932/932/932 920/920/920
f 920/920/920 932/932/932 933/933/933
f 920/920/920 933/933/933 921/921/921
f 921/921/921 933/933/933 934/934/934
f 921/921/921 934/934/934 922/922/922
f 922/922/922 934/934/934 935/935/935
f 922/922/922 935/935/935 923/923/923
f 923/923/923 935/935/935 936/936/936
f 923/923/923 936/936/936 924/924/924
f 924/924/924 936/936/936 937/937/937
f 924/924/924 937/937/937 925/925/925
f 925/925/925 937/937/937 938/938/938
f 925/925/925 938/938/938 926/926/926
f 926/926/926 938/938/938 939/939/939
f 926/926/926 939/939/939 927/927/927
f 927/927/927 939/939/939 940/940/940
f 927/927/927 940/940/940 928/928/928
f 928/928/928 940/940/940 941/941/941
f 928/928/928 941/941/941 929/929/929
f 929/929/929 941/941/941 942/942/942
f 929/929/929 942/942/942 930/930/930
f 930/930/930 942/942/942 931/931/931
f 930/930/930 931/931/931 919/919/919
f 931/931/931 943/943/943 944/944/944
f 931/931/931 944/944/944 932/932/932
f 932/932/932 944/944/944 945/945/945
f 932/932/932 945/945/945 933/933/933
f 933/933/933 945/945/945 946/946/946
f 933/933/933 946/946/946 934/934/934
f 934/934/934 946/946/946 947/947/947
f 934/934/934 947/947/947 935/935/935
f 935/935/935 947/947/947 948/948/948
f 935/935/935 948/948/948 936/936/936
f 936/936/936 948/948/948 949/949/949
f 936/936/936 949/949/949 937/937/937
f 937/937/937 949/949/949 950/950/950
f 937/937/937 950/950/950 938/938/938
f 938/938/938 950/950/950 951/951/951
f 938/938/938 951/951/951 939/939/939
f 939/939/939 951/951/951 952/952/952
f 939/939/939 952/952/952 940/940/940
f 940/940/940 952/952/952 953/953/953
f 940/940/940 953/953/953 941/941/941
f 941/941/941 953/953/953 954/954/954
f 941/941/941 954/954/954 942/942/942
f 942/942/942 954/954/954 943/943/943
f 942/942/942 943/943/943 931/931/931
f 943/943/943 955/955/955 956/956/956
f 943/943/943 956/956/956 944/944/944
f 944/944/944 956/956/956 957/957/957
f 944/944/944 957/957/957 945/945/945
f 945/945/945 957/957/957 958/958/958
f 945/945/945 958/958/958 946/946/946
f 946/946/946 958/958/958 959/959/959
f 946/946/946 959/959/959 947/947/947
f 947/947/947 959/959/959 960/960/960
f 947/947/947 960/960/960 948/948/948
f 948/948/948 960/960/960 961/961/961
f 948/948/948 961/961/961 949/949/949
f 949/949/949 961/961/961 962/962/962
f 949/949/949 962/962/962 950/950/950
f 950/950/950 962/962/962 963/963/963
f 950/950/950 963/963/963 951/951/951
f 951/951/951 963/963/963 964/964/964
f 951/951/951 964/964/964 952/952/952
f 952/952/952 964/964/964 965/965/965
f 952/952/952 965/965/965 953/953/953
f 953/953/953 965/965/965 966/966/966
f 953/953/953 966/966/966 954/954/954
f 954/954/954 966/966/966 955/955/955
f 954/954/954 955/955/955 943/943/943
f 955/955/955 967/967/967 968/968/968
f 955/955/955 968/968/968 956/956/956
f 956/956/956 968/968/968 969/969/969
f 956/956/956 969/969/969 957/957/957
f 957/957/957 969/969/969 970/970/970
f 957/957/957 970/970/970 958/958/958
f 958/958/958 970/970/970 971/971/971
f 958/958/958 971/971/971 959/959/959
f 959/959/959 971/971/971 972/972/972
f 959/959/959 972/972/972 960/960/960
f 960/960/960 972/972/972 973/973/973
f 960/960/960 973/973/973 961/961/961
f 961/961/961 973/973/973 974/974/974
f 961/961/961 974/974/974 962/962/962
f 962/962/962 974/974/974 975/975/975
f 962/962/962 975/975/975 963/963/963
f 963/963/963 975/975/975 976/976/976
f 963/963/963 976/976/976 964/964/964
f 964/964/964 976/976/976 977/977/977
f 964/964/964 977/977/977 965/965/965
f 965/965/965 977/977/977 978/978/978
f 965/965/965 978/978/978 966/966/966
f 966/966/966 978/978/978 967/967/967
f 966/966/966 967/967/967 955/955/955
f 967/967/967 979/979/979 980/980/980
f 967/967/967 980/980/980 968/968/968
f 968/968/968 980/980/980 981/981/981
f 968/968/968 981/981/981 969/969/969
f 969/969/969 981/981/981 982/982/982
f 969/969/969 982/982/982 970/970/970
f 970/970/970 982/982/982 983/983/983
f 970/970/970 983/983/983 971/971/971
f 971/971/971 983/983/983 984/984/984
f 971/971/971 984/984/984 972/972/972
f 972/972/972 984/984/984 985/985/985
f 972/972/972 985/985/985 973/973/973
f 973/973/973 985/985/985 986/986/986
f 973/973/973 986/986/986 974/974/974
f 974/974/974 986/986/986 987/987/987
f 974/974/974 987/987/987 975/975/975
f 975/975/975 987/987/987 988/988/988
f 975/975/975 988/988/988 976/976/976
f 976/976/976 988/988/988 989/989/989
f 976/976/976 989/989/989 977/977/977
f 977/977/977 989/989/989 990/990/990
f 977/977/977 990/990/990 978/978/978
f 978/978/978 990/990/990 979/979/979
f 978/978/978 979/979/979 967/967/967
f 979/979/979 991/991/991 992/992/992
f 979/979/979 992/992/992 980/980/980
f 980/980/980 992/992/992 993/993/993
f 980/980/980 993/993/993 981/981/981
f 981/981/981 993/993/993 994/994/994
f 981/981/981 994/994/994 982/982/982
f 982/982/982 994/994/994 995/995/995
f 982/982/982 995/995/995 983/983/983
f 983/983/983 995/995/995 996/996/996
f 983/983/983 996/996/996 984/984/984
f 984/984/984 996/996/996 997/997/997
f 984/984/984 997/997/997 985/985/985
f 985/985/985 997/997/997 998/998/998
f 985/985/985 998/998/998 986/986/986
f 986/986/986 998/998/998 999/999/999
f 986/986/986 999/999/999 987/987/987
f 987/987/987 999/999/999 1000/1000/1000
f 987/987/987 1000/1000/1000 988/988/988
f 988/988/988 1000/1000/1000 1001/1001/1001
f 988/988/988 1001/1001/1001 989/989/989
f 989/989/989 1001/1001/1001 1002/1002/1002
f 989/989/989 1002/1002/1002 990/990/990
f 990/990/990 1002/1002/1002 991/991/991
f 990/990/990 991/991/991 979/979/979
f 991/991/991 1003/1003/1003 1004/1004/1004
f 991/991/991 1004/1004/1004 992/992/992
f 992/992/992 1004/1004/1004 1005/1005/1005
f 992/992/992 1005/1005/1005 993/993/993
f 993/993/993 1005/1005/1005 1006/1006/1006
f 993/993/993 1006/1006/1006 994/994/994
f 994/994/994 1006/1006/1006 1007/1007/1007
f 994/994/994 1007/1007/1007 995/995/995
f 995/995/995 1007/1007/1007 1008/1008/1008
f 995/995/995 1008/1008/1008 996/996/996
f 996/996/996 1008/1008/1008 1009/1009/1009
f 996/996/996 1009/1009/1009 997/997/997
f 997/997/997 1009/1009/1009 1010/1010/1010
f 997/997/997 1010/1010/1010 998/998/998
f 998/998/998 1010/1010/1010 1011/1011/1011
f 998/998/998 1011/1011/1011 999/999/999
f 999/999/999 1011/1011/1011 1012/1012/1012
f 999/999/999 1012/1012/1012 1000/1000/1000
f 1000/1000/1000 1012/1012/1012 1013/1013/1013
f 1000/1000/1000 1013/1013/1013 1001/1001/1001
f 1001/1001/1001 1013/1013/1013 1014/1014/1014
f 1001/1001/1001 1014/1014/1014 1002/1002/1002
f 1002/1002/1002 1014/1014/1014 1003/1003/1003
f 1002/1002/1002 1003/1003/1003 991/991/991
f 1003/1003/1003 1015/1015/1015 1016/1016/1016
f 1003/1003/1003 1016/1016/1016 1004/1004/1004
f 1004/1004/1004 1016/1016/1016 1017/1017/1017
f 1004/1004/1004 1017/1017/1017 1005/1005/1005
f 1005/1005/1005 1017/1017/1017 1018/1018/1018
f 1005/1005/1005 1018/1018/1018 1006/1006/1006
f 1006/1006/1006 1018/1018/1018 1019/1019/1019
f 1006/1006/1006 1019/1019/1019 1007/1007/1007
f 1007/1007/1007 1019/1019/1019 1020/1020/1020
f 1007/1007/1007 1020/1020/1020 1008/1008/1008
f 1008/1008/1008 1020/1020/1020 1021/1021/1021
f 1008/1008/1008 1021/1021/1021 1009/1009/1009
f 1009/1009/1009 1021/1021/1021 1022/1022/1022
f 1009/1009/1009 1022/1022/1022 1010/1010/1010
f 1010/1010/1010 1022/1022/1022 1023/1023/1023
f 1010/1010/1010 1023/1023/1023 1011/1011/1011
f 1011/1011/1011 1023/1023/1023 1024/1024/1024
f 1011/1011/1011 1024/1024/1024 1012/1012/1012
f 1012/1012/1012 1024/1024/1024 1025/1025/1025
f 1012/1012/1012 1025/1025/1025 1013/1013/1013
f 1013/1013/1013 1025/1025/1025 1026/1026/1026
f 1013/1013/1013 1026/1026/1026 1014/1014/1014
f 1014/1014/1014 1026/1026/1026 1015/1015/1015
f 1014/1014/1014 1015/1015/1015 1003/1003/1003
f 1015/1015/1015 1027/1027/1027 1028/1028/1028
f 1015/1015/1015 1028/1028/1028 1016/1016/1016
f 1016/1016/1016 1028/1028/1028 1029/1029/1029
f 1016/1016/1016 1029/1029/1029 1017/1017/1017
f 1017/1017/1017 1029/1029/1029 1030/1030/1030
f 1017/1017/1017 1030/1030/1030 1018/1018/1018
f 1018/1018/1018 1030/1030/1030 1031/1031/1031
f 1018/1018/1018 1031/1031/1031 1019/1019/1019
f 1019/1019/1019 1031/1031/1031 1032/1032/1032
f 1019/1019/1019 1032/1032/1032 1020/1020/1020
f 1020/1020/1020 1032/1032/1032 1033/1033/1033
f 1020/1020/1020 1033/1033/1033 1021/1021/1021
f 1021/1021/1021 1033/1033/1033 1034/1034/1034
f 1021/1021/1021 1034/1034/1034 1022/1022/1022
f 1022/1022/1022 1034/1034/1034 1035/1035/1035
f 1022/1022/1022 1035/1035/1035 1023/1023/1023
f 1023/1023/1023 1035/1035/1035 1036/1036/1036
f 1023/1023/1023 1036/1036/1036 1024/1024/1024
f 1024/1024/1024 1036/1036/1036 1037/1037/1037
f 1024/1024/1024 1037/1037/1037 1025/1025/1025
f 1025/1025/1025 1037/1037/1037 1038/1038/1038
f 1025/1025/1025 1038/1038/1038 1026/1026/1026
f 1026/1026/1026 1038/1038/1038 1027/1027/1027
f 1026/1026/1026 1027/1027/1027 1015/1015/1015
f 1027/1027/1027 1039/1039/1039 1040/1040/1040
f 1027/1027/1027 1040/1040/1040 1028/1028/1028
f 1028/1028/1028 1040/1040/1040 1041/1041/1041
f 1028/1028/1028 1041/1041/1041 1029/1029/1029
f 1029/1029/1029 1041/1041/1041 1042/1042/1042
f 1029/1029/1029 1042/1042/1042 1030/1030/1030
f 1030/1030/1030 1042/1042/1042 1043/1043/1043
f 1030/1030/1030 1043/1043/1043 1031/1031/1031
f 1031/1031/1031 1043/1043/1043 1044/1044/1044
f 1031/1031/1031 1044/1044/1044 1032/1032/1032
f 1032/1032/1032 1044/1044/1044 1045/1045/1045
f 1032/1032/1032 1045/1045/1045 1033/1033/1033
f 1033/1033/1033 1045/1045/1045 1046/1046/1046
f 1033/1033/1033 1046/1046/1046 1034/1034/1034
f 1034/1034/1034 1046/1046/1046 1047/1047/1047
f 1034/1034/1034 1047/1047/1047 1035/1035/1035
f 1035/1035/1035 1047/1047/1047 1048/1048/1048
f 1035/1035/1035 1048/1048/1048 1036/1036/1036
f 1036/1036/1036 1048/1048/1048 1049/1049/1049
f 1036/1036/1036 1049/1049/1049 1037/1037/1037
f 1037/1037/1037 1049/1049/1049 1050/1050/1050
f 1037/1037/1037 1050/1050/1050 1038/1038/1038
f 1038/1038/1038 1050/1050/1050 1039/1039/1039
f 1038/1038/1038 1039/1039/1039 1027/1027/1027
f 1039/1039/1039 1051/1051/1051 1052/1052/1052
f 1039/1039/1039 1052/1052/1052 1040/1040/1040
f 1040/1040/1040 1052/1052/1052 1053/1053/1053
f 1040/1040/1040 1053/1053/1053 1041/1041/1041
f 1041/1041/1041 1053/1053/1053 1054/1054/1054
f 1041/1041/1041 1054/1054/1054 1042/1042/1042
f 1042/1042/1042 1054/1054/1054 1055/1055/1055
f 1042/1042/1042 1055/1055/1055 1043/1043/1043
f 1043/1043/1043 1055/1055/1055 1056/1056/1056
f 1043/1043/1043 1056/1056/1056 1044/1044/1044
f 1044/1044/1044 1056/1056/1056 1057/1057/1057
f 1044/1044/1044 1057/1057/1057 1045/1045/1045
f 1045/1045/1045 1057/1057/1057 1058/1058/1058
f 1045/1045/1045 1058/1058/1058 1046/1046/1046
f 1046/1046/1046 1058/1058/1058 1059/1059/1059
f 1046/1046/1046 1059/1059/1059 1047/1047/1047
f 1047/1047/1047 1059/1059/1059 1060/1060/1060
f 1047/1047/1047 1060/1060/1060 1048/1048/1048
f 1048/1048/1048 1060/1060/1060 1061/1061/1061
f 1048/1048/1048 1061/1061/1061 1049/1049/1049
f 1049/1049/1049 1061/1061/1061 1062/1062/1062
f 1049/1049/1049 1062/1062/1062 1050/1050/1050
f 1050/1050/1050 1062/1062/1062 1051/1051/1051
f 1050/1050/1050 1051/1051/1051 1039/1039/1039
f 1051/1051/1051 1063/1063/1063 1064/1064/1064
f 1051/1051/1051 1064/1064/1064 1052/1052/1052
f 1052/1052/1052 1064/1064/1064 1065/1065/1065
f 1052/1052/1052 1065/1065/1065 1053/1053/1053
f 1053/1053/1053 1065/1065/1065 1066/1066/1066
f 1053/1053/1053 1066/1066/1066 1054/1054/1054
f 1054/1054/1054 1066/1066/1066 1067/1067/1067
f 1054/1054/1054 1067/1067/1067 1055/1055/1055
f 1055/1055/1055 1067/1067/1067 1068/1068/1068
f 1055/1055/1055 1068/1068/1068 1056/1056/1056
f 1056/1056/1056 1068/1068/1068 1069/1069/1069
f 1056/1056/1056 1069/1069/1069 1057/1057/1057
f 1057/1057/1057 1069/1069/1069 1070/1070/1070
f 1057/1057/1057 1070/1070/1070 1058/1058/1058
f 1058/1058/1058 1070/1070/1070 1071/1071/1071
f 1058/1058/1058 1071/1071/1071 1059/1059/1059
f 1059/1059/1059 1071/1071/1071 1072/1072/1072
f 1059/1059/1059 1072/1072/1072 1060/1060/1060
f 1060/1060/1060 1072/1072/1072 1073/1073/1073
f 1060/1060/1060 1073/1073/1073 1061/1061/1061
f 1061/1061/1061 1073/1073/1073 1074/1074/1074
f 1061/1061/1061 1074/1074/1074 1062/1062/1062
f 1062/1062/1062 1074/1074/1074 1063/1063/1063
f 1062/1062/1062 1063/1063/1063 1051/1051/1051
f 1063/1063/1063 1075/1075/1075 1076/1076/1076
f 1063/1063/1063 1076/1076/1076 1064/1064/1064
f 1064/1064/1064 1076/1076/1076 1077/1077/1077
f 1064/1064/1064 1077/1077/1077 1065/1065/1065
f 1065/1065/1065 1077/1077/1077 1078/1078/1078
f 1065/1065/1065 1078/1078/1078 1066/1066/1066
f 1066/1066/1066 1078/1078/1078 1079/1079/1079
f 1066/1066/1066 1079/1079/1079 1067/1067/1067
f 1067/1067/1067 1079/1079/1079 1080/1080/1080
f 1067/1067/1067 1080/1080/1080 1068/1068/1068
f 1068/1068/1068 1080/1080/1080 1081/1081/1081
f 1068/1068/1068 1081/1081/1081 1069/1069/1069
f 1069/1069/1069 1081/1081/1081 1082/1082/1082
f 1069/1069/1069 1082/1082/1082 1070/1070/1070
f 1070/1070/1070 1082/1082/1082 1083/1083/1083
f 1070/1070/1070 1083/1083/1083 1071/1071/1071
f 1071/1071/1071 1083/1083/1083 1084/1084/1084
f 1071/1071/1071 1084/1084/1084 1072/1072/1072
f 1072/1072/1072 1084/1084/1084 1085/1085/1085
f 1072/1072/1072 1085/1085/1085 1073/1073/1073
f 1073/1073/1073 1085/1085/1085 1086/1086/1086
f 1073/1073/1073 1086/1086/1086 1074/1074/1074
f 1074/1074/1074 1086/1086/1086 1075/1075/1075
f 1074/1074/1074 1075/1075/1075 1063/1063/1063
f 1075/1075/1075 1087/1087/1087 1088/1088/1088
f 1075/1075/1075 1088/1088/1088 1076/1076/1076
f 1076/1076/1076 1088/1088/1088 1089/1089/1089
f 1076/1076/1076 1089/1089/1089 1077/1077/1077
f 1077/1077/1077 1089/1089/1089 1090/1090/1090
f 1077/1077/1077 1090/1090/1090 1078/1078/1078
f 1078/1078/1078 1090/1090/1090 1091/1091/1091
f 1078/1078/1078 1091/1091/1091 1079/1079/1079
f 1079/1079/1079 1091/1091/1091 1092/1092/1092
f 1079/1079/1079 1092/1092/1092 1080/1080/1080
f 1080/1080/1080 1092/1092/1092 1093/1093/1093
f 1080/1080/1080 1093/1093/1093 1081/1081/1081
f 1081/1081/1081 1093/1093/1093 1094/1094/1094
f 1081/1081/1081 1094/1094/1094 1082/1082/1082
f 1082/1082/1082 1094/1094/1094 1095/1095/1095
f 1082/1082/1082 1095/1095/1095 1083/1083/1083
f 1083/1083/1083 1095/1095/1095 1096/1096/1096
f 1083/1083/1083 1096/1096/1096 1084/1084/1084
f 1084/1084/1084 1096/1096/1096 1097/1097/1097
f 1084/1084/1084 1097/1097/1097 1085/1085/1085
f 1085/1085/1085 1097/1097/1097 1098/1098/1098
f 1085/1085/1085 1098/1098/1098 1086/1086/1086
f 1086/1086/1086 1098/1098/1098 1087/1087/1087
f 1086/1086/1086 1087/1087/1087 1075/1075/1075
f 1087/1087/1087 1099/1099/1099 1100/1100/1100
f 1087/1087/1087 1100/1100/1100 1088/1088/1088
f 1088/1088/1088 1100/1100/1100 1101/1101/1101
f 1088/1088/1088 1101/1101/1101 1089/1089/1089
f 1089/1089/1089 1101/1101/1101 1102/1102/1102
f 1089/1089/1089 1102/1102/1102 1090/1090/1090
f 1090/1090/1090 1102/1102/1102 1103/1103/1103
f 1090/1090/1090 1103/1103/1103 1091/1091/1091
f 1091/1091/1091 1103/1103/1103 1104/1104/1104
f 1091/1091/1091 1104/1104/1104 1092/1092/1092
f 1092/1092/1092 1104/1104/1104 1105/1105/1105
f 1092/1092/1092 1105/1105/1105 1093/1093/1093
f 1093/1093/1093 1105/1105/1105 1106/1106/1106
f 1093/1093/1093 1106/1106/1106 1094/1094/1094
f 1094/1094/1094 1106/1106/1106 1107/1107/1107
f 1094/1094/1094 1107/1107/1107 1095/1095/1095
f 1095/1095/1095 1107/1107/1107 1108/1108/1108
f 1095/1095/1095 1108/1108/1108 1096/1096/1096
f 1096/1096/1096 1108/1108/1108 1109/1109/1109
f 1096/1096/1096 1109/1109/1109 1097/1097/1097
f 1097/1097/1097 1109/1109/1109 1110/1110/1110
f 1097/1097/1097 1110/1110/1110 1098/1098/1098
f 1098/1098/1098 1110/1110/1110 1099/1099/1099
f 1098/1098/1098 1099/1099/1099 1087/1087/1087
f 1099/1099/1099 1111/1111/1111 1112/1112/1112
f 1099/1099/1099 1112/1112/1112 1100/1100/1100
f 1100/1100/1100 1112/1112/1112 1113/1113/1113
f 1100/1100/1100 1113/1113/1113 1101/1101/1101
f 1101/1101/1101 1113/1113/1113 1114/1114/1114
f 1101/1101/1101 1114/1114/1114 1102/1102/1102
f 1102/1102/1102 1114/1114/1114 1115/1115/1115
f 1102/1102/1102 1115/1115/1115 1103/1103/1103
f 1103/1103/1103 1115/1115/1115 1116/1116/1116
f 1103/1103/1103 1116/1116/1116 1104/1104/1104
f 1104/1104/1104 1116/1116/1116 1117/1117/1117
f 1104/1104/1104 1117/1117/1117 1105/1105/1105
f 1105/1105/1105 1117/1117/1117 1118/1118/1118
f 1105/1105/1105 1118/1118/1118 1106/1106/1106
f 1106/1106/1106 1118/1118/1118 1119/1119/1119
f 1106/1106/1106 1119/1119/1119 1107/1107/1107
f 1107/1107/1107 1119/1119/1119 1120/1120/1120
f 1107/1107/1107 1120/1120/1120 1108/1108/1108
f 1108/1108/1108 1120/1120/1120 1121/1121/1121
f 1108/1108/1108 1121/1121/1121 1109/1109/1109
f 1109/1109/1109 1121/1121/1121 1122/1122/1122
f 1109/1109/1109 1122/1122/1122 1110/1110/1110
f 1110/1110/1110 1122/1122/1122 1111/1111/1111
f 1110/1110/1110 1111/1111/1111 1099/1099/1099
f 1111/1111/1111 1123/1123/1123 1124/1124/1124
f 1111/1111/1111 1124/1124/1124 1112/1112/1112
f 1112/1112/1112 1124/1124/1124 1125/1125/1125
f 1112/1112/1112 1125/1125/1125 1113/1113/1113
f 1113/1113/1113 1125/1125/1125 1126/1126/1126
f 1113/1113/1113 1126/1126/1126 1114/1114/1114
f 1114/1114/1114 1126/1126/1126 1127/1127/1127
f 1114/1114/1114 1127/1127/1127 1115/1115/1115
f 1115/1115/1115 1127/1127/1127 1128/1128/1128
f 1115/1115/1115 1128/1128/1128 1116/1116/1116
f 1116/1116/1116 1128/1128/1128 1129/1129/1129
f 1116/1116/1116 1129/1129/1129 1117/1117/1117
f 1117/1117/1117 1129/1129/1129 1130/1130/1130
f 1117/1117/1117 1130/1130/1130 1118/1118/1118
f 1118/1118/1118 1130/1130/1130 1131/1131/1131
f 1118/1118/1118 1131/1131/1131 1119/1119/1119
f 1119/1119/1119 1131/1131/1131 1132/1132/1132
f 1119/1119/1119 1132/1132/1132 1120/1120/1120
f 1120/1120/1120 1132/1132/1132 1133/1133/1133
f 1120/1120/1120 1133/1133/1133 1121/1121/1121
f 1121/1121/1121 1133/1133/1133 1134/1134/1134
f 1121/1121/1121 1134/1134/1134 1122/1122/1122
f 1122/1122/1122 1134/1134/1134 1123/1123/1123
f 1122/1122/1122 1123/1123/1123 1111/1111/1111
f 1123/1123/1123 1135/1135/1135 1136/1136/1136
f 1123/1123/1123 1136/1136/1136 1124/1124/1124
f 1124/1124/1124 1136/1136/1136 1137/1137/1137
f 1124/1124/1124 1137/1137/1137 1125/1125/1125
f 1125/1125/1125 1137/1137/1137 1138/1138/1138
f 1125/1125/1125 1138/1138/1138 1126/1126/1126
f 1126/1126/1126 1138/1138/1138 1139/1139/1139
f 1126/1126/1126 1139/1139/1139 1127/1127/1127
f 1127/1127/1127 1139/1139/1139 1140/1140/1140
f 1127/1127/1127 1140/1140/1140 1128/1128/1128
f 1128/1128/1128 1140/1140/1140 1141/1141/1141
f 1128/1128/1128 1141/1141/1141 1129/1129/1129
f 1129/1129/1129 1141/1141/1141 1142/1142/1142
f 1129/1129/1129 1142/1142/1142 1130/1130/1130
f 1130/1130/1130 1142/1142/1142 1143/1143/1143
f 1130/1130/1130 1143/1143/1143 1131/1131/1131
f 1131/1131/1131 1143/1143/1143 1144/1144/1144
f 1131/1131/1131 1144/1144/1144 1132/1132/1132
f 1132/1132/1132 1144/1144/1144 1145/1145/1145
f 1132/1132/1132 1145/1145/1145 1133/1133/1133
f 1133/1133/1133 1145/1145/1145 1146/1146/1146
f 1133/1133/1133 1146/1146/1146 1134/1134/1134
f 1134/1134/1134 1146/1146/1146 1135/1135/1135
f 1134/1134/1134 1135/1135/1135 1123/1123/1123
f 1135/1135/1135 1147/1147/1147 1148/1148/1148
f 1135/1135/1135 1148/1148/1148 1136/1136/1136
f 1136/1136/1136 1148/1148/1148 1149/1149/1149
f 1136/1136/1136 1149/1149/1149 1137/1137/1137
f 1137/1137/1137 1149/1149/1149 1150/1150/1150
f 1137/1137/1137 1150/1150/1150 1138/1138/1138
f 1138/1138/1138 1150/1150/1150 1151/1151/1151
f 1138/1138/1138 1151/1151/1151 1139/1139/1139
f 1139/1139/1139 1151/1151/1151 1152/1152/1152
f 1139/1139/1139 1152/1152/1152 1140/1140/1140
f 1140/1140/1140 1152/1152/1152 1153/1153/1153
f 1140/1140/1140 1153/1153/1153 1141/1141/1141
f 1141/1141/1141 1153/1153/1153 1154/1154/1154
f 1141/1141/1141 1154/1154/1154 1142/1142/1142
f 1142/1142/1142 1154/1154/1154 1155/1155/1155
f 1142/1142/1142 1155/1155/1155 1143/1143/1143
f 1143/1143/1143 1155/1155/1155 1156/1156/1156
f 1143/1143/1143 1156/1156/1156 1144/1144/1144
f 1144/1144/1144 1156/1156/1156 1157/1157/1157
f 1144/1144/1144 1157/1157/1157 1145/1145/1145
f 1145/1145/1145 1157/1157/1157 1158/1158/1158
f 1145/1145/1145 1158/1158/1158 1146/1146/1146
f 1146/1146/1146 1158/1158/1158 1147/1147/1147
f 1146/1146/1146 1147/1147/1147 1135/1135/1135
f 1147/1147/1147 871/871/871 872/872/872
f 1147/1147/1147 872/872/872 1148/1148/1148
f 1148/1148/1148 872/872/872 873/873/873
f 1148/1148/1148 873/873/873 1149/1149/1149
f 1149/1149/1149 873/873/873 874/874/874
f 1149/1149/1149 874/874/874 1150/1150/1150
f 1150/1150/1150 874/874/874 875/875/875
f 1150/1150/1150 875/875/875 1151/1151/1151
f 1151/1151/1151 875/875/875 876/876/876
f 1151/1151/1151 876/876/876 1152/1152/1152
f 1152/1152/1152 876/876/876 877/877/877
f 1152/1152/1152 877/877/877 1153/1153/1153
f 1153/1153/1153 877/877/877 878/878/878
f 1153/1153/1153 878/878/878 1154/1154/1154
f 1154/1154/1154 878/878/878 879/879/879
f 1154/1154/1154 879/879/879 1155/1155/1155
f 1155/1155/1155 879/879/879 880/880/880
f 1155/1155/1155 880/880/880 1156/1156/1156
f 1156/1156/1156 880/880/880 881/881/881
f 1156/1156/1156 881/881/881 1157/1157/1157
f 1157/1157/1157 881/881/881 882/882/882
f 1157/1157/1157 882/882/882 1158/1158/1158
f 1158/1158/1158 882/882/882 871/871/871
f 1158/1158/1158 871/871/871 1147/1147/1147
f 1159/1159/1159 1160/1160/1160 1162/1162/1162
f 1159/1159/1159 1162/1162/1162 1161/1161/1161
f 1161/1161/1161 1162/1162/1162 1164/1164/1164
f 1161/1161/1161 1164/1164/1164 1163/1163/1163
f 1163/1163/1163 1164/1164/1164 1166/1166/1166
f 1163/1163/1163 1166/1166/1166 1165/1165/1165
f 1165/1165/1165 1166/1166/1166 1168/1168/1168
f 1165/1165/1165 1168/1168/1168 1167/1167/1167
f 1167/1167/1167 1168/1168/1168 1170/1170/1170
f 1167/1167/1167 1170/1170/1170 1169/1169/1169
f 1169/1169/1169 1170/1170/1170 1172/1172/1172
f 1169/1169/1169 1172/1172/1172 1171/1171/1171
f 1171/1171/1171 1172/1172/1172 1174/1174/1174
f 1171/1171/1171 1174/1174/1174 1173/1173/1173
f 1173/1173/1173 1174/1174/1174 1176/1176/1176
f 1173/1173/1173 1176/1176/1176 1175/1175/1175
f 1175/1175/1175 1176/1176/1176 1178/1178/1178
f 1175/1175/1175 1178/1178/1178 1177/1177/1177
f 1177/1177/1177 1178/1178/1178 1180/1180/1180
f 1177/1177/1177 1180/1180/1180 1179/1179/1179
f 1179/1179/1179 1180/1180/1180 1182/1182/1182
f 1179/1179/1179 1182/1182/1182 1181/1181/1181
f 1181/1181/1181 1182/1182/1182 1160/1160/1160
f 1181/1181/1181 1160/1160/1160 1159/1159/1159
f 1183/1183/1183 1185/1185/1185 1187/1187/1187
f 1184/1184/1184 1188/1188/1188 1186/1186/1186
f 1183/1183/1183 1187/1187/1187 1189/1189/1189
f 1184/1184/1184 1190/1190/1190 1188/1188/1188
f 1183/1183/1183 1189/1189/1189 1191/1191/1191
f 1184/1184/1184 1192/1192/1192 1190/1190/1190
f 1183/1183/1183 1191/1191/1191 1193/1193/1193
f 1184/1184/1184 1194/1194/1194 1192/1192/1192
f 1183/1183/1183 1193/1193/1193 1195/1195/1195
f 1184/1184/1184 1196/1196/1196 1194/1194/1194
f 1183/1183/1183 1195/1195/1195 1197/1197/1197
f 1184/1184/1184 1198/1198/1198 1196/1196/1196
f 1183/1183/1183 1197/1197/1197 1199/1199/1199
f 1184/1184/1184 1200/1200/1200 1198/1198/1198
f 1183/1183/1183 1199/1199/1199 1201/1201/1201
f 1184/1184/1184 1202/1202/1202 1200/1200/1200
f 1183/1183/1183 1201/1201/1201 1203/1203/1203
f 1184/1184/1184 1204/1204/1204 1202/1202/1202
f 1183/1183/1183 1203/1203/1203 1205/1205/1205
f 1184/1184/1184 1206/1206/1206 1204/1204/1204
f 1183/1183/1183 1205/1205/1205 1207/1207/1207
f 1184/1184/1184 1208/1208/1208 1206/1206/1206
f 1183/1183/1183 1207/1207/1207 1185/1185/1185
f 1184/1184/1184 1186/1186/1186 1208/1208/1208
f 1209/1209/1209 1210/1210/1210 1212/1212/1212
f 1209/1209/1209 1212/1212/1212 1211/1211/1211
f 1211/1211/1211 1212/1212/1212 1214/1214/1214
f 1211/1211/1211 1214/1214/1214 1213/1213/1213
f 1213/1213/1213 1214/1214/1214 1216/1216/1216
f 1213/1213/1213 1216/1216/1216 1215/1215/1215
f 1215/1215/1215 1216/1216/1216 1218/1218/1218
f 1215/1215/1215 1218/1218/1218 1217/1217/1217
f 1217/1217/1217 1218/1218/1218 1220/1220/1220
f 1217/1217/1217 1220/1220/1220 1219/1219/1219
f 1219/1219/1219 1220/1220/1220 1222/1222/1222
f 1219/1219/1219 1222/1222/1222 1221/1221/1221
f 1221/1221/1221 1222/1222/1222 1224/1224/1224
f 1221/1221/1221 1224/1224/1224 1223/1223/1223
f 1223/1223/1223 1224/1224/1224 1226/1226/1226
f 1223/1223/1223 1226/1226/1226 1225/1225/1225
f 1225/1225/1225 1226/1226/1226 1228/1228/1228
f 1225/1225/1225 1228/1228/1228 1227/1227/1227
f 1227/1227/1227 1228/1228/1228 1230/1230/1230
f 1227/1227/1227 1230/1230/1230 1229/1229/1229
f 1229/1229/1229 1230/1230/1230 1232/1232/1232
f 1229/1229/1229 1232/1232/1232 1231/1231/1231
f 1231/1231/1231 1232/1232/1232 1210/1210/1210
f 1231/1231/1231 1210/1210/1210 1209/1209/1209
f 1233/1233/1233 1235/1235/1235 1237/1237/1237
f 1234/1234/1234 1238/1238/1238 1236/1236/1236
f 1233/1233/1233 1237/1237/1237 1239/1239/1239
f 1234/1234/1234 1240/1240/1240 1238/1238/1238
f 1233/1233/1233 1239/1239/1239 1241/1241/1241
f 1234/1234/1234 1242/1242/1242 1240/1240/1240
f 1233/1233/1233 1241/1241/1241 1243/1243/1243
f 1234/1234/1234 1244/1244/1244 1242/1242/1242
f 1233/1233/1233 1243/1243/1243 1245/1245/1245
f 1234/1234/1234 1246/1246/1246 1244/1244/1244
f 1233/1233/1233 1245/1245/1245 1247/1247/1247
f 1234/1234/1234 1248/1248/1248 1246/1246/1246
f 1233/1233/1233 1247/1247/1247 1249/1249/1249
f 1234/1234/1234 1250/1250/1250 1248/1248/1248
f 1233/1233/1233 1249/1249/1249 1251/1251/1251
f 1234/1234/1234 1252/1252/1252 1250/1250/1250
f 1233/1233/1233 1251/1251/1251 1253/1253/1253
f 1234/1234/1234 1254/1254/1254 1252/1252/1252
f 1233/1233/1233 1253/1253/1253 1255/1255/1255
f 1234/1234/1234 1256/1256/1256 1254/1254/1254
f 1233/1233/1233 1255/1255/1255 1257/1257/1257
f 1234/1234/1234 1258/1258/1258 1256/1256/1256
f 1233/1233/1233 1257/1257/1257 1235/1235/1235
f 1234/1234/1234 1236/1236/1236 1258/1258/1258
f 1259/1259/1259 1260/1260/1260 1262/1262/1262
f 1259/1259/1259 1262/1262/1262 1261/1261/1261
f 1261/1261/1261 1262/1262/1262 1264/1264/1264
f 1261/1261/1261 1264/1264/1264 1263/1263/1263
f 1263/1263/1263 1264/1264/1264 1266/1266/1266
f 1263/1263/1263 1266/1266/1266 1265/1265/1265
f 1265/1265/1265 1266/1266/1266 1268/1268/1268
f 1265/1265/1265 1268/1268/1268 1267/1267/1267
f 1267/1267/1267 1268/1268/1268 1270/1270/1270
f 1267/1267/1267 1270/1270/1270 1269/1269/1269
f 1269/1269/1269 1270/1270/1270 1272/1272/1272
f 1269/1269/1269 1272/1272/1272 1271/1271/1271
f 1271/1271/1271 1272/1272/1272 1274/1274/1274
f 1271/1271/1271 1274/1274/1274 1273/1273/1273
f 1273/1273/1273 1274/1274/1274 1276/1276/1276
f 1273/1273/1273 1276/1276/1276 1275/1275/1275
f 1275/1275/1275 1276/1276/1276 1278/1278/1278
f 1275/1275/1275 1278/1278/1278 1277/1277/1277
f 1277/1277/1277 1278/1278/1278 1280/1280/1280
f 1277/1277/1277 1280/1280/1280 1279/1279/1279
f 1279/1279/1279 1280/1280/1280 1282/1282/1282
f 1279/1279/1279 1282/1282/1282 1281/1281/1281
f 1281/1281/1281 1282/1282/1282 1260/1260/1260
f 1281/1281/1281 1260/1260/1260 1259/1259/1259
f 1283/1283/1283 1285/1285/1285 1287/1287/1287
f 1284/1284/1284 1288/1288/1288 1286/1286/1286
f 1283/1283/1283 1287/1287/1287 1289/1289/1289
f 1284/1284/1284 1290/1290/1290 1288/1288/1288
f 1283/1283/1283 1289/1289/1289 1291/1291/1291
f 1284/1284/1284 1292/1292/1292 1290/1290/1290
f 1283/1283/1283 1291/1291/1291 1293/1293/1293
f 1284/1284/1284 1294/1294/1294 1292/1292/1292
f 1283/1283/1283 1293/1293/1293 1295/1295/1295
f 1284/1284/1284 1296/1296/1296 1294/1294/1294
f 1283/1283/1283 1295/1295/1295 1297/1297/1297
f 1284/1284/1284 1298/1298/1298 1296/1296/1296
f 1283/1283/1283 1297/1297/1297 1299/1299/1299
f 1284/1284/1284 1300/1300/1300 1298/1298/1298
f 1283/1283/1283 1299/1299/1299 1301/1301/1301
f 1284/1284/1284 1302/1302/1302 1300/1300/1300
f 1283/1283/1283 1301/1301/1301 1303/1303/1303
f 1284/1284/1284 1304/1304/1304 1302/1302/1302
f 1283/1283/1283 1303/1303/1303 1305/1305/1305
f 1284/1284/1284 1306/1306/1306 1304/1304/1304
f 1283/1283/1283 1305/1305/1305 1307/1307/1307
f 1284/1284/1284 1308/1308/1308 1306/1306/1306
f 1283/1283/1283 1307/1307/1307 1285/1285/1285
f 1284/1284/1284 1286/1286/1286 1308/1308/1308
usemtl 03_Brass
f 1309/1309/1309 1310/1310/1310 1311/1311/1311
f 1309/1309/1309 1311/1311/1311 1312/1312/1312
f 1313/1313/1313 1314/1314/1314 1315/1315/1315
f 1313/1313/1313 1315/1315/1315 1316/1316/1316
f 1317/1317/1317 1318/1318/1318 1319/1319/1319
f 1317/1317/1317 1319/1319/1319 1320/1320/1320
f 1321/1321/1321 1322/1322/1322 1323/1323/1323
f 1321/1321/1321 1323/1323/1323 1324/1324/1324
f 1325/1325/1325 1326/1326/1326 1327/1327/1327
f 1325/1325/1325 1327/1327/1327 1328/1328/1328
f 1329/1329/1329 1330/1330/1330 1331/1331/1331
f 1329/1329/1329 1331/1331/1331 1332/1332/1332
f 1333/1333/1333 1334/1334/1334 1336/1336/1336
f 1333/1333/1333 1336/1336/1336 1335/1335/1335
f 1335/1335/1335 1336/1336/1336 1338/1338/1338
f 1335/1335/1335 1338/1338/1338 1337/1337/1337
f 1337/1337/1337 1338/1338/1338 1340/1340/1340
f 1337/1337/1337 1340/1340/1340 1339/1339/1339
f 1339/1339/1339 1340/1340/1340 1342/1342/1342
f 1339/1339/1339 1342/1342/1342 1341/1341/1341
f 1341/1341/1341 1342/1342/1342 1344/1344/1344
f 1341/1341/1341 1344/1344/1344 1343/1343/1343
f 1343/1343/1343 1344/1344/1344 1346/1346/1346
f 1343/1343/1343 1346/1346/1346 1345/1345/1345
f 1345/1345/1345 1346/1346/1346 1348/1348/1348
f 1345/1345/1345 1348/1348/1348 1347/1347/1347
f 1347/1347/1347 1348/1348/1348 1350/1350/1350
f 1347/1347/1347 1350/1350/1350 1349/1349/1349
f 1349/1349/1349 1350/1350/1350 1352/1352/1352
f 1349/1349/1349 1352/1352/1352 1351/1351/1351
f 1351/1351/1351 1352/1352/1352 1354/1354/1354
f 1351/1351/1351 1354/1354/1354 1353/1353/1353
f 1353/1353/1353 1354/1354/1354 1356/1356/1356
f 1353/1353/1353 1356/1356/1356 1355/1355/1355
f 1355/1355/1355 1356/1356/1356 1358/1358/1358
f 1355/1355/1355 1358/1358/1358 1357/1357/1357
f 1357/1357/1357 1358/1358/1358 1360/1360/1360
f 1357/1357/1357 1360/1360/1360 1359/1359/1359
f 1359/1359/1359 1360/1360/1360 1362/1362/1362
f 1359/1359/1359 1362/1362/1362 1361/1361/1361
f 1361/1361/1361 1362/1362/1362 1364/1364/1364
f 1361/1361/1361 1364/1364/1364 1363/1363/1363
f 1363/1363/1363 1364/1364/1364 1334/1334/1334
f 1363/1363/1363 1334/1334/1334 1333/1333/1333
f 1365/1365/1365 1367/1367/1367 1369/1369/1369
f 1366/1366/1366 1370/1370/1370 1368/1368/1368
f 1365/1365/1365 1369/1369/1369 1371/1371/1371
f 1366/1366/1366 1372/1372/1372 1370/1370/1370
f 1365/1365/1365 1371/1371/1371 1373/1373/1373
f 1366/1366/1366 1374/1374/1374 1372/1372/1372
f 1365/1365/1365 1373/1373/1373 1375/1375/1375
f 1366/1366/1366 1376/1376/1376 1374/1374/1374
f 1365/1365/1365 1375/1375/1375 1377/1377/1377
f 1366/1366/1366 1378/1378/1378 1376/1376/1376
f 1365/1365/1365 1377/1377/1377 1379/1379/1379
f 1366/1366/1366 1380/1380/1380 1378/1378/1378
f 1365/1365/1365 1379/1379/1379 1381/1381/1381
f 1366/1366/1366 1382/1382/1382 1380/1380/1380
f 1365/1365/1365 1381/1381/1381 1383/1383/1383
f 1366/1366/1366 1384/1384/1384 1382/1382/1382
f 1365/1365/1365 1383/1383/1383 1385/1385/1385
f 1366/1366/1366 1386/1386/1386 1384/1384/1384
f 1365/1365/1365 1385/1385/1385 1387/1387/1387
f 1366/1366/1366 1388/1388/1388 1386/1386/1386
f 1365/1365/1365 1387/1387/1387 1389/1389/1389
f 1366/1366/1366 1390/1390/1390 1388/1388/1388
f 1365/1365/1365 1389/1389/1389 1391/1391/1391
f 1366/1366/1366 1392/1392/1392 1390/1390/1390
f 1365/1365/1365 1391/1391/1391 1393/1393/1393
f 1366/1366/1366 1394/1394/1394 1392/1392/1392
f 1365/1365/1365 1393/1393/1393 1395/1395/1395
f 1366/1366/1366 1396/1396/1396 1394/1394/1394
f 1365/1365/1365 1395/1395/1395 1397/1397/1397
f 1366/1366/1366 1398/1398/1398 1396/1396/1396
f 1365/1365/1365 1397/1397/1397 1367/1367/1367
f 1366/1366/1366 1368/1368/1368 1398/1398/1398
f 1399/1399/1399 1400/1400/1400 1402/1402/1402
f 1399/1399/1399 1402/1402/1402 1401/1401/1401
f 1401/1401/1401 1402/1402/1402 1404/1404/1404
f 1401/1401/1401 1404/1404/1404 1403/1403/1403
f 1403/1403/1403 1404/1404/1404 1406/1406/1406
f 1403/1403/1403 1406/1406/1406 1405/1405/1405
f 1405/1405/1405 1406/1406/1406 1408/1408/1408
f 1405/1405/1405 1408/1408/1408 1407/1407/1407
f 1407/1407/1407 1408/1408/1408 1410/1410/1410
f 1407/1407/1407 1410/1410/1410 1409/1409/1409
f 1409/1409/1409 1410/1410/1410 1412/1412/1412
f 1409/1409/1409 1412/1412/1412 1411/1411/1411
f 1411/1411/1411 1412/1412/1412 1414/1414/1414
f 1411/1411/1411 1414/1414/1414 1413/1413/1413
f 1413/1413/1413 1414/1414/1414 1416/1416/1416
f 1413/1413/1413 1416/1416/1416 1415/1415/1415
f 1415/1415/1415 1416/1416/1416 1418/1418/1418
f 1415/1415/1415 1418/1418/1418 1417/1417/1417
f 1417/1417/1417 1418/1418/1418 1420/1420/1420
f 1417/1417/1417 1420/1420/1420 1419/1419/1419
f 1419/1419/1419 1420/1420/1420 1422/1422/1422
f 1419/1419/1419 1422/1422/1422 1421/1421/1421
f 1421/1421/1421 1422/1422/1422 1400/1400/1400
f 1421/1421/1421 1400/1400/1400 1399/1399/1399
f 1423/1423/1423 1425/1425/1425 1427/1427/1427
f 1424/1424/1424 1428/1428/1428 1426/1426/1426
f 1423/1423/1423 1427/1427/1427 1429/1429/1429
f 1424/1424/1424 1430/1430/1430 1428/1428/1428
f 1423/1423/1423 1429/1429/1429 1431/1431/1431
f 1424/1424/1424 1432/1432/1432 1430/1430/1430
f 1423/1423/1423 1431/1431/1431 1433/1433/1433
f 1424/1424/1424 1434/1434/1434 1432/1432/1432
f 1423/1423/1423 1433/1433/1433 1435/1435/1435
f 1424/1424/1424 1436/1436/1436 1434/1434/1434
f 1423/1423/1423 1435/1435/1435 1437/1437/1437
f 1424/1424/1424 1438/1438/1438 1436/1436/1436
f 1423/1423/1423 1437/1437/1437 1439/1439/1439
f 1424/1424/1424 1440/1440/1440 1438/1438/1438
f 1423/1423/1423 1439/1439/1439 1441/1441/1441
f 1424/1424/1424 1442/1442/1442 1440/1440/1440
f 1423/1423/1423 1441/1441/1441 1443/1443/1443
f 1424/1424/1424 1444/1444/1444 1442/1442/1442
f 1423/1423/1423 1443/1443/1443 1445/1445/1445
f 1424/1424/1424 1446/1446/1446 1444/1444/1444
f 1423/1423/1423 1445/1445/1445 1447/1447/1447
f 1424/1424/1424 1448/1448/1448 1446/1446/1446
f 1423/1423/1423 1447/1447/1447 1425/1425/1425
f 1424/1424/1424 1426/1426/1426 1448/1448/1448
f 1449/1449/1449 1457/1457/1457 1458/1458/1458
f 1449/1449/1449 1458/1458/1458 1450/1450/1450
f 1450/1450/1450 1458/1458/1458 1459/1459/1459
f 1450/1450/1450 1459/1459/1459 1451/1451/1451
f 1451/1451/1451 1459/1459/1459 1460/1460/1460
f 1451/1451/1451 1460/1460/1460 1452/1452/1452
f 1452/1452/1452 1460/1460/1460 1461/1461/1461
f 1452/1452/1452 1461/1461/1461 1453/1453/1453
f 1453/1453/1453 1461/1461/1461 1462/1462/1462
f 1453/1453/1453 1462/1462/1462 1454/1454/1454
f 1454/1454/1454 1462/1462/1462 1463/1463/1463
f 1454/1454/1454 1463/1463/1463 1455/1455/1455
f 1455/1455/1455 1463/1463/1463 1464/1464/1464
f 1455/1455/1455 1464/1464/1464 1456/1456/1456
f 1456/1456/1456 1464/1464/1464 1457/1457/1457
f 1456/1456/1456 1457/1457/1457 1449/1449/1449
f 1457/1457/1457 1465/1465/1465 1466/1466/1466
f 1457/1457/1457 1466/1466/1466 1458/1458/1458
f 1458/1458/1458 1466/1466/1466 1467/1467/1467
f 1458/1458/1458 1467/1467/1467 1459/1459/1459
f 1459/1459/1459 1467/1467/1467 1468/1468/1468
f 1459/1459/1459 1468/1468/1468 1460/1460/1460
f 1460/1460/1460 1468/1468/1468 1469/1469/1469
f 1460/1460/1460 1469/1469/1469 1461/1461/1461
f 1461/1461/1461 1469/1469/1469 1470/1470/1470
f 1461/1461/1461 1470/1470/1470 1462/1462/1462
f 1462/1462/1462 1470/1470/1470 1471/1471/1471
f 1462/1462/1462 1471/1471/1471 1463/1463/1463
f 1463/1463/1463 1471/1471/1471 1472/1472/1472
f 1463/1463/1463 1472/1472/1472 1464/1464/1464
f 1464/1464/1464 1472/1472/1472 1465/1465/1465
f 1464/1464/1464 1465/1465/1465 1457/1457/1457
f 1465/1465/1465 1473/1473/1473 1474/1474/1474
f 1465/1465/1465 1474/1474/1474 1466/1466/1466
f 1466/1466/1466 1474/1474/1474 1475/1475/1475
f 1466/1466/1466 1475/1475/1475 1467/1467/1467
f 1467/1467/1467 1475/1475/1475 1476/1476/1476
f 1467/1467/1467 1476/1476/1476 1468/1468/1468
f 1468/1468/1468 1476/1476/1476 1477/1477/1477
f 1468/1468/1468 1477/1477/1477 1469/1469/1469
f 1469/1469/1469 1477/1477/1477 1478/1478/1478
f 1469/1469/1469 1478/1478/1478 1470/1470/1470
f 1470/1470/1470 1478/1478/1478 1479/1479/1479
f 1470/1470/1470 1479/1479/1479 1471/1471/1471
f 1471/1471/1471 1479/1479/1479 1480/1480/1480
f 1471/1471/1471 1480/1480/1480 1472/1472/1472
f 1472/1472/1472 1480/1480/1480 1473/1473/1473
f 1472/1472/1472 1473/1473/1473 1465/1465/1465
f 1473/1473/1473 1481/1481/1481 1482/1482/1482
f 1473/1473/1473 1482/1482/1482 1474/1474/1474
f 1474/1474/1474 1482/1482/1482 1483/1483/1483
f 1474/1474/1474 1483/1483/1483 1475/1475/1475
f 1475/1475/1475 1483/1483/1483 1484/1484/1484
f 1475/1475/1475 1484/1484/1484 1476/1476/1476
f 1476/1476/1476 1484/1484/1484 1485/1485/1485
f 1476/1476/1476 1485/1485/1485 1477/1477/1477
f 1477/1477/1477 1485/1485/1485 1486/1486/1486
f 1477/1477/1477 1486/1486/1486 1478/1478/1478
f 1478/1478/1478 1486/1486/1486 1487/1487/1487
f 1478/1478/1478 1487/1487/1487 1479/1479/1479
f 1479/1479/1479 1487/1487/1487 1488/1488/1488
f 1479/1479/1479 1488/1488/1488 1480/1480/1480
f 1480/1480/1480 1488/1488/1488 1481/1481/1481
f 1480/1480/1480 1481/1481/1481 1473/1473/1473
f 1481/1481/1481 1489/1489/1489 1490/1490/1490
f 1481/1481/1481 1490/1490/1490 1482/1482/1482
f 1482/1482/1482 1490/1490/1490 1491/1491/1491
f 1482/1482/1482 1491/1491/1491 1483/1483/1483
f 1483/1483/1483 1491/1491/1491 1492/1492/1492
f 1483/1483/1483 1492/1492/1492 1484/1484/1484
f 1484/1484/1484 1492/1492/1492 1493/1493/1493
f 1484/1484/1484 1493/1493/1493 1485/1485/1485
f 1485/1485/1485 1493/1493/1493 1494/1494/1494
f 1485/1485/1485 1494/1494/1494 1486/1486/1486
f 1486/1486/1486 1494/1494/1494 1495/1495/1495
f 1486/1486/1486 1495/1495/1495 1487/1487/1487
f 1487/1487/1487 1495/1495/1495 1496/1496/1496
f 1487/1487/1487 1496/1496/1496 1488/1488/1488
f 1488/1488/1488 1496/1496/1496 1489/1489/1489
f 1488/1488/1488 1489/1489/1489 1481/1481/1481
f 1489/1489/1489 1497/1497/1497 1498/1498/1498
f 1489/1489/1489 1498/1498/1498 1490/1490/1490
f 1490/1490/1490 1498/1498/1498 1499/1499/1499
f 1490/1490/1490 1499/1499/1499 1491/1491/1491
f 1491/1491/1491 1499/1499/1499 1500/1500/1500
f 1491/1491/1491 1500/1500/1500 1492/1492/1492
f 1492/1492/1492 1500/1500/1500 1501/1501/1501
f 1492/1492/1492 1501/1501/1501 1493/1493/1493
f 1493/1493/1493 1501/1501/1501 1502/1502/1502
f 1493/1493/1493 1502/1502/1502 1494/1494/1494
f 1494/1494/1494 1502/1502/1502 1503/1503/1503
f 1494/1494/1494 1503/1503/1503 1495/1495/1495
f 1495/1495/1495 1503/1503/1503 1504/1504/1504
f 1495/1495/1495 1504/1504/1504 1496/1496/1496
f 1496/1496/1496 1504/1504/1504 1497/1497/1497
f 1496/1496/1496 1497/1497/1497 1489/1489/1489
f 1497/1497/1497 1505/1505/1505 1506/1506/1506
f 1497/1497/1497 1506/1506/1506 1498/1498/1498
f 1498/1498/1498 1506/1506/1506 1507/1507/1507
f 1498/1498/1498 1507/1507/1507 1499/1499/1499
f 1499/1499/1499 1507/1507/1507 1508/1508/1508
f 1499/1499/1499 1508/1508/1508 1500/1500/1500
f 1500/1500/1500 1508/1508/1508 1509/1509/1509
f 1500/1500/1500 1509/1509/1509 1501/1501/1501
f 1501/1501/1501 1509/1509/1509 1510/1510/1510
f 1501/1501/1501 1510/1510/1510 1502/1502/1502
f 1502/1502/1502 1510/1510/1510 1511/1511/1511
f 1502/1502/1502 1511/1511/1511 1503/1503/1503
f 1503/1503/1503 1511/1511/1511 1512/1512/1512
f 1503/1503/1503 1512/1512/1512 1504/1504/1504
f 1504/1504/1504 1512/1512/1512 1505/1505/1505
f 1504/1504/1504 1505/1505/1505 1497/1497/1497
f 1505/1505/1505 1513/1513/1513 1514/1514/1514
f 1505/1505/1505 1514/1514/1514 1506/1506/1506
f 1506/1506/1506 1514/1514/1514 1515/1515/1515
f 1506/1506/1506 1515/1515/1515 1507/1507/1507
f 1507/1507/1507 1515/1515/1515 1516/1516/1516
f 1507/1507/1507 1516/1516/1516 1508/1508/1508
f 1508/1508/1508 1516/1516/1516 1517/1517/1517
f 1508/1508/1508 1517/1517/1517 1509/1509/1509
f 1509/1509/1509 1517/1517/1517 1518/1518/1518
f 1509/1509/1509 1518/1518/1518 1510/1510/1510
f 1510/1510/1510 1518/1518/1518 1519/1519/1519
f 1510/1510/1510 1519/1519/1519 1511/1511/1511
f 1511/1511/1511 1519/1519/1519 1520/1520/1520
f 1511/1511/1511 1520/1520/1520 1512/1512/1512
f 1512/1512/1512 1520/1520/1520 1513/1513/1513
f 1512/1512/1512 1513/1513/1513 1505/1505/1505
f 1513/1513/1513 1521/1521/1521 1522/1522/1522
f 1513/1513/1513 1522/1522/1522 1514/1514/1514
f 1514/1514/1514 1522/1522/1522 1523/1523/1523
f 1514/1514/1514 1523/1523/1523 1515/1515/1515
f 1515/1515/1515 1523/1523/1523 1524/1524/1524
f 1515/1515/1515 1524/1524/1524 1516/1516/1516
f 1516/1516/1516 1524/1524/1524 1525/1525/1525
f 1516/1516/1516 1525/1525/1525 1517/1517/1517
f 1517/1517/1517 1525/1525/1525 1526/1526/1526
f 1517/1517/1517 1526/1526/1526 1518/1518/1518
f 1518/1518/1518 1526/1526/1526 1527/1527/1527
f 1518/1518/1518 1527/1527/1527 1519/1519/1519
f 1519/1519/1519 1527/1527/1527 1528/1528/1528
f 1519/1519/1519 1528/1528/1528 1520/1520/1520
f 1520/1520/1520 1528/1528/1528 1521/1521/1521
f 1520/1520/1520 1521/1521/1521 1513/1513/1513
f 1521/1521/1521 1529/1529/1529 1530/1530/1530
f 1521/1521/1521 1530/1530/1530 1522/1522/1522
f 1522/1522/1522 1530/1530/1530 1531/1531/1531
f 1522/1522/1522 1531/1531/1531 1523/1523/1523
f 1523/1523/1523 1531/1531/1531 1532/1532/1532
f 1523/1523/1523 1532/1532/1532 1524/1524/1524
f 1524/1524/1524 1532/1532/1532 1533/1533/1533
f 1524/1524/1524 1533/1533/1533 1525/1525/1525
f 1525/1525/1525 1533/1533/1533 1534/1534/1534
f 1525/1525/1525 1534/1534/1534 1526/1526/1526
f 1526/1526/1526 1534/1534/1534 1535/1535/1535
f 1526/1526/1526 1535/1535/1535 1527/1527/1527
f 1527/1527/1527 1535/1535/1535 1536/1536/1536
f 1527/1527/1527 1536/1536/1536 1528/1528/1528
f 1528/1528/1528 1536/1536/1536 1529/1529/1529
f 1528/1528/1528 1529/1529/1529 1521/1521/1521
f 1529/1529/1529 1537/1537/1537 1538/1538/1538
f 1529/1529/1529 1538/1538/1538 1530/1530/1530
f 1530/1530/1530 1538/1538/1538 1539/1539/1539
f 1530/1530/1530 1539/1539/1539 1531/1531/1531
f 1531/1531/1531 1539/1539/1539 1540/1540/1540
f 1531/1531/1531 1540/1540/1540 1532/1532/1532
f 1532/1532/1532 1540/1540/1540 1541/1541/1541
f 1532/1532/1532 1541/1541/1541 1533/1533/1533
f 1533/1533/1533 1541/1541/1541 1542/1542/1542
f 1533/1533/1533 1542/1542/1542 1534/1534/1534
f 1534/1534/1534 1542/1542/1542 1543/1543/1543
f 1534/1534/1534 1543/1543/1543 1535/1535/1535
f 1535/1535/1535 1543/1543/1543 1544/1544/1544
f 1535/1535/1535 1544/1544/1544 1536/1536/1536
f 1536/1536/1536 1544/1544/1544 1537/1537/1537
f 1536/1536/1536 1537/1537/1537 1529/1529/1529
f 1537/1537/1537 1545/1545/1545 1546/1546/1546
f 1537/1537/1537 1546/1546/1546 1538/1538/1538
f 1538/1538/1538 1546/1546/1546 1547/1547/1547
f 1538/1538/1538 1547/1547/1547 1539/1539/1539
f 1539/1539/1539 1547/1547/1547 1548/1548/1548
f 1539/1539/1539 1548/1548/1548 1540/1540/1540
f 1540/1540/1540 1548/1548/1548 1549/1549/1549
f 1540/1540/1540 1549/1549/1549 1541/1541/1541
f 1541/1541/1541 1549/1549/1549 1550/1550/1550
f 1541/1541/1541 1550/1550/1550 1542/1542/1542
f 1542/1542/1542 1550/1550/1550 1551/1551/1551
f 1542/1542/1542 1551/1551/1551 1543/1543/1543
f 1543/1543/1543 1551/1551/1551 1552/1552/1552
f 1543/1543/1543 1552/1552/1552 1544/1544/1544
f 1544/1544/1544 1552/1552/1552 1545/1545/1545
f 1544/1544/1544 1545/1545/1545 1537/1537/1537
f 1545/1545/1545 1553/1553/1553 1554/1554/1554
f 1545/1545/1545 1554/1554/1554 1546/1546/1546
f 1546/1546/1546 1554/1554/1554 1555/1555/1555
f 1546/1546/1546 1555/1555/1555 1547/1547/1547
f 1547/1547/1547 1555/1555/1555 1556/1556/1556
f 1547/1547/1547 1556/1556/1556 1548/1548/1548
f 1548/1548/1548 1556/1556/1556 1557/1557/1557
f 1548/1548/1548 1557/1557/1557 1549/1549/1549
f 1549/1549/1549 1557/1557/1557 1558/1558/1558
f 1549/1549/1549 1558/1558/1558 1550/1550/1550
f 1550/1550/1550 1558/1558/1558 1559/1559/1559
f 1550/1550/1550 1559/1559/1559 1551/1551/1551
f 1551/1551/1551 1559/1559/1559 1560/1560/1560
f 1551/1551/1551 1560/1560/1560 1552/1552/1552
f 1552/1552/1552 1560/1560/1560 1553/1553/1553
f 1552/1552/1552 1553/1553/1553 1545/1545/1545
f 1553/1553/1553 1561/1561/1561 1562/1562/1562
f 1553/1553/1553 1562/1562/1562 1554/1554/1554
f 1554/1554/1554 1562/1562/1562 1563/1563/1563
f 1554/1554/1554 1563/1563/1563 1555/1555/1555
f 1555/1555/1555 1563/1563/1563 1564/1564/1564
f 1555/1555/1555 1564/1564/1564 1556/1556/1556
f 1556/1556/1556 1564/1564/1564 1565/1565/1565
f 1556/1556/1556 1565/1565/1565 1557/1557/1557
f 1557/1557/1557 1565/1565/1565 1566/1566/1566
f 1557/1557/1557 1566/1566/1566 1558/1558/1558
f 1558/1558/1558 1566/1566/1566 1567/1567/1567
f 1558/1558/1558 1567/1567/1567 1559/1559/1559
f 1559/1559/1559 1567/1567/1567 1568/1568/1568
f 1559/1559/1559 1568/1568/1568 1560/1560/1560
f 1560/1560/1560 1568/1568/1568 1561/1561/1561
f 1560/1560/1560 1561/1561/1561 1553/1553/1553
f 1561/1561/1561 1569/1569/1569 1570/1570/1570
f 1561/1561/1561 1570/1570/1570 1562/1562/1562
f 1562/1562/1562 1570/1570/1570 1571/1571/1571
f 1562/1562/1562 1571/1571/1571 1563/1563/1563
f 1563/1563/1563 1571/1571/1571 1572/1572/1572
f 1563/1563/1563 1572/1572/1572 1564/1564/1564
f 1564/1564/1564 1572/1572/1572 1573/1573/1573
f 1564/1564/1564 1573/1573/1573 1565/1565/1565
f 1565/1565/1565 1573/1573/1573 1574/1574/1574
f 1565/1565/1565 1574/1574/1574 1566/1566/1566
f 1566/1566/1566 1574/1574/1574 1575/1575/1575
f 1566/1566/1566 1575/1575/1575 1567/1567/1567
f 1567/1567/1567 1575/1575/1575 1576/1576/1576
f 1567/1567/1567 1576/1576/1576 1568/1568/1568
f 1568/1568/1568 1576/1576/1576 1569/1569/1569
f 1568/1568/1568 1569/1569/1569 1561/1561/1561
f 1569/1569/1569 1449/1449/1449 1450/1450/1450
f 1569/1569/1569 1450/1450/1450 1570/1570/1570
f 1570/1570/1570 1450/1450/1450 1451/1451/1451
f 1570/1570/1570 1451/1451/1451 1571/1571/1571
f 1571/1571/1571 1451/1451/1451 1452/1452/1452
f 1571/1571/1571 1452/1452/1452 1572/1572/1572
f 1572/1572/1572 1452/1452/1452 1453/1453/1453
f 1572/1572/1572 1453/1453/1453 1573/1573/1573
f 1573/1573/1573 1453/1453/1453 1454/1454/1454
f 1573/1573/1573 1454/1454/1454 1574/1574/1574
f 1574/1574/1574 1454/1454/1454 1455/1455/1455
f 1574/1574/1574 1455/1455/1455 1575/1575/1575
f 1575/1575/1575 1455/1455/1455 1456/1456/1456
f 1575/1575/1575 1456/1456/1456 1576/1576/1576
f 1576/1576/1576 1456/1456/1456 1449/1449/1449
f 1576/1576/1576 1449/1449/1449 1569/1569/1569
