# Multi-Material High-Detail Industrial Asset: multi_gas_detector_hd.obj
v -0.058000 0.002500 0.027500
v 0.058000 0.002500 0.027500
v 0.058000 0.177500 0.027500
v -0.058000 0.177500 0.027500
v 0.058000 0.002500 -0.027500
v -0.058000 0.002500 -0.027500
v -0.058000 0.177500 -0.027500
v 0.058000 0.177500 -0.027500
v -0.058000 0.177500 0.027500
v 0.058000 0.177500 0.027500
v 0.058000 0.177500 -0.027500
v -0.058000 0.177500 -0.027500
v -0.058000 0.002500 -0.027500
v 0.058000 0.002500 -0.027500
v 0.058000 0.002500 0.027500
v -0.058000 0.002500 0.027500
v 0.058000 0.002500 0.027500
v 0.058000 0.002500 -0.027500
v 0.058000 0.177500 -0.027500
v 0.058000 0.177500 0.027500
v -0.058000 0.002500 -0.027500
v -0.058000 0.002500 0.027500
v -0.058000 0.177500 0.027500
v -0.058000 0.177500 -0.027500
v -0.060000 0.167000 0.030000
v -0.036000 0.167000 0.030000
v -0.036000 0.189000 0.030000
v -0.060000 0.189000 0.030000
v -0.036000 0.167000 -0.030000
v -0.060000 0.167000 -0.030000
v -0.060000 0.189000 -0.030000
v -0.036000 0.189000 -0.030000
v -0.060000 0.189000 0.030000
v -0.036000 0.189000 0.030000
v -0.036000 0.189000 -0.030000
v -0.060000 0.189000 -0.030000
v -0.060000 0.167000 -0.030000
v -0.036000 0.167000 -0.030000
v -0.036000 0.167000 0.030000
v -0.060000 0.167000 0.030000
v -0.036000 0.167000 0.030000
v -0.036000 0.167000 -0.030000
v -0.036000 0.189000 -0.030000
v -0.036000 0.189000 0.030000
v -0.060000 0.167000 -0.030000
v -0.060000 0.167000 0.030000
v -0.060000 0.189000 0.030000
v -0.060000 0.189000 -0.030000
v 0.036000 0.167000 0.030000
v 0.060000 0.167000 0.030000
v 0.060000 0.189000 0.030000
v 0.036000 0.189000 0.030000
v 0.060000 0.167000 -0.030000
v 0.036000 0.167000 -0.030000
v 0.036000 0.189000 -0.030000
v 0.060000 0.189000 -0.030000
v 0.036000 0.189000 0.030000
v 0.060000 0.189000 0.030000
v 0.060000 0.189000 -0.030000
v 0.036000 0.189000 -0.030000
v 0.036000 0.167000 -0.030000
v 0.060000 0.167000 -0.030000
v 0.060000 0.167000 0.030000
v 0.036000 0.167000 0.030000
v 0.060000 0.167000 0.030000
v 0.060000 0.167000 -0.030000
v 0.060000 0.189000 -0.030000
v 0.060000 0.189000 0.030000
v 0.036000 0.167000 -0.030000
v 0.036000 0.167000 0.030000
v 0.036000 0.189000 0.030000
v 0.036000 0.189000 -0.030000
v -0.063000 0.041000 0.022500
v -0.055000 0.041000 0.022500
v -0.055000 0.059000 0.022500
v -0.063000 0.059000 0.022500
v -0.055000 0.041000 -0.022500
v -0.063000 0.041000 -0.022500
v -0.063000 0.059000 -0.022500
v -0.055000 0.059000 -0.022500
v -0.063000 0.059000 0.022500
v -0.055000 0.059000 0.022500
v -0.055000 0.059000 -0.022500
v -0.063000 0.059000 -0.022500
v -0.063000 0.041000 -0.022500
v -0.055000 0.041000 -0.022500
v -0.055000 0.041000 0.022500
v -0.063000 0.041000 0.022500
v -0.055000 0.041000 0.022500
v -0.055000 0.041000 -0.022500
v -0.055000 0.059000 -0.022500
v -0.055000 0.059000 0.022500
v -0.063000 0.041000 -0.022500
v -0.063000 0.041000 0.022500
v -0.063000 0.059000 0.022500
v -0.063000 0.059000 -0.022500
v 0.055000 0.041000 0.022500
v 0.063000 0.041000 0.022500
v 0.063000 0.059000 0.022500
v 0.055000 0.059000 0.022500
v 0.063000 0.041000 -0.022500
v 0.055000 0.041000 -0.022500
v 0.055000 0.059000 -0.022500
v 0.063000 0.059000 -0.022500
v 0.055000 0.059000 0.022500
v 0.063000 0.059000 0.022500
v 0.063000 0.059000 -0.022500
v 0.055000 0.059000 -0.022500
v 0.055000 0.041000 -0.022500
v 0.063000 0.041000 -0.022500
v 0.063000 0.041000 0.022500
v 0.055000 0.041000 0.022500
v 0.063000 0.041000 0.022500
v 0.063000 0.041000 -0.022500
v 0.063000 0.059000 -0.022500
v 0.063000 0.059000 0.022500
v 0.055000 0.041000 -0.022500
v 0.055000 0.041000 0.022500
v 0.055000 0.059000 0.022500
v 0.055000 0.059000 -0.022500
v -0.063000 0.081000 0.022500
v -0.055000 0.081000 0.022500
v -0.055000 0.099000 0.022500
v -0.063000 0.099000 0.022500
v -0.055000 0.081000 -0.022500
v -0.063000 0.081000 -0.022500
v -0.063000 0.099000 -0.022500
v -0.055000 0.099000 -0.022500
v -0.063000 0.099000 0.022500
v -0.055000 0.099000 0.022500
v -0.055000 0.099000 -0.022500
v -0.063000 0.099000 -0.022500
v -0.063000 0.081000 -0.022500
v -0.055000 0.081000 -0.022500
v -0.055000 0.081000 0.022500
v -0.063000 0.081000 0.022500
v -0.055000 0.081000 0.022500
v -0.055000 0.081000 -0.022500
v -0.055000 0.099000 -0.022500
v -0.055000 0.099000 0.022500
v -0.063000 0.081000 -0.022500
v -0.063000 0.081000 0.022500
v -0.063000 0.099000 0.022500
v -0.063000 0.099000 -0.022500
v 0.055000 0.081000 0.022500
v 0.063000 0.081000 0.022500
v 0.063000 0.099000 0.022500
v 0.055000 0.099000 0.022500
v 0.063000 0.081000 -0.022500
v 0.055000 0.081000 -0.022500
v 0.055000 0.099000 -0.022500
v 0.063000 0.099000 -0.022500
v 0.055000 0.099000 0.022500
v 0.063000 0.099000 0.022500
v 0.063000 0.099000 -0.022500
v 0.055000 0.099000 -0.022500
v 0.055000 0.081000 -0.022500
v 0.063000 0.081000 -0.022500
v 0.063000 0.081000 0.022500
v 0.055000 0.081000 0.022500
v 0.063000 0.081000 0.022500
v 0.063000 0.081000 -0.022500
v 0.063000 0.099000 -0.022500
v 0.063000 0.099000 0.022500
v 0.055000 0.081000 -0.022500
v 0.055000 0.081000 0.022500
v 0.055000 0.099000 0.022500
v 0.055000 0.099000 -0.022500
v -0.063000 0.121000 0.022500
v -0.055000 0.121000 0.022500
v -0.055000 0.139000 0.022500
v -0.063000 0.139000 0.022500
v -0.055000 0.121000 -0.022500
v -0.063000 0.121000 -0.022500
v -0.063000 0.139000 -0.022500
v -0.055000 0.139000 -0.022500
v -0.063000 0.139000 0.022500
v -0.055000 0.139000 0.022500
v -0.055000 0.139000 -0.022500
v -0.063000 0.139000 -0.022500
v -0.063000 0.121000 -0.022500
v -0.055000 0.121000 -0.022500
v -0.055000 0.121000 0.022500
v -0.063000 0.121000 0.022500
v -0.055000 0.121000 0.022500
v -0.055000 0.121000 -0.022500
v -0.055000 0.139000 -0.022500
v -0.055000 0.139000 0.022500
v -0.063000 0.121000 -0.022500
v -0.063000 0.121000 0.022500
v -0.063000 0.139000 0.022500
v -0.063000 0.139000 -0.022500
v 0.055000 0.121000 0.022500
v 0.063000 0.121000 0.022500
v 0.063000 0.139000 0.022500
v 0.055000 0.139000 0.022500
v 0.063000 0.121000 -0.022500
v 0.055000 0.121000 -0.022500
v 0.055000 0.139000 -0.022500
v 0.063000 0.139000 -0.022500
v 0.055000 0.139000 0.022500
v 0.063000 0.139000 0.022500
v 0.063000 0.139000 -0.022500
v 0.055000 0.139000 -0.022500
v 0.055000 0.121000 -0.022500
v 0.063000 0.121000 -0.022500
v 0.063000 0.121000 0.022500
v 0.055000 0.121000 0.022500
v 0.063000 0.121000 0.022500
v 0.063000 0.121000 -0.022500
v 0.063000 0.139000 -0.022500
v 0.063000 0.139000 0.022500
v 0.055000 0.121000 -0.022500
v 0.055000 0.121000 0.022500
v 0.055000 0.139000 0.022500
v 0.055000 0.139000 -0.022500
v -0.042000 0.093000 -0.023000
v 0.042000 0.093000 -0.023000
v 0.042000 0.157000 -0.023000
v -0.042000 0.157000 -0.023000
v 0.042000 0.093000 -0.031000
v -0.042000 0.093000 -0.031000
v -0.042000 0.157000 -0.031000
v 0.042000 0.157000 -0.031000
v -0.042000 0.157000 -0.023000
v 0.042000 0.157000 -0.023000
v 0.042000 0.157000 -0.031000
v -0.042000 0.157000 -0.031000
v -0.042000 0.093000 -0.031000
v 0.042000 0.093000 -0.031000
v 0.042000 0.093000 -0.023000
v -0.042000 0.093000 -0.023000
v 0.042000 0.093000 -0.023000
v 0.042000 0.093000 -0.031000
v 0.042000 0.157000 -0.031000
v 0.042000 0.157000 -0.023000
v -0.042000 0.093000 -0.031000
v -0.042000 0.093000 -0.023000
v -0.042000 0.157000 -0.023000
v -0.042000 0.157000 -0.031000
v -0.010000 0.058000 -0.023000
v -0.010000 0.058000 -0.033000
v -0.011066 0.063358 -0.023000
v -0.011066 0.063358 -0.033000
v -0.014101 0.067899 -0.023000
v -0.014101 0.067899 -0.033000
v -0.018642 0.070934 -0.023000
v -0.018642 0.070934 -0.033000
v -0.024000 0.072000 -0.023000
v -0.024000 0.072000 -0.033000
v -0.029358 0.070934 -0.023000
v -0.029358 0.070934 -0.033000
v -0.033899 0.067899 -0.023000
v -0.033899 0.067899 -0.033000
v -0.036934 0.063358 -0.023000
v -0.036934 0.063358 -0.033000
v -0.038000 0.058000 -0.023000
v -0.038000 0.058000 -0.033000
v -0.036934 0.052642 -0.023000
v -0.036934 0.052642 -0.033000
v -0.033899 0.048101 -0.023000
v -0.033899 0.048101 -0.033000
v -0.029358 0.045066 -0.023000
v -0.029358 0.045066 -0.033000
v -0.024000 0.044000 -0.023000
v -0.024000 0.044000 -0.033000
v -0.018642 0.045066 -0.023000
v -0.018642 0.045066 -0.033000
v -0.014101 0.048101 -0.023000
v -0.014101 0.048101 -0.033000
v -0.011066 0.052642 -0.023000
v -0.011066 0.052642 -0.033000
v -0.024000 0.058000 -0.023000
v -0.024000 0.058000 -0.033000
v -0.010000 0.058000 -0.023000
v -0.010000 0.058000 -0.033000
v -0.011066 0.063358 -0.023000
v -0.011066 0.063358 -0.033000
v -0.014101 0.067899 -0.023000
v -0.014101 0.067899 -0.033000
v -0.018642 0.070934 -0.023000
v -0.018642 0.070934 -0.033000
v -0.024000 0.072000 -0.023000
v -0.024000 0.072000 -0.033000
v -0.029358 0.070934 -0.023000
v -0.029358 0.070934 -0.033000
v -0.033899 0.067899 -0.023000
v -0.033899 0.067899 -0.033000
v -0.036934 0.063358 -0.023000
v -0.036934 0.063358 -0.033000
v -0.038000 0.058000 -0.023000
v -0.038000 0.058000 -0.033000
v -0.036934 0.052642 -0.023000
v -0.036934 0.052642 -0.033000
v -0.033899 0.048101 -0.023000
v -0.033899 0.048101 -0.033000
v -0.029358 0.045066 -0.023000
v -0.029358 0.045066 -0.033000
v -0.024000 0.044000 -0.023000
v -0.024000 0.044000 -0.033000
v -0.018642 0.045066 -0.023000
v -0.018642 0.045066 -0.033000
v -0.014101 0.048101 -0.023000
v -0.014101 0.048101 -0.033000
v -0.011066 0.052642 -0.023000
v -0.011066 0.052642 -0.033000
v -0.014000 0.058000 -0.031000
v -0.014000 0.058000 -0.035000
v -0.014761 0.061827 -0.031000
v -0.014761 0.061827 -0.035000
v -0.016929 0.065071 -0.031000
v -0.016929 0.065071 -0.035000
v -0.020173 0.067239 -0.031000
v -0.020173 0.067239 -0.035000
v -0.024000 0.068000 -0.031000
v -0.024000 0.068000 -0.035000
v -0.027827 0.067239 -0.031000
v -0.027827 0.067239 -0.035000
v -0.031071 0.065071 -0.031000
v -0.031071 0.065071 -0.035000
v -0.033239 0.061827 -0.031000
v -0.033239 0.061827 -0.035000
v -0.034000 0.058000 -0.031000
v -0.034000 0.058000 -0.035000
v -0.033239 0.054173 -0.031000
v -0.033239 0.054173 -0.035000
v -0.031071 0.050929 -0.031000
v -0.031071 0.050929 -0.035000
v -0.027827 0.048761 -0.031000
v -0.027827 0.048761 -0.035000
v -0.024000 0.048000 -0.031000
v -0.024000 0.048000 -0.035000
v -0.020173 0.048761 -0.031000
v -0.020173 0.048761 -0.035000
v -0.016929 0.050929 -0.031000
v -0.016929 0.050929 -0.035000
v -0.014761 0.054173 -0.031000
v -0.014761 0.054173 -0.035000
v -0.024000 0.058000 -0.031000
v -0.024000 0.058000 -0.035000
v -0.014000 0.058000 -0.031000
v -0.014000 0.058000 -0.035000
v -0.014761 0.061827 -0.031000
v -0.014761 0.061827 -0.035000
v -0.016929 0.065071 -0.031000
v -0.016929 0.065071 -0.035000
v -0.020173 0.067239 -0.031000
v -0.020173 0.067239 -0.035000
v -0.024000 0.068000 -0.031000
v -0.024000 0.068000 -0.035000
v -0.027827 0.067239 -0.031000
v -0.027827 0.067239 -0.035000
v -0.031071 0.065071 -0.031000
v -0.031071 0.065071 -0.035000
v -0.033239 0.061827 -0.031000
v -0.033239 0.061827 -0.035000
v -0.034000 0.058000 -0.031000
v -0.034000 0.058000 -0.035000
v -0.033239 0.054173 -0.031000
v -0.033239 0.054173 -0.035000
v -0.031071 0.050929 -0.031000
v -0.031071 0.050929 -0.035000
v -0.027827 0.048761 -0.031000
v -0.027827 0.048761 -0.035000
v -0.024000 0.048000 -0.031000
v -0.024000 0.048000 -0.035000
v -0.020173 0.048761 -0.031000
v -0.020173 0.048761 -0.035000
v -0.016929 0.050929 -0.031000
v -0.016929 0.050929 -0.035000
v -0.014761 0.054173 -0.031000
v -0.014761 0.054173 -0.035000
v 0.038000 0.058000 -0.023000
v 0.038000 0.058000 -0.033000
v 0.036934 0.063358 -0.023000
v 0.036934 0.063358 -0.033000
v 0.033899 0.067899 -0.023000
v 0.033899 0.067899 -0.033000
v 0.029358 0.070934 -0.023000
v 0.029358 0.070934 -0.033000
v 0.024000 0.072000 -0.023000
v 0.024000 0.072000 -0.033000
v 0.018642 0.070934 -0.023000
v 0.018642 0.070934 -0.033000
v 0.014101 0.067899 -0.023000
v 0.014101 0.067899 -0.033000
v 0.011066 0.063358 -0.023000
v 0.011066 0.063358 -0.033000
v 0.010000 0.058000 -0.023000
v 0.010000 0.058000 -0.033000
v 0.011066 0.052642 -0.023000
v 0.011066 0.052642 -0.033000
v 0.014101 0.048101 -0.023000
v 0.014101 0.048101 -0.033000
v 0.018642 0.045066 -0.023000
v 0.018642 0.045066 -0.033000
v 0.024000 0.044000 -0.023000
v 0.024000 0.044000 -0.033000
v 0.029358 0.045066 -0.023000
v 0.029358 0.045066 -0.033000
v 0.033899 0.048101 -0.023000
v 0.033899 0.048101 -0.033000
v 0.036934 0.052642 -0.023000
v 0.036934 0.052642 -0.033000
v 0.024000 0.058000 -0.023000
v 0.024000 0.058000 -0.033000
v 0.038000 0.058000 -0.023000
v 0.038000 0.058000 -0.033000
v 0.036934 0.063358 -0.023000
v 0.036934 0.063358 -0.033000
v 0.033899 0.067899 -0.023000
v 0.033899 0.067899 -0.033000
v 0.029358 0.070934 -0.023000
v 0.029358 0.070934 -0.033000
v 0.024000 0.072000 -0.023000
v 0.024000 0.072000 -0.033000
v 0.018642 0.070934 -0.023000
v 0.018642 0.070934 -0.033000
v 0.014101 0.067899 -0.023000
v 0.014101 0.067899 -0.033000
v 0.011066 0.063358 -0.023000
v 0.011066 0.063358 -0.033000
v 0.010000 0.058000 -0.023000
v 0.010000 0.058000 -0.033000
v 0.011066 0.052642 -0.023000
v 0.011066 0.052642 -0.033000
v 0.014101 0.048101 -0.023000
v 0.014101 0.048101 -0.033000
v 0.018642 0.045066 -0.023000
v 0.018642 0.045066 -0.033000
v 0.024000 0.044000 -0.023000
v 0.024000 0.044000 -0.033000
v 0.029358 0.045066 -0.023000
v 0.029358 0.045066 -0.033000
v 0.033899 0.048101 -0.023000
v 0.033899 0.048101 -0.033000
v 0.036934 0.052642 -0.023000
v 0.036934 0.052642 -0.033000
v 0.034000 0.058000 -0.031000
v 0.034000 0.058000 -0.035000
v 0.033239 0.061827 -0.031000
v 0.033239 0.061827 -0.035000
v 0.031071 0.065071 -0.031000
v 0.031071 0.065071 -0.035000
v 0.027827 0.067239 -0.031000
v 0.027827 0.067239 -0.035000
v 0.024000 0.068000 -0.031000
v 0.024000 0.068000 -0.035000
v 0.020173 0.067239 -0.031000
v 0.020173 0.067239 -0.035000
v 0.016929 0.065071 -0.031000
v 0.016929 0.065071 -0.035000
v 0.014761 0.061827 -0.031000
v 0.014761 0.061827 -0.035000
v 0.014000 0.058000 -0.031000
v 0.014000 0.058000 -0.035000
v 0.014761 0.054173 -0.031000
v 0.014761 0.054173 -0.035000
v 0.016929 0.050929 -0.031000
v 0.016929 0.050929 -0.035000
v 0.020173 0.048761 -0.031000
v 0.020173 0.048761 -0.035000
v 0.024000 0.048000 -0.031000
v 0.024000 0.048000 -0.035000
v 0.027827 0.048761 -0.031000
v 0.027827 0.048761 -0.035000
v 0.031071 0.050929 -0.031000
v 0.031071 0.050929 -0.035000
v 0.033239 0.054173 -0.031000
v 0.033239 0.054173 -0.035000
v 0.024000 0.058000 -0.031000
v 0.024000 0.058000 -0.035000
v 0.034000 0.058000 -0.031000
v 0.034000 0.058000 -0.035000
v 0.033239 0.061827 -0.031000
v 0.033239 0.061827 -0.035000
v 0.031071 0.065071 -0.031000
v 0.031071 0.065071 -0.035000
v 0.027827 0.067239 -0.031000
v 0.027827 0.067239 -0.035000
v 0.024000 0.068000 -0.031000
v 0.024000 0.068000 -0.035000
v 0.020173 0.067239 -0.031000
v 0.020173 0.067239 -0.035000
v 0.016929 0.065071 -0.031000
v 0.016929 0.065071 -0.035000
v 0.014761 0.061827 -0.031000
v 0.014761 0.061827 -0.035000
v 0.014000 0.058000 -0.031000
v 0.014000 0.058000 -0.035000
v 0.014761 0.054173 -0.031000
v 0.014761 0.054173 -0.035000
v 0.016929 0.050929 -0.031000
v 0.016929 0.050929 -0.035000
v 0.020173 0.048761 -0.031000
v 0.020173 0.048761 -0.035000
v 0.024000 0.048000 -0.031000
v 0.024000 0.048000 -0.035000
v 0.027827 0.048761 -0.031000
v 0.027827 0.048761 -0.035000
v 0.031071 0.050929 -0.031000
v 0.031071 0.050929 -0.035000
v 0.033239 0.054173 -0.031000
v 0.033239 0.054173 -0.035000
v -0.010000 0.026000 -0.023000
v -0.010000 0.026000 -0.033000
v -0.011066 0.031358 -0.023000
v -0.011066 0.031358 -0.033000
v -0.014101 0.035899 -0.023000
v -0.014101 0.035899 -0.033000
v -0.018642 0.038934 -0.023000
v -0.018642 0.038934 -0.033000
v -0.024000 0.040000 -0.023000
v -0.024000 0.040000 -0.033000
v -0.029358 0.038934 -0.023000
v -0.029358 0.038934 -0.033000
v -0.033899 0.035899 -0.023000
v -0.033899 0.035899 -0.033000
v -0.036934 0.031358 -0.023000
v -0.036934 0.031358 -0.033000
v -0.038000 0.026000 -0.023000
v -0.038000 0.026000 -0.033000
v -0.036934 0.020642 -0.023000
v -0.036934 0.020642 -0.033000
v -0.033899 0.016101 -0.023000
v -0.033899 0.016101 -0.033000
v -0.029358 0.013066 -0.023000
v -0.029358 0.013066 -0.033000
v -0.024000 0.012000 -0.023000
v -0.024000 0.012000 -0.033000
v -0.018642 0.013066 -0.023000
v -0.018642 0.013066 -0.033000
v -0.014101 0.016101 -0.023000
v -0.014101 0.016101 -0.033000
v -0.011066 0.020642 -0.023000
v -0.011066 0.020642 -0.033000
v -0.024000 0.026000 -0.023000
v -0.024000 0.026000 -0.033000
v -0.010000 0.026000 -0.023000
v -0.010000 0.026000 -0.033000
v -0.011066 0.031358 -0.023000
v -0.011066 0.031358 -0.033000
v -0.014101 0.035899 -0.023000
v -0.014101 0.035899 -0.033000
v -0.018642 0.038934 -0.023000
v -0.018642 0.038934 -0.033000
v -0.024000 0.040000 -0.023000
v -0.024000 0.040000 -0.033000
v -0.029358 0.038934 -0.023000
v -0.029358 0.038934 -0.033000
v -0.033899 0.035899 -0.023000
v -0.033899 0.035899 -0.033000
v -0.036934 0.031358 -0.023000
v -0.036934 0.031358 -0.033000
v -0.038000 0.026000 -0.023000
v -0.038000 0.026000 -0.033000
v -0.036934 0.020642 -0.023000
v -0.036934 0.020642 -0.033000
v -0.033899 0.016101 -0.023000
v -0.033899 0.016101 -0.033000
v -0.029358 0.013066 -0.023000
v -0.029358 0.013066 -0.033000
v -0.024000 0.012000 -0.023000
v -0.024000 0.012000 -0.033000
v -0.018642 0.013066 -0.023000
v -0.018642 0.013066 -0.033000
v -0.014101 0.016101 -0.023000
v -0.014101 0.016101 -0.033000
v -0.011066 0.020642 -0.023000
v -0.011066 0.020642 -0.033000
v -0.014000 0.026000 -0.031000
v -0.014000 0.026000 -0.035000
v -0.014761 0.029827 -0.031000
v -0.014761 0.029827 -0.035000
v -0.016929 0.033071 -0.031000
v -0.016929 0.033071 -0.035000
v -0.020173 0.035239 -0.031000
v -0.020173 0.035239 -0.035000
v -0.024000 0.036000 -0.031000
v -0.024000 0.036000 -0.035000
v -0.027827 0.035239 -0.031000
v -0.027827 0.035239 -0.035000
v -0.031071 0.033071 -0.031000
v -0.031071 0.033071 -0.035000
v -0.033239 0.029827 -0.031000
v -0.033239 0.029827 -0.035000
v -0.034000 0.026000 -0.031000
v -0.034000 0.026000 -0.035000
v -0.033239 0.022173 -0.031000
v -0.033239 0.022173 -0.035000
v -0.031071 0.018929 -0.031000
v -0.031071 0.018929 -0.035000
v -0.027827 0.016761 -0.031000
v -0.027827 0.016761 -0.035000
v -0.024000 0.016000 -0.031000
v -0.024000 0.016000 -0.035000
v -0.020173 0.016761 -0.031000
v -0.020173 0.016761 -0.035000
v -0.016929 0.018929 -0.031000
v -0.016929 0.018929 -0.035000
v -0.014761 0.022173 -0.031000
v -0.014761 0.022173 -0.035000
v -0.024000 0.026000 -0.031000
v -0.024000 0.026000 -0.035000
v -0.014000 0.026000 -0.031000
v -0.014000 0.026000 -0.035000
v -0.014761 0.029827 -0.031000
v -0.014761 0.029827 -0.035000
v -0.016929 0.033071 -0.031000
v -0.016929 0.033071 -0.035000
v -0.020173 0.035239 -0.031000
v -0.020173 0.035239 -0.035000
v -0.024000 0.036000 -0.031000
v -0.024000 0.036000 -0.035000
v -0.027827 0.035239 -0.031000
v -0.027827 0.035239 -0.035000
v -0.031071 0.033071 -0.031000
v -0.031071 0.033071 -0.035000
v -0.033239 0.029827 -0.031000
v -0.033239 0.029827 -0.035000
v -0.034000 0.026000 -0.031000
v -0.034000 0.026000 -0.035000
v -0.033239 0.022173 -0.031000
v -0.033239 0.022173 -0.035000
v -0.031071 0.018929 -0.031000
v -0.031071 0.018929 -0.035000
v -0.027827 0.016761 -0.031000
v -0.027827 0.016761 -0.035000
v -0.024000 0.016000 -0.031000
v -0.024000 0.016000 -0.035000
v -0.020173 0.016761 -0.031000
v -0.020173 0.016761 -0.035000
v -0.016929 0.018929 -0.031000
v -0.016929 0.018929 -0.035000
v -0.014761 0.022173 -0.031000
v -0.014761 0.022173 -0.035000
v 0.038000 0.026000 -0.023000
v 0.038000 0.026000 -0.033000
v 0.036934 0.031358 -0.023000
v 0.036934 0.031358 -0.033000
v 0.033899 0.035899 -0.023000
v 0.033899 0.035899 -0.033000
v 0.029358 0.038934 -0.023000
v 0.029358 0.038934 -0.033000
v 0.024000 0.040000 -0.023000
v 0.024000 0.040000 -0.033000
v 0.018642 0.038934 -0.023000
v 0.018642 0.038934 -0.033000
v 0.014101 0.035899 -0.023000
v 0.014101 0.035899 -0.033000
v 0.011066 0.031358 -0.023000
v 0.011066 0.031358 -0.033000
v 0.010000 0.026000 -0.023000
v 0.010000 0.026000 -0.033000
v 0.011066 0.020642 -0.023000
v 0.011066 0.020642 -0.033000
v 0.014101 0.016101 -0.023000
v 0.014101 0.016101 -0.033000
v 0.018642 0.013066 -0.023000
v 0.018642 0.013066 -0.033000
v 0.024000 0.012000 -0.023000
v 0.024000 0.012000 -0.033000
v 0.029358 0.013066 -0.023000
v 0.029358 0.013066 -0.033000
v 0.033899 0.016101 -0.023000
v 0.033899 0.016101 -0.033000
v 0.036934 0.020642 -0.023000
v 0.036934 0.020642 -0.033000
v 0.024000 0.026000 -0.023000
v 0.024000 0.026000 -0.033000
v 0.038000 0.026000 -0.023000
v 0.038000 0.026000 -0.033000
v 0.036934 0.031358 -0.023000
v 0.036934 0.031358 -0.033000
v 0.033899 0.035899 -0.023000
v 0.033899 0.035899 -0.033000
v 0.029358 0.038934 -0.023000
v 0.029358 0.038934 -0.033000
v 0.024000 0.040000 -0.023000
v 0.024000 0.040000 -0.033000
v 0.018642 0.038934 -0.023000
v 0.018642 0.038934 -0.033000
v 0.014101 0.035899 -0.023000
v 0.014101 0.035899 -0.033000
v 0.011066 0.031358 -0.023000
v 0.011066 0.031358 -0.033000
v 0.010000 0.026000 -0.023000
v 0.010000 0.026000 -0.033000
v 0.011066 0.020642 -0.023000
v 0.011066 0.020642 -0.033000
v 0.014101 0.016101 -0.023000
v 0.014101 0.016101 -0.033000
v 0.018642 0.013066 -0.023000
v 0.018642 0.013066 -0.033000
v 0.024000 0.012000 -0.023000
v 0.024000 0.012000 -0.033000
v 0.029358 0.013066 -0.023000
v 0.029358 0.013066 -0.033000
v 0.033899 0.016101 -0.023000
v 0.033899 0.016101 -0.033000
v 0.036934 0.020642 -0.023000
v 0.036934 0.020642 -0.033000
v 0.034000 0.026000 -0.031000
v 0.034000 0.026000 -0.035000
v 0.033239 0.029827 -0.031000
v 0.033239 0.029827 -0.035000
v 0.031071 0.033071 -0.031000
v 0.031071 0.033071 -0.035000
v 0.027827 0.035239 -0.031000
v 0.027827 0.035239 -0.035000
v 0.024000 0.036000 -0.031000
v 0.024000 0.036000 -0.035000
v 0.020173 0.035239 -0.031000
v 0.020173 0.035239 -0.035000
v 0.016929 0.033071 -0.031000
v 0.016929 0.033071 -0.035000
v 0.014761 0.029827 -0.031000
v 0.014761 0.029827 -0.035000
v 0.014000 0.026000 -0.031000
v 0.014000 0.026000 -0.035000
v 0.014761 0.022173 -0.031000
v 0.014761 0.022173 -0.035000
v 0.016929 0.018929 -0.031000
v 0.016929 0.018929 -0.035000
v 0.020173 0.016761 -0.031000
v 0.020173 0.016761 -0.035000
v 0.024000 0.016000 -0.031000
v 0.024000 0.016000 -0.035000
v 0.027827 0.016761 -0.031000
v 0.027827 0.016761 -0.035000
v 0.031071 0.018929 -0.031000
v 0.031071 0.018929 -0.035000
v 0.033239 0.022173 -0.031000
v 0.033239 0.022173 -0.035000
v 0.024000 0.026000 -0.031000
v 0.024000 0.026000 -0.035000
v 0.034000 0.026000 -0.031000
v 0.034000 0.026000 -0.035000
v 0.033239 0.029827 -0.031000
v 0.033239 0.029827 -0.035000
v 0.031071 0.033071 -0.031000
v 0.031071 0.033071 -0.035000
v 0.027827 0.035239 -0.031000
v 0.027827 0.035239 -0.035000
v 0.024000 0.036000 -0.031000
v 0.024000 0.036000 -0.035000
v 0.020173 0.035239 -0.031000
v 0.020173 0.035239 -0.035000
v 0.016929 0.033071 -0.031000
v 0.016929 0.033071 -0.035000
v 0.014761 0.029827 -0.031000
v 0.014761 0.029827 -0.035000
v 0.014000 0.026000 -0.031000
v 0.014000 0.026000 -0.035000
v 0.014761 0.022173 -0.031000
v 0.014761 0.022173 -0.035000
v 0.016929 0.018929 -0.031000
v 0.016929 0.018929 -0.035000
v 0.020173 0.016761 -0.031000
v 0.020173 0.016761 -0.035000
v 0.024000 0.016000 -0.031000
v 0.024000 0.016000 -0.035000
v 0.027827 0.016761 -0.031000
v 0.027827 0.016761 -0.035000
v 0.031071 0.018929 -0.031000
v 0.031071 0.018929 -0.035000
v 0.033239 0.022173 -0.031000
v 0.033239 0.022173 -0.035000
v -0.035000 0.077000 -0.024000
v -0.017000 0.077000 -0.024000
v -0.017000 0.087000 -0.024000
v -0.035000 0.087000 -0.024000
v -0.017000 0.077000 -0.032000
v -0.035000 0.077000 -0.032000
v -0.035000 0.087000 -0.032000
v -0.017000 0.087000 -0.032000
v -0.035000 0.087000 -0.024000
v -0.017000 0.087000 -0.024000
v -0.017000 0.087000 -0.032000
v -0.035000 0.087000 -0.032000
v -0.035000 0.077000 -0.032000
v -0.017000 0.077000 -0.032000
v -0.017000 0.077000 -0.024000
v -0.035000 0.077000 -0.024000
v -0.017000 0.077000 -0.024000
v -0.017000 0.077000 -0.032000
v -0.017000 0.087000 -0.032000
v -0.017000 0.087000 -0.024000
v -0.035000 0.077000 -0.032000
v -0.035000 0.077000 -0.024000
v -0.035000 0.087000 -0.024000
v -0.035000 0.087000 -0.032000
v -0.009000 0.077000 -0.024000
v 0.009000 0.077000 -0.024000
v 0.009000 0.087000 -0.024000
v -0.009000 0.087000 -0.024000
v 0.009000 0.077000 -0.032000
v -0.009000 0.077000 -0.032000
v -0.009000 0.087000 -0.032000
v 0.009000 0.087000 -0.032000
v -0.009000 0.087000 -0.024000
v 0.009000 0.087000 -0.024000
v 0.009000 0.087000 -0.032000
v -0.009000 0.087000 -0.032000
v -0.009000 0.077000 -0.032000
v 0.009000 0.077000 -0.032000
v 0.009000 0.077000 -0.024000
v -0.009000 0.077000 -0.024000
v 0.009000 0.077000 -0.024000
v 0.009000 0.077000 -0.032000
v 0.009000 0.087000 -0.032000
v 0.009000 0.087000 -0.024000
v -0.009000 0.077000 -0.032000
v -0.009000 0.077000 -0.024000
v -0.009000 0.087000 -0.024000
v -0.009000 0.087000 -0.032000
v 0.017000 0.077000 -0.024000
v 0.035000 0.077000 -0.024000
v 0.035000 0.087000 -0.024000
v 0.017000 0.087000 -0.024000
v 0.035000 0.077000 -0.032000
v 0.017000 0.077000 -0.032000
v 0.017000 0.087000 -0.032000
v 0.035000 0.087000 -0.032000
v 0.017000 0.087000 -0.024000
v 0.035000 0.087000 -0.024000
v 0.035000 0.087000 -0.032000
v 0.017000 0.087000 -0.032000
v 0.017000 0.077000 -0.032000
v 0.035000 0.077000 -0.032000
v 0.035000 0.077000 -0.024000
v 0.017000 0.077000 -0.024000
v 0.035000 0.077000 -0.024000
v 0.035000 0.077000 -0.032000
v 0.035000 0.087000 -0.032000
v 0.035000 0.087000 -0.024000
v 0.017000 0.077000 -0.032000
v 0.017000 0.077000 -0.024000
v 0.017000 0.087000 -0.024000
v 0.017000 0.087000 -0.032000
v -0.017500 0.045000 0.038000
v 0.017500 0.045000 0.038000
v 0.017500 0.155000 0.038000
v -0.017500 0.155000 0.038000
v 0.017500 0.045000 0.026000
v -0.017500 0.045000 0.026000
v -0.017500 0.155000 0.026000
v 0.017500 0.155000 0.026000
v -0.017500 0.155000 0.038000
v 0.017500 0.155000 0.038000
v 0.017500 0.155000 0.026000
v -0.017500 0.155000 0.026000
v -0.017500 0.045000 0.026000
v 0.017500 0.045000 0.026000
v 0.017500 0.045000 0.038000
v -0.017500 0.045000 0.038000
v 0.017500 0.045000 0.038000
v 0.017500 0.045000 0.026000
v 0.017500 0.155000 0.026000
v 0.017500 0.155000 0.038000
v -0.017500 0.045000 0.026000
v -0.017500 0.045000 0.038000
v -0.017500 0.155000 0.038000
v -0.017500 0.155000 0.026000
v 0.021000 0.153000 0.032000
v -0.021000 0.153000 0.032000
v 0.021000 0.151928 0.036000
v -0.021000 0.151928 0.036000
v 0.021000 0.149000 0.038928
v -0.021000 0.149000 0.038928
v 0.021000 0.145000 0.040000
v -0.021000 0.145000 0.040000
v 0.021000 0.141000 0.038928
v -0.021000 0.141000 0.038928
v 0.021000 0.138072 0.036000
v -0.021000 0.138072 0.036000
v 0.021000 0.137000 0.032000
v -0.021000 0.137000 0.032000
v 0.021000 0.138072 0.028000
v -0.021000 0.138072 0.028000
v 0.021000 0.141000 0.025072
v -0.021000 0.141000 0.025072
v 0.021000 0.145000 0.024000
v -0.021000 0.145000 0.024000
v 0.021000 0.149000 0.025072
v -0.021000 0.149000 0.025072
v 0.021000 0.151928 0.028000
v -0.021000 0.151928 0.028000
v 0.021000 0.145000 0.032000
v -0.021000 0.145000 0.032000
v 0.021000 0.153000 0.032000
v -0.021000 0.153000 0.032000
v 0.021000 0.151928 0.036000
v -0.021000 0.151928 0.036000
v 0.021000 0.149000 0.038928
v -0.021000 0.149000 0.038928
v 0.021000 0.145000 0.040000
v -0.021000 0.145000 0.040000
v 0.021000 0.141000 0.038928
v -0.021000 0.141000 0.038928
v 0.021000 0.138072 0.036000
v -0.021000 0.138072 0.036000
v 0.021000 0.137000 0.032000
v -0.021000 0.137000 0.032000
v 0.021000 0.138072 0.028000
v -0.021000 0.138072 0.028000
v 0.021000 0.141000 0.025072
v -0.021000 0.141000 0.025072
v 0.021000 0.145000 0.024000
v -0.021000 0.145000 0.024000
v 0.021000 0.149000 0.025072
v -0.021000 0.149000 0.025072
v 0.021000 0.151928 0.028000
v -0.021000 0.151928 0.028000
v -0.040000 0.095000 -0.031000
v 0.040000 0.095000 -0.031000
v 0.040000 0.155000 -0.031000
v -0.040000 0.155000 -0.031000
v 0.040000 0.095000 -0.033000
v -0.040000 0.095000 -0.033000
v -0.040000 0.155000 -0.033000
v 0.040000 0.155000 -0.033000
v -0.040000 0.155000 -0.031000
v 0.040000 0.155000 -0.031000
v 0.040000 0.155000 -0.033000
v -0.040000 0.155000 -0.033000
v -0.040000 0.095000 -0.033000
v 0.040000 0.095000 -0.033000
v 0.040000 0.095000 -0.031000
v -0.040000 0.095000 -0.031000
v 0.040000 0.095000 -0.031000
v 0.040000 0.095000 -0.033000
v 0.040000 0.155000 -0.033000
v 0.040000 0.155000 -0.031000
v -0.040000 0.095000 -0.033000
v -0.040000 0.095000 -0.031000
v -0.040000 0.155000 -0.031000
v -0.040000 0.155000 -0.033000
vt 0.000000 0.000000
vt 1.000000 0.000000
vt 1.000000 1.000000
vt 0.000000 1.000000
vt 0.000000 0.000000
vt 1.000000 0.000000
vt 1.000000 1.000000
vt 0.000000 1.000000
vt 0.000000 0.000000
vt 1.000000 0.000000
vt 1.000000 1.000000
vt 0.000000 1.000000
vt 0.000000 0.000000
vt 1.000000 0.000000
vt 1.000000 1.000000
vt 0.000000 1.000000
vt 0.000000 0.000000
vt 1.000000 0.000000
vt 1.000000 1.000000
vt 0.000000 1.000000
vt 0.000000 0.000000
vt 1.000000 0.000000
vt 1.000000 1.000000
vt 0.000000 1.000000
vt 0.000000 0.000000
vt 1.000000 0.000000
vt 1.000000 1.000000
vt 0.000000 1.000000
vt 0.000000 0.000000
vt 1.000000 0.000000
vt 1.000000 1.000000
vt 0.000000 1.000000
vt 0.000000 0.000000
vt 1.000000 0.000000
vt 1.000000 1.000000
vt 0.000000 1.000000
vt 0.000000 0.000000
vt 1.000000 0.000000
vt 1.000000 1.000000
vt 0.000000 1.000000
vt 0.000000 0.000000
vt 1.000000 0.000000
vt 1.000000 1.000000
vt 0.000000 1.000000
vt 0.000000 0.000000
vt 1.000000 0.000000
vt 1.000000 1.000000
vt 0.000000 1.000000
vt 0.000000 0.000000
vt 1.000000 0.000000
vt 1.000000 1.000000
vt 0.000000 1.000000
vt 0.000000 0.000000
vt 1.000000 0.000000
vt 1.000000 1.000000
vt 0.000000 1.000000
vt 0.000000 0.000000
vt 1.000000 0.000000
vt 1.000000 1.000000
vt 0.000000 1.000000
vt 0.000000 0.000000
vt 1.000000 0.000000
vt 1.000000 1.000000
vt 0.000000 1.000000
vt 0.000000 0.000000
vt 1.000000 0.000000
vt 1.000000 1.000000
vt 0.000000 1.000000
vt 0.000000 0.000000
vt 1.000000 0.000000
vt 1.000000 1.000000
vt 0.000000 1.000000
vt 0.000000 0.000000
vt 1.000000 0.000000
vt 1.000000 1.000000
vt 0.000000 1.000000
vt 0.000000 0.000000
vt 1.000000 0.000000
vt 1.000000 1.000000
vt 0.000000 1.000000
vt 0.000000 0.000000
vt 1.000000 0.000000
vt 1.000000 1.000000
vt 0.000000 1.000000
vt 0.000000 0.000000
vt 1.000000 0.000000
vt 1.000000 1.000000
vt 0.000000 1.000000
vt 0.000000 0.000000
vt 1.000000 0.000000
vt 1.000000 1.000000
vt 0.000000 1.000000
vt 0.000000 0.000000
vt 1.000000 0.000000
vt 1.000000 1.000000
vt 0.000000 1.000000
vt 0.000000 0.000000
vt 1.000000 0.000000
vt 1.000000 1.000000
vt 0.000000 1.000000
vt 0.000000 0.000000
vt 1.000000 0.000000
vt 1.000000 1.000000
vt 0.000000 1.000000
vt 0.000000 0.000000
vt 1.000000 0.000000
vt 1.000000 1.000000
vt 0.000000 1.000000
vt 0.000000 0.000000
vt 1.000000 0.000000
vt 1.000000 1.000000
vt 0.000000 1.000000
vt 0.000000 0.000000
vt 1.000000 0.000000
vt 1.000000 1.000000
vt 0.000000 1.000000
vt 0.000000 0.000000
vt 1.000000 0.000000
vt 1.000000 1.000000
vt 0.000000 1.000000
vt 0.000000 0.000000
vt 1.000000 0.000000
vt 1.000000 1.000000
vt 0.000000 1.000000
vt 0.000000 0.000000
vt 1.000000 0.000000
vt 1.000000 1.000000
vt 0.000000 1.000000
vt 0.000000 0.000000
vt 1.000000 0.000000
vt 1.000000 1.000000
vt 0.000000 1.000000
vt 0.000000 0.000000
vt 1.000000 0.000000
vt 1.000000 1.000000
vt 0.000000 1.000000
vt 0.000000 0.000000
vt 1.000000 0.000000
vt 1.000000 1.000000
vt 0.000000 1.000000
vt 0.000000 0.000000
vt 1.000000 0.000000
vt 1.000000 1.000000
vt 0.000000 1.000000
vt 0.000000 0.000000
vt 1.000000 0.000000
vt 1.000000 1.000000
vt 0.000000 1.000000
vt 0.000000 0.000000
vt 1.000000 0.000000
vt 1.000000 1.000000
vt 0.000000 1.000000
vt 0.000000 0.000000
vt 1.000000 0.000000
vt 1.000000 1.000000
vt 0.000000 1.000000
vt 0.000000 0.000000
vt 1.000000 0.000000
vt 1.000000 1.000000
vt 0.000000 1.000000
vt 0.000000 0.000000
vt 1.000000 0.000000
vt 1.000000 1.000000
vt 0.000000 1.000000
vt 0.000000 0.000000
vt 1.000000 0.000000
vt 1.000000 1.000000
vt 0.000000 1.000000
vt 0.000000 0.000000
vt 1.000000 0.000000
vt 1.000000 1.000000
vt 0.000000 1.000000
vt 0.000000 0.000000
vt 1.000000 0.000000
vt 1.000000 1.000000
vt 0.000000 1.000000
vt 0.000000 0.000000
vt 1.000000 0.000000
vt 1.000000 1.000000
vt 0.000000 1.000000
vt 0.000000 0.000000
vt 1.000000 0.000000
vt 1.000000 1.000000
vt 0.000000 1.000000
vt 0.000000 0.000000
vt 1.000000 0.000000
vt 1.000000 1.000000
vt 0.000000 1.000000
vt 0.000000 0.000000
vt 1.000000 0.000000
vt 1.000000 1.000000
vt 0.000000 1.000000
vt 0.000000 0.000000
vt 1.000000 0.000000
vt 1.000000 1.000000
vt 0.000000 1.000000
vt 0.000000 0.000000
vt 1.000000 0.000000
vt 1.000000 1.000000
vt 0.000000 1.000000
vt 0.000000 0.000000
vt 1.000000 0.000000
vt 1.000000 1.000000
vt 0.000000 1.000000
vt 0.000000 0.000000
vt 1.000000 0.000000
vt 1.000000 1.000000
vt 0.000000 1.000000
vt 0.000000 0.000000
vt 1.000000 0.000000
vt 1.000000 1.000000
vt 0.000000 1.000000
vt 0.000000 0.000000
vt 1.000000 0.000000
vt 1.000000 1.000000
vt 0.000000 1.000000
vt 0.000000 0.000000
vt 1.000000 0.000000
vt 1.000000 1.000000
vt 0.000000 1.000000
vt 0.000000 0.000000
vt 1.000000 0.000000
vt 1.000000 1.000000
vt 0.000000 1.000000
vt 0.000000 0.000000
vt 1.000000 0.000000
vt 1.000000 1.000000
vt 0.000000 1.000000
vt 0.000000 0.000000
vt 1.000000 0.000000
vt 1.000000 1.000000
vt 0.000000 1.000000
vt 0.000000 0.000000
vt 1.000000 0.000000
vt 1.000000 1.000000
vt 0.000000 1.000000
vt 0.000000 0.000000
vt 1.000000 0.000000
vt 1.000000 1.000000
vt 0.000000 1.000000
vt 0.000000 1.000000
vt 0.000000 0.000000
vt 0.062500 1.000000
vt 0.062500 0.000000
vt 0.125000 1.000000
vt 0.125000 0.000000
vt 0.187500 1.000000
vt 0.187500 0.000000
vt 0.250000 1.000000
vt 0.250000 0.000000
vt 0.312500 1.000000
vt 0.312500 0.000000
vt 0.375000 1.000000
vt 0.375000 0.000000
vt 0.437500 1.000000
vt 0.437500 0.000000
vt 0.500000 1.000000
vt 0.500000 0.000000
vt 0.562500 1.000000
vt 0.562500 0.000000
vt 0.625000 1.000000
vt 0.625000 0.000000
vt 0.687500 1.000000
vt 0.687500 0.000000
vt 0.750000 1.000000
vt 0.750000 0.000000
vt 0.812500 1.000000
vt 0.812500 0.000000
vt 0.875000 1.000000
vt 0.875000 0.000000
vt 0.937500 1.000000
vt 0.937500 0.000000
vt 0.500000 0.500000
vt 0.500000 0.500000
vt 1.000000 0.500000
vt 1.000000 0.500000
vt 0.961940 0.691342
vt 0.961940 0.691342
vt 0.853553 0.853553
vt 0.853553 0.853553
vt 0.691342 0.961940
vt 0.691342 0.961940
vt 0.500000 1.000000
vt 0.500000 1.000000
vt 0.308658 0.961940
vt 0.308658 0.961940
vt 0.146447 0.853553
vt 0.146447 0.853553
vt 0.038060 0.691342
vt 0.038060 0.691342
vt 0.000000 0.500000
vt 0.000000 0.500000
vt 0.038060 0.308658
vt 0.038060 0.308658
vt 0.146447 0.146447
vt 0.146447 0.146447
vt 0.308658 0.038060
vt 0.308658 0.038060
vt 0.500000 0.000000
vt 0.500000 0.000000
vt 0.691342 0.038060
vt 0.691342 0.038060
vt 0.853553 0.146447
vt 0.853553 0.146447
vt 0.961940 0.308658
vt 0.961940 0.308658
vt 0.000000 1.000000
vt 0.000000 0.000000
vt 0.062500 1.000000
vt 0.062500 0.000000
vt 0.125000 1.000000
vt 0.125000 0.000000
vt 0.187500 1.000000
vt 0.187500 0.000000
vt 0.250000 1.000000
vt 0.250000 0.000000
vt 0.312500 1.000000
vt 0.312500 0.000000
vt 0.375000 1.000000
vt 0.375000 0.000000
vt 0.437500 1.000000
vt 0.437500 0.000000
vt 0.500000 1.000000
vt 0.500000 0.000000
vt 0.562500 1.000000
vt 0.562500 0.000000
vt 0.625000 1.000000
vt 0.625000 0.000000
vt 0.687500 1.000000
vt 0.687500 0.000000
vt 0.750000 1.000000
vt 0.750000 0.000000
vt 0.812500 1.000000
vt 0.812500 0.000000
vt 0.875000 1.000000
vt 0.875000 0.000000
vt 0.937500 1.000000
vt 0.937500 0.000000
vt 0.500000 0.500000
vt 0.500000 0.500000
vt 1.000000 0.500000
vt 1.000000 0.500000
vt 0.961940 0.691342
vt 0.961940 0.691342
vt 0.853553 0.853553
vt 0.853553 0.853553
vt 0.691342 0.961940
vt 0.691342 0.961940
vt 0.500000 1.000000
vt 0.500000 1.000000
vt 0.308658 0.961940
vt 0.308658 0.961940
vt 0.146447 0.853553
vt 0.146447 0.853553
vt 0.038060 0.691342
vt 0.038060 0.691342
vt 0.000000 0.500000
vt 0.000000 0.500000
vt 0.038060 0.308658
vt 0.038060 0.308658
vt 0.146447 0.146447
vt 0.146447 0.146447
vt 0.308658 0.038060
vt 0.308658 0.038060
vt 0.500000 0.000000
vt 0.500000 0.000000
vt 0.691342 0.038060
vt 0.691342 0.038060
vt 0.853553 0.146447
vt 0.853553 0.146447
vt 0.961940 0.308658
vt 0.961940 0.308658
vt 0.000000 1.000000
vt 0.000000 0.000000
vt 0.062500 1.000000
vt 0.062500 0.000000
vt 0.125000 1.000000
vt 0.125000 0.000000
vt 0.187500 1.000000
vt 0.187500 0.000000
vt 0.250000 1.000000
vt 0.250000 0.000000
vt 0.312500 1.000000
vt 0.312500 0.000000
vt 0.375000 1.000000
vt 0.375000 0.000000
vt 0.437500 1.000000
vt 0.437500 0.000000
vt 0.500000 1.000000
vt 0.500000 0.000000
vt 0.562500 1.000000
vt 0.562500 0.000000
vt 0.625000 1.000000
vt 0.625000 0.000000
vt 0.687500 1.000000
vt 0.687500 0.000000
vt 0.750000 1.000000
vt 0.750000 0.000000
vt 0.812500 1.000000
vt 0.812500 0.000000
vt 0.875000 1.000000
vt 0.875000 0.000000
vt 0.937500 1.000000
vt 0.937500 0.000000
vt 0.500000 0.500000
vt 0.500000 0.500000
vt 1.000000 0.500000
vt 1.000000 0.500000
vt 0.961940 0.691342
vt 0.961940 0.691342
vt 0.853553 0.853553
vt 0.853553 0.853553
vt 0.691342 0.961940
vt 0.691342 0.961940
vt 0.500000 1.000000
vt 0.500000 1.000000
vt 0.308658 0.961940
vt 0.308658 0.961940
vt 0.146447 0.853553
vt 0.146447 0.853553
vt 0.038060 0.691342
vt 0.038060 0.691342
vt 0.000000 0.500000
vt 0.000000 0.500000
vt 0.038060 0.308658
vt 0.038060 0.308658
vt 0.146447 0.146447
vt 0.146447 0.146447
vt 0.308658 0.038060
vt 0.308658 0.038060
vt 0.500000 0.000000
vt 0.500000 0.000000
vt 0.691342 0.038060
vt 0.691342 0.038060
vt 0.853553 0.146447
vt 0.853553 0.146447
vt 0.961940 0.308658
vt 0.961940 0.308658
vt 0.000000 1.000000
vt 0.000000 0.000000
vt 0.062500 1.000000
vt 0.062500 0.000000
vt 0.125000 1.000000
vt 0.125000 0.000000
vt 0.187500 1.000000
vt 0.187500 0.000000
vt 0.250000 1.000000
vt 0.250000 0.000000
vt 0.312500 1.000000
vt 0.312500 0.000000
vt 0.375000 1.000000
vt 0.375000 0.000000
vt 0.437500 1.000000
vt 0.437500 0.000000
vt 0.500000 1.000000
vt 0.500000 0.000000
vt 0.562500 1.000000
vt 0.562500 0.000000
vt 0.625000 1.000000
vt 0.625000 0.000000
vt 0.687500 1.000000
vt 0.687500 0.000000
vt 0.750000 1.000000
vt 0.750000 0.000000
vt 0.812500 1.000000
vt 0.812500 0.000000
vt 0.875000 1.000000
vt 0.875000 0.000000
vt 0.937500 1.000000
vt 0.937500 0.000000
vt 0.500000 0.500000
vt 0.500000 0.500000
vt 1.000000 0.500000
vt 1.000000 0.500000
vt 0.961940 0.691342
vt 0.961940 0.691342
vt 0.853553 0.853553
vt 0.853553 0.853553
vt 0.691342 0.961940
vt 0.691342 0.961940
vt 0.500000 1.000000
vt 0.500000 1.000000
vt 0.308658 0.961940
vt 0.308658 0.961940
vt 0.146447 0.853553
vt 0.146447 0.853553
vt 0.038060 0.691342
vt 0.038060 0.691342
vt 0.000000 0.500000
vt 0.000000 0.500000
vt 0.038060 0.308658
vt 0.038060 0.308658
vt 0.146447 0.146447
vt 0.146447 0.146447
vt 0.308658 0.038060
vt 0.308658 0.038060
vt 0.500000 0.000000
vt 0.500000 0.000000
vt 0.691342 0.038060
vt 0.691342 0.038060
vt 0.853553 0.146447
vt 0.853553 0.146447
vt 0.961940 0.308658
vt 0.961940 0.308658
vt 0.000000 1.000000
vt 0.000000 0.000000
vt 0.062500 1.000000
vt 0.062500 0.000000
vt 0.125000 1.000000
vt 0.125000 0.000000
vt 0.187500 1.000000
vt 0.187500 0.000000
vt 0.250000 1.000000
vt 0.250000 0.000000
vt 0.312500 1.000000
vt 0.312500 0.000000
vt 0.375000 1.000000
vt 0.375000 0.000000
vt 0.437500 1.000000
vt 0.437500 0.000000
vt 0.500000 1.000000
vt 0.500000 0.000000
vt 0.562500 1.000000
vt 0.562500 0.000000
vt 0.625000 1.000000
vt 0.625000 0.000000
vt 0.687500 1.000000
vt 0.687500 0.000000
vt 0.750000 1.000000
vt 0.750000 0.000000
vt 0.812500 1.000000
vt 0.812500 0.000000
vt 0.875000 1.000000
vt 0.875000 0.000000
vt 0.937500 1.000000
vt 0.937500 0.000000
vt 0.500000 0.500000
vt 0.500000 0.500000
vt 1.000000 0.500000
vt 1.000000 0.500000
vt 0.961940 0.691342
vt 0.961940 0.691342
vt 0.853553 0.853553
vt 0.853553 0.853553
vt 0.691342 0.961940
vt 0.691342 0.961940
vt 0.500000 1.000000
vt 0.500000 1.000000
vt 0.308658 0.961940
vt 0.308658 0.961940
vt 0.146447 0.853553
vt 0.146447 0.853553
vt 0.038060 0.691342
vt 0.038060 0.691342
vt 0.000000 0.500000
vt 0.000000 0.500000
vt 0.038060 0.308658
vt 0.038060 0.308658
vt 0.146447 0.146447
vt 0.146447 0.146447
vt 0.308658 0.038060
vt 0.308658 0.038060
vt 0.500000 0.000000
vt 0.500000 0.000000
vt 0.691342 0.038060
vt 0.691342 0.038060
vt 0.853553 0.146447
vt 0.853553 0.146447
vt 0.961940 0.308658
vt 0.961940 0.308658
vt 0.000000 1.000000
vt 0.000000 0.000000
vt 0.062500 1.000000
vt 0.062500 0.000000
vt 0.125000 1.000000
vt 0.125000 0.000000
vt 0.187500 1.000000
vt 0.187500 0.000000
vt 0.250000 1.000000
vt 0.250000 0.000000
vt 0.312500 1.000000
vt 0.312500 0.000000
vt 0.375000 1.000000
vt 0.375000 0.000000
vt 0.437500 1.000000
vt 0.437500 0.000000
vt 0.500000 1.000000
vt 0.500000 0.000000
vt 0.562500 1.000000
vt 0.562500 0.000000
vt 0.625000 1.000000
vt 0.625000 0.000000
vt 0.687500 1.000000
vt 0.687500 0.000000
vt 0.750000 1.000000
vt 0.750000 0.000000
vt 0.812500 1.000000
vt 0.812500 0.000000
vt 0.875000 1.000000
vt 0.875000 0.000000
vt 0.937500 1.000000
vt 0.937500 0.000000
vt 0.500000 0.500000
vt 0.500000 0.500000
vt 1.000000 0.500000
vt 1.000000 0.500000
vt 0.961940 0.691342
vt 0.961940 0.691342
vt 0.853553 0.853553
vt 0.853553 0.853553
vt 0.691342 0.961940
vt 0.691342 0.961940
vt 0.500000 1.000000
vt 0.500000 1.000000
vt 0.308658 0.961940
vt 0.308658 0.961940
vt 0.146447 0.853553
vt 0.146447 0.853553
vt 0.038060 0.691342
vt 0.038060 0.691342
vt 0.000000 0.500000
vt 0.000000 0.500000
vt 0.038060 0.308658
vt 0.038060 0.308658
vt 0.146447 0.146447
vt 0.146447 0.146447
vt 0.308658 0.038060
vt 0.308658 0.038060
vt 0.500000 0.000000
vt 0.500000 0.000000
vt 0.691342 0.038060
vt 0.691342 0.038060
vt 0.853553 0.146447
vt 0.853553 0.146447
vt 0.961940 0.308658
vt 0.961940 0.308658
vt 0.000000 1.000000
vt 0.000000 0.000000
vt 0.062500 1.000000
vt 0.062500 0.000000
vt 0.125000 1.000000
vt 0.125000 0.000000
vt 0.187500 1.000000
vt 0.187500 0.000000
vt 0.250000 1.000000
vt 0.250000 0.000000
vt 0.312500 1.000000
vt 0.312500 0.000000
vt 0.375000 1.000000
vt 0.375000 0.000000
vt 0.437500 1.000000
vt 0.437500 0.000000
vt 0.500000 1.000000
vt 0.500000 0.000000
vt 0.562500 1.000000
vt 0.562500 0.000000
vt 0.625000 1.000000
vt 0.625000 0.000000
vt 0.687500 1.000000
vt 0.687500 0.000000
vt 0.750000 1.000000
vt 0.750000 0.000000
vt 0.812500 1.000000
vt 0.812500 0.000000
vt 0.875000 1.000000
vt 0.875000 0.000000
vt 0.937500 1.000000
vt 0.937500 0.000000
vt 0.500000 0.500000
vt 0.500000 0.500000
vt 1.000000 0.500000
vt 1.000000 0.500000
vt 0.961940 0.691342
vt 0.961940 0.691342
vt 0.853553 0.853553
vt 0.853553 0.853553
vt 0.691342 0.961940
vt 0.691342 0.961940
vt 0.500000 1.000000
vt 0.500000 1.000000
vt 0.308658 0.961940
vt 0.308658 0.961940
vt 0.146447 0.853553
vt 0.146447 0.853553
vt 0.038060 0.691342
vt 0.038060 0.691342
vt 0.000000 0.500000
vt 0.000000 0.500000
vt 0.038060 0.308658
vt 0.038060 0.308658
vt 0.146447 0.146447
vt 0.146447 0.146447
vt 0.308658 0.038060
vt 0.308658 0.038060
vt 0.500000 0.000000
vt 0.500000 0.000000
vt 0.691342 0.038060
vt 0.691342 0.038060
vt 0.853553 0.146447
vt 0.853553 0.146447
vt 0.961940 0.308658
vt 0.961940 0.308658
vt 0.000000 1.000000
vt 0.000000 0.000000
vt 0.062500 1.000000
vt 0.062500 0.000000
vt 0.125000 1.000000
vt 0.125000 0.000000
vt 0.187500 1.000000
vt 0.187500 0.000000
vt 0.250000 1.000000
vt 0.250000 0.000000
vt 0.312500 1.000000
vt 0.312500 0.000000
vt 0.375000 1.000000
vt 0.375000 0.000000
vt 0.437500 1.000000
vt 0.437500 0.000000
vt 0.500000 1.000000
vt 0.500000 0.000000
vt 0.562500 1.000000
vt 0.562500 0.000000
vt 0.625000 1.000000
vt 0.625000 0.000000
vt 0.687500 1.000000
vt 0.687500 0.000000
vt 0.750000 1.000000
vt 0.750000 0.000000
vt 0.812500 1.000000
vt 0.812500 0.000000
vt 0.875000 1.000000
vt 0.875000 0.000000
vt 0.937500 1.000000
vt 0.937500 0.000000
vt 0.500000 0.500000
vt 0.500000 0.500000
vt 1.000000 0.500000
vt 1.000000 0.500000
vt 0.961940 0.691342
vt 0.961940 0.691342
vt 0.853553 0.853553
vt 0.853553 0.853553
vt 0.691342 0.961940
vt 0.691342 0.961940
vt 0.500000 1.000000
vt 0.500000 1.000000
vt 0.308658 0.961940
vt 0.308658 0.961940
vt 0.146447 0.853553
vt 0.146447 0.853553
vt 0.038060 0.691342
vt 0.038060 0.691342
vt 0.000000 0.500000
vt 0.000000 0.500000
vt 0.038060 0.308658
vt 0.038060 0.308658
vt 0.146447 0.146447
vt 0.146447 0.146447
vt 0.308658 0.038060
vt 0.308658 0.038060
vt 0.500000 0.000000
vt 0.500000 0.000000
vt 0.691342 0.038060
vt 0.691342 0.038060
vt 0.853553 0.146447
vt 0.853553 0.146447
vt 0.961940 0.308658
vt 0.961940 0.308658
vt 0.000000 0.000000
vt 1.000000 0.000000
vt 1.000000 1.000000
vt 0.000000 1.000000
vt 0.000000 0.000000
vt 1.000000 0.000000
vt 1.000000 1.000000
vt 0.000000 1.000000
vt 0.000000 0.000000
vt 1.000000 0.000000
vt 1.000000 1.000000
vt 0.000000 1.000000
vt 0.000000 0.000000
vt 1.000000 0.000000
vt 1.000000 1.000000
vt 0.000000 1.000000
vt 0.000000 0.000000
vt 1.000000 0.000000
vt 1.000000 1.000000
vt 0.000000 1.000000
vt 0.000000 0.000000
vt 1.000000 0.000000
vt 1.000000 1.000000
vt 0.000000 1.000000
vt 0.000000 0.000000
vt 1.000000 0.000000
vt 1.000000 1.000000
vt 0.000000 1.000000
vt 0.000000 0.000000
vt 1.000000 0.000000
vt 1.000000 1.000000
vt 0.000000 1.000000
vt 0.000000 0.000000
vt 1.000000 0.000000
vt 1.000000 1.000000
vt 0.000000 1.000000
vt 0.000000 0.000000
vt 1.000000 0.000000
vt 1.000000 1.000000
vt 0.000000 1.000000
vt 0.000000 0.000000
vt 1.000000 0.000000
vt 1.000000 1.000000
vt 0.000000 1.000000
vt 0.000000 0.000000
vt 1.000000 0.000000
vt 1.000000 1.000000
vt 0.000000 1.000000
vt 0.000000 0.000000
vt 1.000000 0.000000
vt 1.000000 1.000000
vt 0.000000 1.000000
vt 0.000000 0.000000
vt 1.000000 0.000000
vt 1.000000 1.000000
vt 0.000000 1.000000
vt 0.000000 0.000000
vt 1.000000 0.000000
vt 1.000000 1.000000
vt 0.000000 1.000000
vt 0.000000 0.000000
vt 1.000000 0.000000
vt 1.000000 1.000000
vt 0.000000 1.000000
vt 0.000000 0.000000
vt 1.000000 0.000000
vt 1.000000 1.000000
vt 0.000000 1.000000
vt 0.000000 0.000000
vt 1.000000 0.000000
vt 1.000000 1.000000
vt 0.000000 1.000000
vt 0.000000 0.000000
vt 1.000000 0.000000
vt 1.000000 1.000000
vt 0.000000 1.000000
vt 0.000000 0.000000
vt 1.000000 0.000000
vt 1.000000 1.000000
vt 0.000000 1.000000
vt 0.000000 0.000000
vt 1.000000 0.000000
vt 1.000000 1.000000
vt 0.000000 1.000000
vt 0.000000 0.000000
vt 1.000000 0.000000
vt 1.000000 1.000000
vt 0.000000 1.000000
vt 0.000000 0.000000
vt 1.000000 0.000000
vt 1.000000 1.000000
vt 0.000000 1.000000
vt 0.000000 0.000000
vt 1.000000 0.000000
vt 1.000000 1.000000
vt 0.000000 1.000000
vt 0.000000 1.000000
vt 0.000000 0.000000
vt 0.083333 1.000000
vt 0.083333 0.000000
vt 0.166667 1.000000
vt 0.166667 0.000000
vt 0.250000 1.000000
vt 0.250000 0.000000
vt 0.333333 1.000000
vt 0.333333 0.000000
vt 0.416667 1.000000
vt 0.416667 0.000000
vt 0.500000 1.000000
vt 0.500000 0.000000
vt 0.583333 1.000000
vt 0.583333 0.000000
vt 0.666667 1.000000
vt 0.666667 0.000000
vt 0.750000 1.000000
vt 0.750000 0.000000
vt 0.833333 1.000000
vt 0.833333 0.000000
vt 0.916667 1.000000
vt 0.916667 0.000000
vt 0.500000 0.500000
vt 0.500000 0.500000
vt 1.000000 0.500000
vt 1.000000 0.500000
vt 0.933013 0.750000
vt 0.933013 0.750000
vt 0.750000 0.933013
vt 0.750000 0.933013
vt 0.500000 1.000000
vt 0.500000 1.000000
vt 0.250000 0.933013
vt 0.250000 0.933013
vt 0.066987 0.750000
vt 0.066987 0.750000
vt 0.000000 0.500000
vt 0.000000 0.500000
vt 0.066987 0.250000
vt 0.066987 0.250000
vt 0.250000 0.066987
vt 0.250000 0.066987
vt 0.500000 0.000000
vt 0.500000 0.000000
vt 0.750000 0.066987
vt 0.750000 0.066987
vt 0.933013 0.250000
vt 0.933013 0.250000
vt 0.000000 0.000000
vt 1.000000 0.000000
vt 1.000000 1.000000
vt 0.000000 1.000000
vt 0.000000 0.000000
vt 1.000000 0.000000
vt 1.000000 1.000000
vt 0.000000 1.000000
vt 0.000000 0.000000
vt 1.000000 0.000000
vt 1.000000 1.000000
vt 0.000000 1.000000
vt 0.000000 0.000000
vt 1.000000 0.000000
vt 1.000000 1.000000
vt 0.000000 1.000000
vt 0.000000 0.000000
vt 1.000000 0.000000
vt 1.000000 1.000000
vt 0.000000 1.000000
vt 0.000000 0.000000
vt 1.000000 0.000000
vt 1.000000 1.000000
vt 0.000000 1.000000
vn 0.000000 0.000000 1.000000
vn 0.000000 0.000000 1.000000
vn 0.000000 0.000000 1.000000
vn 0.000000 0.000000 1.000000
vn 0.000000 0.000000 -1.000000
vn 0.000000 0.000000 -1.000000
vn 0.000000 0.000000 -1.000000
vn 0.000000 0.000000 -1.000000
vn 0.000000 1.000000 0.000000
vn 0.000000 1.000000 0.000000
vn 0.000000 1.000000 0.000000
vn 0.000000 1.000000 0.000000
vn 0.000000 -1.000000 0.000000
vn 0.000000 -1.000000 0.000000
vn 0.000000 -1.000000 0.000000
vn 0.000000 -1.000000 0.000000
vn 1.000000 0.000000 0.000000
vn 1.000000 0.000000 0.000000
vn 1.000000 0.000000 0.000000
vn 1.000000 0.000000 0.000000
vn -1.000000 0.000000 0.000000
vn -1.000000 0.000000 0.000000
vn -1.000000 0.000000 0.000000
vn -1.000000 0.000000 0.000000
vn 0.000000 0.000000 1.000000
vn 0.000000 0.000000 1.000000
vn 0.000000 0.000000 1.000000
vn 0.000000 0.000000 1.000000
vn 0.000000 0.000000 -1.000000
vn 0.000000 0.000000 -1.000000
vn 0.000000 0.000000 -1.000000
vn 0.000000 0.000000 -1.000000
vn 0.000000 1.000000 0.000000
vn 0.000000 1.000000 0.000000
vn 0.000000 1.000000 0.000000
vn 0.000000 1.000000 0.000000
vn 0.000000 -1.000000 0.000000
vn 0.000000 -1.000000 0.000000
vn 0.000000 -1.000000 0.000000
vn 0.000000 -1.000000 0.000000
vn 1.000000 0.000000 0.000000
vn 1.000000 0.000000 0.000000
vn 1.000000 0.000000 0.000000
vn 1.000000 0.000000 0.000000
vn -1.000000 0.000000 0.000000
vn -1.000000 0.000000 0.000000
vn -1.000000 0.000000 0.000000
vn -1.000000 0.000000 0.000000
vn 0.000000 0.000000 1.000000
vn 0.000000 0.000000 1.000000
vn 0.000000 0.000000 1.000000
vn 0.000000 0.000000 1.000000
vn 0.000000 0.000000 -1.000000
vn 0.000000 0.000000 -1.000000
vn 0.000000 0.000000 -1.000000
vn 0.000000 0.000000 -1.000000
vn 0.000000 1.000000 0.000000
vn 0.000000 1.000000 0.000000
vn 0.000000 1.000000 0.000000
vn 0.000000 1.000000 0.000000
vn 0.000000 -1.000000 0.000000
vn 0.000000 -1.000000 0.000000
vn 0.000000 -1.000000 0.000000
vn 0.000000 -1.000000 0.000000
vn 1.000000 0.000000 0.000000
vn 1.000000 0.000000 0.000000
vn 1.000000 0.000000 0.000000
vn 1.000000 0.000000 0.000000
vn -1.000000 0.000000 0.000000
vn -1.000000 0.000000 0.000000
vn -1.000000 0.000000 0.000000
vn -1.000000 0.000000 0.000000
vn 0.000000 0.000000 1.000000
vn 0.000000 0.000000 1.000000
vn 0.000000 0.000000 1.000000
vn 0.000000 0.000000 1.000000
vn 0.000000 0.000000 -1.000000
vn 0.000000 0.000000 -1.000000
vn 0.000000 0.000000 -1.000000
vn 0.000000 0.000000 -1.000000
vn 0.000000 1.000000 0.000000
vn 0.000000 1.000000 0.000000
vn 0.000000 1.000000 0.000000
vn 0.000000 1.000000 0.000000
vn 0.000000 -1.000000 0.000000
vn 0.000000 -1.000000 0.000000
vn 0.000000 -1.000000 0.000000
vn 0.000000 -1.000000 0.000000
vn 1.000000 0.000000 0.000000
vn 1.000000 0.000000 0.000000
vn 1.000000 0.000000 0.000000
vn 1.000000 0.000000 0.000000
vn -1.000000 0.000000 0.000000
vn -1.000000 0.000000 0.000000
vn -1.000000 0.000000 0.000000
vn -1.000000 0.000000 0.000000
vn 0.000000 0.000000 1.000000
vn 0.000000 0.000000 1.000000
vn 0.000000 0.000000 1.000000
vn 0.000000 0.000000 1.000000
vn 0.000000 0.000000 -1.000000
vn 0.000000 0.000000 -1.000000
vn 0.000000 0.000000 -1.000000
vn 0.000000 0.000000 -1.000000
vn 0.000000 1.000000 0.000000
vn 0.000000 1.000000 0.000000
vn 0.000000 1.000000 0.000000
vn 0.000000 1.000000 0.000000
vn 0.000000 -1.000000 0.000000
vn 0.000000 -1.000000 0.000000
vn 0.000000 -1.000000 0.000000
vn 0.000000 -1.000000 0.000000
vn 1.000000 0.000000 0.000000
vn 1.000000 0.000000 0.000000
vn 1.000000 0.000000 0.000000
vn 1.000000 0.000000 0.000000
vn -1.000000 0.000000 0.000000
vn -1.000000 0.000000 0.000000
vn -1.000000 0.000000 0.000000
vn -1.000000 0.000000 0.000000
vn 0.000000 0.000000 1.000000
vn 0.000000 0.000000 1.000000
vn 0.000000 0.000000 1.000000
vn 0.000000 0.000000 1.000000
vn 0.000000 0.000000 -1.000000
vn 0.000000 0.000000 -1.000000
vn 0.000000 0.000000 -1.000000
vn 0.000000 0.000000 -1.000000
vn 0.000000 1.000000 0.000000
vn 0.000000 1.000000 0.000000
vn 0.000000 1.000000 0.000000
vn 0.000000 1.000000 0.000000
vn 0.000000 -1.000000 0.000000
vn 0.000000 -1.000000 0.000000
vn 0.000000 -1.000000 0.000000
vn 0.000000 -1.000000 0.000000
vn 1.000000 0.000000 0.000000
vn 1.000000 0.000000 0.000000
vn 1.000000 0.000000 0.000000
vn 1.000000 0.000000 0.000000
vn -1.000000 0.000000 0.000000
vn -1.000000 0.000000 0.000000
vn -1.000000 0.000000 0.000000
vn -1.000000 0.000000 0.000000
vn 0.000000 0.000000 1.000000
vn 0.000000 0.000000 1.000000
vn 0.000000 0.000000 1.000000
vn 0.000000 0.000000 1.000000
vn 0.000000 0.000000 -1.000000
vn 0.000000 0.000000 -1.000000
vn 0.000000 0.000000 -1.000000
vn 0.000000 0.000000 -1.000000
vn 0.000000 1.000000 0.000000
vn 0.000000 1.000000 0.000000
vn 0.000000 1.000000 0.000000
vn 0.000000 1.000000 0.000000
vn 0.000000 -1.000000 0.000000
vn 0.000000 -1.000000 0.000000
vn 0.000000 -1.000000 0.000000
vn 0.000000 -1.000000 0.000000
vn 1.000000 0.000000 0.000000
vn 1.000000 0.000000 0.000000
vn 1.000000 0.000000 0.000000
vn 1.000000 0.000000 0.000000
vn -1.000000 0.000000 0.000000
vn -1.000000 0.000000 0.000000
vn -1.000000 0.000000 0.000000
vn -1.000000 0.000000 0.000000
vn 0.000000 0.000000 1.000000
vn 0.000000 0.000000 1.000000
vn 0.000000 0.000000 1.000000
vn 0.000000 0.000000 1.000000
vn 0.000000 0.000000 -1.000000
vn 0.000000 0.000000 -1.000000
vn 0.000000 0.000000 -1.000000
vn 0.000000 0.000000 -1.000000
vn 0.000000 1.000000 0.000000
vn 0.000000 1.000000 0.000000
vn 0.000000 1.000000 0.000000
vn 0.000000 1.000000 0.000000
vn 0.000000 -1.000000 0.000000
vn 0.000000 -1.000000 0.000000
vn 0.000000 -1.000000 0.000000
vn 0.000000 -1.000000 0.000000
vn 1.000000 0.000000 0.000000
vn 1.000000 0.000000 0.000000
vn 1.000000 0.000000 0.000000
vn 1.000000 0.000000 0.000000
vn -1.000000 0.000000 0.000000
vn -1.000000 0.000000 0.000000
vn -1.000000 0.000000 0.000000
vn -1.000000 0.000000 0.000000
vn 0.000000 0.000000 1.000000
vn 0.000000 0.000000 1.000000
vn 0.000000 0.000000 1.000000
vn 0.000000 0.000000 1.000000
vn 0.000000 0.000000 -1.000000
vn 0.000000 0.000000 -1.000000
vn 0.000000 0.000000 -1.000000
vn 0.000000 0.000000 -1.000000
vn 0.000000 1.000000 0.000000
vn 0.000000 1.000000 0.000000
vn 0.000000 1.000000 0.000000
vn 0.000000 1.000000 0.000000
vn 0.000000 -1.000000 0.000000
vn 0.000000 -1.000000 0.000000
vn 0.000000 -1.000000 0.000000
vn 0.000000 -1.000000 0.000000
vn 1.000000 0.000000 0.000000
vn 1.000000 0.000000 0.000000
vn 1.000000 0.000000 0.000000
vn 1.000000 0.000000 0.000000
vn -1.000000 0.000000 0.000000
vn -1.000000 0.000000 0.000000
vn -1.000000 0.000000 0.000000
vn -1.000000 0.000000 0.000000
vn 0.000000 0.000000 1.000000
vn 0.000000 0.000000 1.000000
vn 0.000000 0.000000 1.000000
vn 0.000000 0.000000 1.000000
vn 0.000000 0.000000 -1.000000
vn 0.000000 0.000000 -1.000000
vn 0.000000 0.000000 -1.000000
vn 0.000000 0.000000 -1.000000
vn 0.000000 1.000000 0.000000
vn 0.000000 1.000000 0.000000
vn 0.000000 1.000000 0.000000
vn 0.000000 1.000000 0.000000
vn 0.000000 -1.000000 0.000000
vn 0.000000 -1.000000 0.000000
vn 0.000000 -1.000000 0.000000
vn 0.000000 -1.000000 0.000000
vn 1.000000 0.000000 0.000000
vn 1.000000 0.000000 0.000000
vn 1.000000 0.000000 0.000000
vn 1.000000 0.000000 0.000000
vn -1.000000 0.000000 0.000000
vn -1.000000 0.000000 0.000000
vn -1.000000 0.000000 0.000000
vn -1.000000 0.000000 0.000000
vn 1.000000 0.000000 0.000000
vn 1.000000 0.000000 0.000000
vn 0.923880 0.382683 0.000000
vn 0.923880 0.382683 0.000000
vn 0.707107 0.707107 0.000000
vn 0.707107 0.707107 0.000000
vn 0.382683 0.923880 0.000000
vn 0.382683 0.923880 0.000000
vn 0.000000 1.000000 0.000000
vn 0.000000 1.000000 0.000000
vn -0.382683 0.923880 0.000000
vn -0.382683 0.923880 0.000000
vn -0.707107 0.707107 0.000000
vn -0.707107 0.707107 0.000000
vn -0.923880 0.382683 0.000000
vn -0.923880 0.382683 0.000000
vn -1.000000 0.000000 0.000000
vn -1.000000 0.000000 0.000000
vn -0.923880 -0.382683 0.000000
vn -0.923880 -0.382683 0.000000
vn -0.707107 -0.707107 0.000000
vn -0.707107 -0.707107 0.000000
vn -0.382683 -0.923880 0.000000
vn -0.382683 -0.923880 0.000000
vn -0.000000 -1.000000 0.000000
vn -0.000000 -1.000000 0.000000
vn 0.382683 -0.923880 0.000000
vn 0.382683 -0.923880 0.000000
vn 0.707107 -0.707107 0.000000
vn 0.707107 -0.707107 0.000000
vn 0.923880 -0.382683 0.000000
vn 0.923880 -0.382683 0.000000
vn 0.000000 0.000000 1.000000
vn 0.000000 0.000000 -1.000000
vn 0.000000 0.000000 1.000000
vn 0.000000 0.000000 -1.000000
vn 0.000000 0.000000 1.000000
vn 0.000000 0.000000 -1.000000
vn 0.000000 0.000000 1.000000
vn 0.000000 0.000000 -1.000000
vn 0.000000 0.000000 1.000000
vn 0.000000 0.000000 -1.000000
vn 0.000000 0.000000 1.000000
vn 0.000000 0.000000 -1.000000
vn 0.000000 0.000000 1.000000
vn 0.000000 0.000000 -1.000000
vn 0.000000 0.000000 1.000000
vn 0.000000 0.000000 -1.000000
vn 0.000000 0.000000 1.000000
vn 0.000000 0.000000 -1.000000
vn 0.000000 0.000000 1.000000
vn 0.000000 0.000000 -1.000000
vn 0.000000 0.000000 1.000000
vn 0.000000 0.000000 -1.000000
vn 0.000000 0.000000 1.000000
vn 0.000000 0.000000 -1.000000
vn 0.000000 0.000000 1.000000
vn 0.000000 0.000000 -1.000000
vn 0.000000 0.000000 1.000000
vn 0.000000 0.000000 -1.000000
vn 0.000000 0.000000 1.000000
vn 0.000000 0.000000 -1.000000
vn 0.000000 0.000000 1.000000
vn 0.000000 0.000000 -1.000000
vn 0.000000 0.000000 1.000000
vn 0.000000 0.000000 -1.000000
vn 1.000000 0.000000 0.000000
vn 1.000000 0.000000 0.000000
vn 0.923880 0.382683 0.000000
vn 0.923880 0.382683 0.000000
vn 0.707107 0.707107 0.000000
vn 0.707107 0.707107 0.000000
vn 0.382683 0.923880 0.000000
vn 0.382683 0.923880 0.000000
vn 0.000000 1.000000 0.000000
vn 0.000000 1.000000 0.000000
vn -0.382683 0.923880 0.000000
vn -0.382683 0.923880 0.000000
vn -0.707107 0.707107 0.000000
vn -0.707107 0.707107 0.000000
vn -0.923880 0.382683 0.000000
vn -0.923880 0.382683 0.000000
vn -1.000000 0.000000 0.000000
vn -1.000000 0.000000 0.000000
vn -0.923880 -0.382683 0.000000
vn -0.923880 -0.382683 0.000000
vn -0.707107 -0.707107 0.000000
vn -0.707107 -0.707107 0.000000
vn -0.382683 -0.923880 0.000000
vn -0.382683 -0.923880 0.000000
vn -0.000000 -1.000000 0.000000
vn -0.000000 -1.000000 0.000000
vn 0.382683 -0.923880 0.000000
vn 0.382683 -0.923880 0.000000
vn 0.707107 -0.707107 0.000000
vn 0.707107 -0.707107 0.000000
vn 0.923880 -0.382683 0.000000
vn 0.923880 -0.382683 0.000000
vn 0.000000 0.000000 1.000000
vn 0.000000 0.000000 -1.000000
vn 0.000000 0.000000 1.000000
vn 0.000000 0.000000 -1.000000
vn 0.000000 0.000000 1.000000
vn 0.000000 0.000000 -1.000000
vn 0.000000 0.000000 1.000000
vn 0.000000 0.000000 -1.000000
vn 0.000000 0.000000 1.000000
vn 0.000000 0.000000 -1.000000
vn 0.000000 0.000000 1.000000
vn 0.000000 0.000000 -1.000000
vn 0.000000 0.000000 1.000000
vn 0.000000 0.000000 -1.000000
vn 0.000000 0.000000 1.000000
vn 0.000000 0.000000 -1.000000
vn 0.000000 0.000000 1.000000
vn 0.000000 0.000000 -1.000000
vn 0.000000 0.000000 1.000000
vn 0.000000 0.000000 -1.000000
vn 0.000000 0.000000 1.000000
vn 0.000000 0.000000 -1.000000
vn 0.000000 0.000000 1.000000
vn 0.000000 0.000000 -1.000000
vn 0.000000 0.000000 1.000000
vn 0.000000 0.000000 -1.000000
vn 0.000000 0.000000 1.000000
vn 0.000000 0.000000 -1.000000
vn 0.000000 0.000000 1.000000
vn 0.000000 0.000000 -1.000000
vn 0.000000 0.000000 1.000000
vn 0.000000 0.000000 -1.000000
vn 0.000000 0.000000 1.000000
vn 0.000000 0.000000 -1.000000
vn 1.000000 0.000000 0.000000
vn 1.000000 0.000000 0.000000
vn 0.923880 0.382683 0.000000
vn 0.923880 0.382683 0.000000
vn 0.707107 0.707107 0.000000
vn 0.707107 0.707107 0.000000
vn 0.382683 0.923880 0.000000
vn 0.382683 0.923880 0.000000
vn 0.000000 1.000000 0.000000
vn 0.000000 1.000000 0.000000
vn -0.382683 0.923880 0.000000
vn -0.382683 0.923880 0.000000
vn -0.707107 0.707107 0.000000
vn -0.707107 0.707107 0.000000
vn -0.923880 0.382683 0.000000
vn -0.923880 0.382683 0.000000
vn -1.000000 0.000000 0.000000
vn -1.000000 0.000000 0.000000
vn -0.923880 -0.382683 0.000000
vn -0.923880 -0.382683 0.000000
vn -0.707107 -0.707107 0.000000
vn -0.707107 -0.707107 0.000000
vn -0.382683 -0.923880 0.000000
vn -0.382683 -0.923880 0.000000
vn -0.000000 -1.000000 0.000000
vn -0.000000 -1.000000 0.000000
vn 0.382683 -0.923880 0.000000
vn 0.382683 -0.923880 0.000000
vn 0.707107 -0.707107 0.000000
vn 0.707107 -0.707107 0.000000
vn 0.923880 -0.382683 0.000000
vn 0.923880 -0.382683 0.000000
vn 0.000000 0.000000 1.000000
vn 0.000000 0.000000 -1.000000
vn 0.000000 0.000000 1.000000
vn 0.000000 0.000000 -1.000000
vn 0.000000 0.000000 1.000000
vn 0.000000 0.000000 -1.000000
vn 0.000000 0.000000 1.000000
vn 0.000000 0.000000 -1.000000
vn 0.000000 0.000000 1.000000
vn 0.000000 0.000000 -1.000000
vn 0.000000 0.000000 1.000000
vn 0.000000 0.000000 -1.000000
vn 0.000000 0.000000 1.000000
vn 0.000000 0.000000 -1.000000
vn 0.000000 0.000000 1.000000
vn 0.000000 0.000000 -1.000000
vn 0.000000 0.000000 1.000000
vn 0.000000 0.000000 -1.000000
vn 0.000000 0.000000 1.000000
vn 0.000000 0.000000 -1.000000
vn 0.000000 0.000000 1.000000
vn 0.000000 0.000000 -1.000000
vn 0.000000 0.000000 1.000000
vn 0.000000 0.000000 -1.000000
vn 0.000000 0.000000 1.000000
vn 0.000000 0.000000 -1.000000
vn 0.000000 0.000000 1.000000
vn 0.000000 0.000000 -1.000000
vn 0.000000 0.000000 1.000000
vn 0.000000 0.000000 -1.000000
vn 0.000000 0.000000 1.000000
vn 0.000000 0.000000 -1.000000
vn 0.000000 0.000000 1.000000
vn 0.000000 0.000000 -1.000000
vn 1.000000 0.000000 0.000000
vn 1.000000 0.000000 0.000000
vn 0.923880 0.382683 0.000000
vn 0.923880 0.382683 0.000000
vn 0.707107 0.707107 0.000000
vn 0.707107 0.707107 0.000000
vn 0.382683 0.923880 0.000000
vn 0.382683 0.923880 0.000000
vn 0.000000 1.000000 0.000000
vn 0.000000 1.000000 0.000000
vn -0.382683 0.923880 0.000000
vn -0.382683 0.923880 0.000000
vn -0.707107 0.707107 0.000000
vn -0.707107 0.707107 0.000000
vn -0.923880 0.382683 0.000000
vn -0.923880 0.382683 0.000000
vn -1.000000 0.000000 0.000000
vn -1.000000 0.000000 0.000000
vn -0.923880 -0.382683 0.000000
vn -0.923880 -0.382683 0.000000
vn -0.707107 -0.707107 0.000000
vn -0.707107 -0.707107 0.000000
vn -0.382683 -0.923880 0.000000
vn -0.382683 -0.923880 0.000000
vn -0.000000 -1.000000 0.000000
vn -0.000000 -1.000000 0.000000
vn 0.382683 -0.923880 0.000000
vn 0.382683 -0.923880 0.000000
vn 0.707107 -0.707107 0.000000
vn 0.707107 -0.707107 0.000000
vn 0.923880 -0.382683 0.000000
vn 0.923880 -0.382683 0.000000
vn 0.000000 0.000000 1.000000
vn 0.000000 0.000000 -1.000000
vn 0.000000 0.000000 1.000000
vn 0.000000 0.000000 -1.000000
vn 0.000000 0.000000 1.000000
vn 0.000000 0.000000 -1.000000
vn 0.000000 0.000000 1.000000
vn 0.000000 0.000000 -1.000000
vn 0.000000 0.000000 1.000000
vn 0.000000 0.000000 -1.000000
vn 0.000000 0.000000 1.000000
vn 0.000000 0.000000 -1.000000
vn 0.000000 0.000000 1.000000
vn 0.000000 0.000000 -1.000000
vn 0.000000 0.000000 1.000000
vn 0.000000 0.000000 -1.000000
vn 0.000000 0.000000 1.000000
vn 0.000000 0.000000 -1.000000
vn 0.000000 0.000000 1.000000
vn 0.000000 0.000000 -1.000000
vn 0.000000 0.000000 1.000000
vn 0.000000 0.000000 -1.000000
vn 0.000000 0.000000 1.000000
vn 0.000000 0.000000 -1.000000
vn 0.000000 0.000000 1.000000
vn 0.000000 0.000000 -1.000000
vn 0.000000 0.000000 1.000000
vn 0.000000 0.000000 -1.000000
vn 0.000000 0.000000 1.000000
vn 0.000000 0.000000 -1.000000
vn 0.000000 0.000000 1.000000
vn 0.000000 0.000000 -1.000000
vn 0.000000 0.000000 1.000000
vn 0.000000 0.000000 -1.000000
vn 1.000000 0.000000 0.000000
vn 1.000000 0.000000 0.000000
vn 0.923880 0.382683 0.000000
vn 0.923880 0.382683 0.000000
vn 0.707107 0.707107 0.000000
vn 0.707107 0.707107 0.000000
vn 0.382683 0.923880 0.000000
vn 0.382683 0.923880 0.000000
vn 0.000000 1.000000 0.000000
vn 0.000000 1.000000 0.000000
vn -0.382683 0.923880 0.000000
vn -0.382683 0.923880 0.000000
vn -0.707107 0.707107 0.000000
vn -0.707107 0.707107 0.000000
vn -0.923880 0.382683 0.000000
vn -0.923880 0.382683 0.000000
vn -1.000000 0.000000 0.000000
vn -1.000000 0.000000 0.000000
vn -0.923880 -0.382683 0.000000
vn -0.923880 -0.382683 0.000000
vn -0.707107 -0.707107 0.000000
vn -0.707107 -0.707107 0.000000
vn -0.382683 -0.923880 0.000000
vn -0.382683 -0.923880 0.000000
vn -0.000000 -1.000000 0.000000
vn -0.000000 -1.000000 0.000000
vn 0.382683 -0.923880 0.000000
vn 0.382683 -0.923880 0.000000
vn 0.707107 -0.707107 0.000000
vn 0.707107 -0.707107 0.000000
vn 0.923880 -0.382683 0.000000
vn 0.923880 -0.382683 0.000000
vn 0.000000 0.000000 1.000000
vn 0.000000 0.000000 -1.000000
vn 0.000000 0.000000 1.000000
vn 0.000000 0.000000 -1.000000
vn 0.000000 0.000000 1.000000
vn 0.000000 0.000000 -1.000000
vn 0.000000 0.000000 1.000000
vn 0.000000 0.000000 -1.000000
vn 0.000000 0.000000 1.000000
vn 0.000000 0.000000 -1.000000
vn 0.000000 0.000000 1.000000
vn 0.000000 0.000000 -1.000000
vn 0.000000 0.000000 1.000000
vn 0.000000 0.000000 -1.000000
vn 0.000000 0.000000 1.000000
vn 0.000000 0.000000 -1.000000
vn 0.000000 0.000000 1.000000
vn 0.000000 0.000000 -1.000000
vn 0.000000 0.000000 1.000000
vn 0.000000 0.000000 -1.000000
vn 0.000000 0.000000 1.000000
vn 0.000000 0.000000 -1.000000
vn 0.000000 0.000000 1.000000
vn 0.000000 0.000000 -1.000000
vn 0.000000 0.000000 1.000000
vn 0.000000 0.000000 -1.000000
vn 0.000000 0.000000 1.000000
vn 0.000000 0.000000 -1.000000
vn 0.000000 0.000000 1.000000
vn 0.000000 0.000000 -1.000000
vn 0.000000 0.000000 1.000000
vn 0.000000 0.000000 -1.000000
vn 0.000000 0.000000 1.000000
vn 0.000000 0.000000 -1.000000
vn 1.000000 0.000000 0.000000
vn 1.000000 0.000000 0.000000
vn 0.923880 0.382683 0.000000
vn 0.923880 0.382683 0.000000
vn 0.707107 0.707107 0.000000
vn 0.707107 0.707107 0.000000
vn 0.382683 0.923880 0.000000
vn 0.382683 0.923880 0.000000
vn 0.000000 1.000000 0.000000
vn 0.000000 1.000000 0.000000
vn -0.382683 0.923880 0.000000
vn -0.382683 0.923880 0.000000
vn -0.707107 0.707107 0.000000
vn -0.707107 0.707107 0.000000
vn -0.923880 0.382683 0.000000
vn -0.923880 0.382683 0.000000
vn -1.000000 0.000000 0.000000
vn -1.000000 0.000000 0.000000
vn -0.923880 -0.382683 0.000000
vn -0.923880 -0.382683 0.000000
vn -0.707107 -0.707107 0.000000
vn -0.707107 -0.707107 0.000000
vn -0.382683 -0.923880 0.000000
vn -0.382683 -0.923880 0.000000
vn -0.000000 -1.000000 0.000000
vn -0.000000 -1.000000 0.000000
vn 0.382683 -0.923880 0.000000
vn 0.382683 -0.923880 0.000000
vn 0.707107 -0.707107 0.000000
vn 0.707107 -0.707107 0.000000
vn 0.923880 -0.382683 0.000000
vn 0.923880 -0.382683 0.000000
vn 0.000000 0.000000 1.000000
vn 0.000000 0.000000 -1.000000
vn 0.000000 0.000000 1.000000
vn 0.000000 0.000000 -1.000000
vn 0.000000 0.000000 1.000000
vn 0.000000 0.000000 -1.000000
vn 0.000000 0.000000 1.000000
vn 0.000000 0.000000 -1.000000
vn 0.000000 0.000000 1.000000
vn 0.000000 0.000000 -1.000000
vn 0.000000 0.000000 1.000000
vn 0.000000 0.000000 -1.000000
vn 0.000000 0.000000 1.000000
vn 0.000000 0.000000 -1.000000
vn 0.000000 0.000000 1.000000
vn 0.000000 0.000000 -1.000000
vn 0.000000 0.000000 1.000000
vn 0.000000 0.000000 -1.000000
vn 0.000000 0.000000 1.000000
vn 0.000000 0.000000 -1.000000
vn 0.000000 0.000000 1.000000
vn 0.000000 0.000000 -1.000000
vn 0.000000 0.000000 1.000000
vn 0.000000 0.000000 -1.000000
vn 0.000000 0.000000 1.000000
vn 0.000000 0.000000 -1.000000
vn 0.000000 0.000000 1.000000
vn 0.000000 0.000000 -1.000000
vn 0.000000 0.000000 1.000000
vn 0.000000 0.000000 -1.000000
vn 0.000000 0.000000 1.000000
vn 0.000000 0.000000 -1.000000
vn 0.000000 0.000000 1.000000
vn 0.000000 0.000000 -1.000000
vn 1.000000 0.000000 0.000000
vn 1.000000 0.000000 0.000000
vn 0.923880 0.382683 0.000000
vn 0.923880 0.382683 0.000000
vn 0.707107 0.707107 0.000000
vn 0.707107 0.707107 0.000000
vn 0.382683 0.923880 0.000000
vn 0.382683 0.923880 0.000000
vn 0.000000 1.000000 0.000000
vn 0.000000 1.000000 0.000000
vn -0.382683 0.923880 0.000000
vn -0.382683 0.923880 0.000000
vn -0.707107 0.707107 0.000000
vn -0.707107 0.707107 0.000000
vn -0.923880 0.382683 0.000000
vn -0.923880 0.382683 0.000000
vn -1.000000 0.000000 0.000000
vn -1.000000 0.000000 0.000000
vn -0.923880 -0.382683 0.000000
vn -0.923880 -0.382683 0.000000
vn -0.707107 -0.707107 0.000000
vn -0.707107 -0.707107 0.000000
vn -0.382683 -0.923880 0.000000
vn -0.382683 -0.923880 0.000000
vn -0.000000 -1.000000 0.000000
vn -0.000000 -1.000000 0.000000
vn 0.382683 -0.923880 0.000000
vn 0.382683 -0.923880 0.000000
vn 0.707107 -0.707107 0.000000
vn 0.707107 -0.707107 0.000000
vn 0.923880 -0.382683 0.000000
vn 0.923880 -0.382683 0.000000
vn 0.000000 0.000000 1.000000
vn 0.000000 0.000000 -1.000000
vn 0.000000 0.000000 1.000000
vn 0.000000 0.000000 -1.000000
vn 0.000000 0.000000 1.000000
vn 0.000000 0.000000 -1.000000
vn 0.000000 0.000000 1.000000
vn 0.000000 0.000000 -1.000000
vn 0.000000 0.000000 1.000000
vn 0.000000 0.000000 -1.000000
vn 0.000000 0.000000 1.000000
vn 0.000000 0.000000 -1.000000
vn 0.000000 0.000000 1.000000
vn 0.000000 0.000000 -1.000000
vn 0.000000 0.000000 1.000000
vn 0.000000 0.000000 -1.000000
vn 0.000000 0.000000 1.000000
vn 0.000000 0.000000 -1.000000
vn 0.000000 0.000000 1.000000
vn 0.000000 0.000000 -1.000000
vn 0.000000 0.000000 1.000000
vn 0.000000 0.000000 -1.000000
vn 0.000000 0.000000 1.000000
vn 0.000000 0.000000 -1.000000
vn 0.000000 0.000000 1.000000
vn 0.000000 0.000000 -1.000000
vn 0.000000 0.000000 1.000000
vn 0.000000 0.000000 -1.000000
vn 0.000000 0.000000 1.000000
vn 0.000000 0.000000 -1.000000
vn 0.000000 0.000000 1.000000
vn 0.000000 0.000000 -1.000000
vn 0.000000 0.000000 1.000000
vn 0.000000 0.000000 -1.000000
vn 1.000000 0.000000 0.000000
vn 1.000000 0.000000 0.000000
vn 0.923880 0.382683 0.000000
vn 0.923880 0.382683 0.000000
vn 0.707107 0.707107 0.000000
vn 0.707107 0.707107 0.000000
vn 0.382683 0.923880 0.000000
vn 0.382683 0.923880 0.000000
vn 0.000000 1.000000 0.000000
vn 0.000000 1.000000 0.000000
vn -0.382683 0.923880 0.000000
vn -0.382683 0.923880 0.000000
vn -0.707107 0.707107 0.000000
vn -0.707107 0.707107 0.000000
vn -0.923880 0.382683 0.000000
vn -0.923880 0.382683 0.000000
vn -1.000000 0.000000 0.000000
vn -1.000000 0.000000 0.000000
vn -0.923880 -0.382683 0.000000
vn -0.923880 -0.382683 0.000000
vn -0.707107 -0.707107 0.000000
vn -0.707107 -0.707107 0.000000
vn -0.382683 -0.923880 0.000000
vn -0.382683 -0.923880 0.000000
vn -0.000000 -1.000000 0.000000
vn -0.000000 -1.000000 0.000000
vn 0.382683 -0.923880 0.000000
vn 0.382683 -0.923880 0.000000
vn 0.707107 -0.707107 0.000000
vn 0.707107 -0.707107 0.000000
vn 0.923880 -0.382683 0.000000
vn 0.923880 -0.382683 0.000000
vn 0.000000 0.000000 1.000000
vn 0.000000 0.000000 -1.000000
vn 0.000000 0.000000 1.000000
vn 0.000000 0.000000 -1.000000
vn 0.000000 0.000000 1.000000
vn 0.000000 0.000000 -1.000000
vn 0.000000 0.000000 1.000000
vn 0.000000 0.000000 -1.000000
vn 0.000000 0.000000 1.000000
vn 0.000000 0.000000 -1.000000
vn 0.000000 0.000000 1.000000
vn 0.000000 0.000000 -1.000000
vn 0.000000 0.000000 1.000000
vn 0.000000 0.000000 -1.000000
vn 0.000000 0.000000 1.000000
vn 0.000000 0.000000 -1.000000
vn 0.000000 0.000000 1.000000
vn 0.000000 0.000000 -1.000000
vn 0.000000 0.000000 1.000000
vn 0.000000 0.000000 -1.000000
vn 0.000000 0.000000 1.000000
vn 0.000000 0.000000 -1.000000
vn 0.000000 0.000000 1.000000
vn 0.000000 0.000000 -1.000000
vn 0.000000 0.000000 1.000000
vn 0.000000 0.000000 -1.000000
vn 0.000000 0.000000 1.000000
vn 0.000000 0.000000 -1.000000
vn 0.000000 0.000000 1.000000
vn 0.000000 0.000000 -1.000000
vn 0.000000 0.000000 1.000000
vn 0.000000 0.000000 -1.000000
vn 0.000000 0.000000 1.000000
vn 0.000000 0.000000 -1.000000
vn 0.000000 0.000000 1.000000
vn 0.000000 0.000000 1.000000
vn 0.000000 0.000000 1.000000
vn 0.000000 0.000000 1.000000
vn 0.000000 0.000000 -1.000000
vn 0.000000 0.000000 -1.000000
vn 0.000000 0.000000 -1.000000
vn 0.000000 0.000000 -1.000000
vn 0.000000 1.000000 0.000000
vn 0.000000 1.000000 0.000000
vn 0.000000 1.000000 0.000000
vn 0.000000 1.000000 0.000000
vn 0.000000 -1.000000 0.000000
vn 0.000000 -1.000000 0.000000
vn 0.000000 -1.000000 0.000000
vn 0.000000 -1.000000 0.000000
vn 1.000000 0.000000 0.000000
vn 1.000000 0.000000 0.000000
vn 1.000000 0.000000 0.000000
vn 1.000000 0.000000 0.000000
vn -1.000000 0.000000 0.000000
vn -1.000000 0.000000 0.000000
vn -1.000000 0.000000 0.000000
vn -1.000000 0.000000 0.000000
vn 0.000000 0.000000 1.000000
vn 0.000000 0.000000 1.000000
vn 0.000000 0.000000 1.000000
vn 0.000000 0.000000 1.000000
vn 0.000000 0.000000 -1.000000
vn 0.000000 0.000000 -1.000000
vn 0.000000 0.000000 -1.000000
vn 0.000000 0.000000 -1.000000
vn 0.000000 1.000000 0.000000
vn 0.000000 1.000000 0.000000
vn 0.000000 1.000000 0.000000
vn 0.000000 1.000000 0.000000
vn 0.000000 -1.000000 0.000000
vn 0.000000 -1.000000 0.000000
vn 0.000000 -1.000000 0.000000
vn 0.000000 -1.000000 0.000000
vn 1.000000 0.000000 0.000000
vn 1.000000 0.000000 0.000000
vn 1.000000 0.000000 0.000000
vn 1.000000 0.000000 0.000000
vn -1.000000 0.000000 0.000000
vn -1.000000 0.000000 0.000000
vn -1.000000 0.000000 0.000000
vn -1.000000 0.000000 0.000000
vn 0.000000 0.000000 1.000000
vn 0.000000 0.000000 1.000000
vn 0.000000 0.000000 1.000000
vn 0.000000 0.000000 1.000000
vn 0.000000 0.000000 -1.000000
vn 0.000000 0.000000 -1.000000
vn 0.000000 0.000000 -1.000000
vn 0.000000 0.000000 -1.000000
vn 0.000000 1.000000 0.000000
vn 0.000000 1.000000 0.000000
vn 0.000000 1.000000 0.000000
vn 0.000000 1.000000 0.000000
vn 0.000000 -1.000000 0.000000
vn 0.000000 -1.000000 0.000000
vn 0.000000 -1.000000 0.000000
vn 0.000000 -1.000000 0.000000
vn 1.000000 0.000000 0.000000
vn 1.000000 0.000000 0.000000
vn 1.000000 0.000000 0.000000
vn 1.000000 0.000000 0.000000
vn -1.000000 0.000000 0.000000
vn -1.000000 0.000000 0.000000
vn -1.000000 0.000000 0.000000
vn -1.000000 0.000000 0.000000
vn 0.000000 0.000000 1.000000
vn 0.000000 0.000000 1.000000
vn 0.000000 0.000000 1.000000
vn 0.000000 0.000000 1.000000
vn 0.000000 0.000000 -1.000000
vn 0.000000 0.000000 -1.000000
vn 0.000000 0.000000 -1.000000
vn 0.000000 0.000000 -1.000000
vn 0.000000 1.000000 0.000000
vn 0.000000 1.000000 0.000000
vn 0.000000 1.000000 0.000000
vn 0.000000 1.000000 0.000000
vn 0.000000 -1.000000 0.000000
vn 0.000000 -1.000000 0.000000
vn 0.000000 -1.000000 0.000000
vn 0.000000 -1.000000 0.000000
vn 1.000000 0.000000 0.000000
vn 1.000000 0.000000 0.000000
vn 1.000000 0.000000 0.000000
vn 1.000000 0.000000 0.000000
vn -1.000000 0.000000 0.000000
vn -1.000000 0.000000 0.000000
vn -1.000000 0.000000 0.000000
vn -1.000000 0.000000 0.000000
vn 0.000000 1.000000 0.000000
vn 0.000000 1.000000 0.000000
vn 0.000000 0.866025 0.500000
vn 0.000000 0.866025 0.500000
vn 0.000000 0.500000 0.866025
vn 0.000000 0.500000 0.866025
vn 0.000000 0.000000 1.000000
vn 0.000000 0.000000 1.000000
vn 0.000000 -0.500000 0.866025
vn 0.000000 -0.500000 0.866025
vn 0.000000 -0.866025 0.500000
vn 0.000000 -0.866025 0.500000
vn 0.000000 -1.000000 0.000000
vn 0.000000 -1.000000 0.000000
vn 0.000000 -0.866025 -0.500000
vn 0.000000 -0.866025 -0.500000
vn 0.000000 -0.500000 -0.866025
vn 0.000000 -0.500000 -0.866025
vn 0.000000 -0.000000 -1.000000
vn 0.000000 -0.000000 -1.000000
vn 0.000000 0.500000 -0.866025
vn 0.000000 0.500000 -0.866025
vn 0.000000 0.866025 -0.500000
vn 0.000000 0.866025 -0.500000
vn 1.000000 0.000000 0.000000
vn -1.000000 0.000000 0.000000
vn 1.000000 0.000000 0.000000
vn -1.000000 0.000000 0.000000
vn 1.000000 0.000000 0.000000
vn -1.000000 0.000000 0.000000
vn 1.000000 0.000000 0.000000
vn -1.000000 0.000000 0.000000
vn 1.000000 0.000000 0.000000
vn -1.000000 0.000000 0.000000
vn 1.000000 0.000000 0.000000
vn -1.000000 0.000000 0.000000
vn 1.000000 0.000000 0.000000
vn -1.000000 0.000000 0.000000
vn 1.000000 0.000000 0.000000
vn -1.000000 0.000000 0.000000
vn 1.000000 0.000000 0.000000
vn -1.000000 0.000000 0.000000
vn 1.000000 0.000000 0.000000
vn -1.000000 0.000000 0.000000
vn 1.000000 0.000000 0.000000
vn -1.000000 0.000000 0.000000
vn 1.000000 0.000000 0.000000
vn -1.000000 0.000000 0.000000
vn 1.000000 0.000000 0.000000
vn -1.000000 0.000000 0.000000
vn 0.000000 0.000000 1.000000
vn 0.000000 0.000000 1.000000
vn 0.000000 0.000000 1.000000
vn 0.000000 0.000000 1.000000
vn 0.000000 0.000000 -1.000000
vn 0.000000 0.000000 -1.000000
vn 0.000000 0.000000 -1.000000
vn 0.000000 0.000000 -1.000000
vn 0.000000 1.000000 0.000000
vn 0.000000 1.000000 0.000000
vn 0.000000 1.000000 0.000000
vn 0.000000 1.000000 0.000000
vn 0.000000 -1.000000 0.000000
vn 0.000000 -1.000000 0.000000
vn 0.000000 -1.000000 0.000000
vn 0.000000 -1.000000 0.000000
vn 1.000000 0.000000 0.000000
vn 1.000000 0.000000 0.000000
vn 1.000000 0.000000 0.000000
vn 1.000000 0.000000 0.000000
vn -1.000000 0.000000 0.000000
vn -1.000000 0.000000 0.000000
vn -1.000000 0.000000 0.000000
vn -1.000000 0.000000 0.000000
usemtl 01_Yellow
f 1/1/1 2/2/2 3/3/3
f 1/1/1 3/3/3 4/4/4
f 5/5/5 6/6/6 7/7/7
f 5/5/5 7/7/7 8/8/8
f 9/9/9 10/10/10 11/11/11
f 9/9/9 11/11/11 12/12/12
f 13/13/13 14/14/14 15/15/15
f 13/13/13 15/15/15 16/16/16
f 17/17/17 18/18/18 19/19/19
f 17/17/17 19/19/19 20/20/20
f 21/21/21 22/22/22 23/23/23
f 21/21/21 23/23/23 24/24/24
usemtl 02_Black
f 25/25/25 26/26/26 27/27/27
f 25/25/25 27/27/27 28/28/28
f 29/29/29 30/30/30 31/31/31
f 29/29/29 31/31/31 32/32/32
f 33/33/33 34/34/34 35/35/35
f 33/33/33 35/35/35 36/36/36
f 37/37/37 38/38/38 39/39/39
f 37/37/37 39/39/39 40/40/40
f 41/41/41 42/42/42 43/43/43
f 41/41/41 43/43/43 44/44/44
f 45/45/45 46/46/46 47/47/47
f 45/45/45 47/47/47 48/48/48
f 49/49/49 50/50/50 51/51/51
f 49/49/49 51/51/51 52/52/52
f 53/53/53 54/54/54 55/55/55
f 53/53/53 55/55/55 56/56/56
f 57/57/57 58/58/58 59/59/59
f 57/57/57 59/59/59 60/60/60
f 61/61/61 62/62/62 63/63/63
f 61/61/61 63/63/63 64/64/64
f 65/65/65 66/66/66 67/67/67
f 65/65/65 67/67/67 68/68/68
f 69/69/69 70/70/70 71/71/71
f 69/69/69 71/71/71 72/72/72
f 73/73/73 74/74/74 75/75/75
f 73/73/73 75/75/75 76/76/76
f 77/77/77 78/78/78 79/79/79
f 77/77/77 79/79/79 80/80/80
f 81/81/81 82/82/82 83/83/83
f 81/81/81 83/83/83 84/84/84
f 85/85/85 86/86/86 87/87/87
f 85/85/85 87/87/87 88/88/88
f 89/89/89 90/90/90 91/91/91
f 89/89/89 91/91/91 92/92/92
f 93/93/93 94/94/94 95/95/95
f 93/93/93 95/95/95 96/96/96
f 97/97/97 98/98/98 99/99/99
f 97/97/97 99/99/99 100/100/100
f 101/101/101 102/102/102 103/103/103
f 101/101/101 103/103/103 104/104/104
f 105/105/105 106/106/106 107/107/107
f 105/105/105 107/107/107 108/108/108
f 109/109/109 110/110/110 111/111/111
f 109/109/109 111/111/111 112/112/112
f 113/113/113 114/114/114 115/115/115
f 113/113/113 115/115/115 116/116/116
f 117/117/117 118/118/118 119/119/119
f 117/117/117 119/119/119 120/120/120
f 121/121/121 122/122/122 123/123/123
f 121/121/121 123/123/123 124/124/124
f 125/125/125 126/126/126 127/127/127
f 125/125/125 127/127/127 128/128/128
f 129/129/129 130/130/130 131/131/131
f 129/129/129 131/131/131 132/132/132
f 133/133/133 134/134/134 135/135/135
f 133/133/133 135/135/135 136/136/136
f 137/137/137 138/138/138 139/139/139
f 137/137/137 139/139/139 140/140/140
f 141/141/141 142/142/142 143/143/143
f 141/141/141 143/143/143 144/144/144
f 145/145/145 146/146/146 147/147/147
f 145/145/145 147/147/147 148/148/148
f 149/149/149 150/150/150 151/151/151
f 149/149/149 151/151/151 152/152/152
f 153/153/153 154/154/154 155/155/155
f 153/153/153 155/155/155 156/156/156
f 157/157/157 158/158/158 159/159/159
f 157/157/157 159/159/159 160/160/160
f 161/161/161 162/162/162 163/163/163
f 161/161/161 163/163/163 164/164/164
f 165/165/165 166/166/166 167/167/167
f 165/165/165 167/167/167 168/168/168
f 169/169/169 170/170/170 171/171/171
f 169/169/169 171/171/171 172/172/172
f 173/173/173 174/174/174 175/175/175
f 173/173/173 175/175/175 176/176/176
f 177/177/177 178/178/178 179/179/179
f 177/177/177 179/179/179 180/180/180
f 181/181/181 182/182/182 183/183/183
f 181/181/181 183/183/183 184/184/184
f 185/185/185 186/186/186 187/187/187
f 185/185/185 187/187/187 188/188/188
f 189/189/189 190/190/190 191/191/191
f 189/189/189 191/191/191 192/192/192
f 193/193/193 194/194/194 195/195/195
f 193/193/193 195/195/195 196/196/196
f 197/197/197 198/198/198 199/199/199
f 197/197/197 199/199/199 200/200/200
f 201/201/201 202/202/202 203/203/203
f 201/201/201 203/203/203 204/204/204
f 205/205/205 206/206/206 207/207/207
f 205/205/205 207/207/207 208/208/208
f 209/209/209 210/210/210 211/211/211
f 209/209/209 211/211/211 212/212/212
f 213/213/213 214/214/214 215/215/215
f 213/213/213 215/215/215 216/216/216
f 217/217/217 218/218/218 219/219/219
f 217/217/217 219/219/219 220/220/220
f 221/221/221 222/222/222 223/223/223
f 221/221/221 223/223/223 224/224/224
f 225/225/225 226/226/226 227/227/227
f 225/225/225 227/227/227 228/228/228
f 229/229/229 230/230/230 231/231/231
f 229/229/229 231/231/231 232/232/232
f 233/233/233 234/234/234 235/235/235
f 233/233/233 235/235/235 236/236/236
f 237/237/237 238/238/238 239/239/239
f 237/237/237 239/239/239 240/240/240
f 241/241/241 242/242/242 244/244/244
f 241/241/241 244/244/244 243/243/243
f 243/243/243 244/244/244 246/246/246
f 243/243/243 246/246/246 245/245/245
f 245/245/245 246/246/246 248/248/248
f 245/245/245 248/248/248 247/247/247
f 247/247/247 248/248/248 250/250/250
f 247/247/247 250/250/250 249/249/249
f 249/249/249 250/250/250 252/252/252
f 249/249/249 252/252/252 251/251/251
f 251/251/251 252/252/252 254/254/254
f 251/251/251 254/254/254 253/253/253
f 253/253/253 254/254/254 256/256/256
f 253/253/253 256/256/256 255/255/255
f 255/255/255 256/256/256 258/258/258
f 255/255/255 258/258/258 257/257/257
f 257/257/257 258/258/258 260/260/260
f 257/257/257 260/260/260 259/259/259
f 259/259/259 260/260/260 262/262/262
f 259/259/259 262/262/262 261/261/261
f 261/261/261 262/262/262 264/264/264
f 261/261/261 264/264/264 263/263/263
f 263/263/263 264/264/264 266/266/266
f 263/263/263 266/266/266 265/265/265
f 265/265/265 266/266/266 268/268/268
f 265/265/265 268/268/268 267/267/267
f 267/267/267 268/268/268 270/270/270
f 267/267/267 270/270/270 269/269/269
f 269/269/269 270/270/270 272/272/272
f 269/269/269 272/272/272 271/271/271
f 271/271/271 272/272/272 242/242/242
f 271/271/271 242/242/242 241/241/241
f 273/273/273 275/275/275 277/277/277
f 274/274/274 278/278/278 276/276/276
f 273/273/273 277/277/277 279/279/279
f 274/274/274 280/280/280 278/278/278
f 273/273/273 279/279/279 281/281/281
f 274/274/274 282/282/282 280/280/280
f 273/273/273 281/281/281 283/283/283
f 274/274/274 284/284/284 282/282/282
f 273/273/273 283/283/283 285/285/285
f 274/274/274 286/286/286 284/284/284
f 273/273/273 285/285/285 287/287/287
f 274/274/274 288/288/288 286/286/286
f 273/273/273 287/287/287 289/289/289
f 274/274/274 290/290/290 288/288/288
f 273/273/273 289/289/289 291/291/291
f 274/274/274 292/292/292 290/290/290
f 273/273/273 291/291/291 293/293/293
f 274/274/274 294/294/294 292/292/292
f 273/273/273 293/293/293 295/295/295
f 274/274/274 296/296/296 294/294/294
f 273/273/273 295/295/295 297/297/297
f 274/274/274 298/298/298 296/296/296
f 273/273/273 297/297/297 299/299/299
f 274/274/274 300/300/300 298/298/298
f 273/273/273 299/299/299 301/301/301
f 274/274/274 302/302/302 300/300/300
f 273/273/273 301/301/301 303/303/303
f 274/274/274 304/304/304 302/302/302
f 273/273/273 303/303/303 305/305/305
f 274/274/274 306/306/306 304/304/304
f 273/273/273 305/305/305 275/275/275
f 274/274/274 276/276/276 306/306/306
f 307/307/307 308/308/308 310/310/310
f 307/307/307 310/310/310 309/309/309
f 309/309/309 310/310/310 312/312/312
f 309/309/309 312/312/312 311/311/311
f 311/311/311 312/312/312 314/314/314
f 311/311/311 314/314/314 313/313/313
f 313/313/313 314/314/314 316/316/316
f 313/313/313 316/316/316 315/315/315
f 315/315/315 316/316/316 318/318/318
f 315/315/315 318/318/318 317/317/317
f 317/317/317 318/318/318 320/320/320
f 317/317/317 320/320/320 319/319/319
f 319/319/319 320/320/320 322/322/322
f 319/319/319 322/322/322 321/321/321
f 321/321/321 322/322/322 324/324/324
f 321/321/321 324/324/324 323/323/323
f 323/323/323 324/324/324 326/326/326
f 323/323/323 326/326/326 325/325/325
f 325/325/325 326/326/326 328/328/328
f 325/325/325 328/328/328 327/327/327
f 327/327/327 328/328/328 330/330/330
f 327/327/327 330/330/330 329/329/329
f 329/329/329 330/330/330 332/332/332
f 329/329/329 332/332/332 331/331/331
f 331/331/331 332/332/332 334/334/334
f 331/331/331 334/334/334 333/333/333
f 333/333/333 334/334/334 336/336/336
f 333/333/333 336/336/336 335/335/335
f 335/335/335 336/336/336 338/338/338
f 335/335/335 338/338/338 337/337/337
f 337/337/337 338/338/338 308/308/308
f 337/337/337 308/308/308 307/307/307
f 339/339/339 341/341/341 343/343/343
f 340/340/340 344/344/344 342/342/342
f 339/339/339 343/343/343 345/345/345
f 340/340/340 346/346/346 344/344/344
f 339/339/339 345/345/345 347/347/347
f 340/340/340 348/348/348 346/346/346
f 339/339/339 347/347/347 349/349/349
f 340/340/340 350/350/350 348/348/348
f 339/339/339 349/349/349 351/351/351
f 340/340/340 352/352/352 350/350/350
f 339/339/339 351/351/351 353/353/353
f 340/340/340 354/354/354 352/352/352
f 339/339/339 353/353/353 355/355/355
f 340/340/340 356/356/356 354/354/354
f 339/339/339 355/355/355 357/357/357
f 340/340/340 358/358/358 356/356/356
f 339/339/339 357/357/357 359/359/359
f 340/340/340 360/360/360 358/358/358
f 339/339/339 359/359/359 361/361/361
f 340/340/340 362/362/362 360/360/360
f 339/339/339 361/361/361 363/363/363
f 340/340/340 364/364/364 362/362/362
f 339/339/339 363/363/363 365/365/365
f 340/340/340 366/366/366 364/364/364
f 339/339/339 365/365/365 367/367/367
f 340/340/340 368/368/368 366/366/366
f 339/339/339 367/367/367 369/369/369
f 340/340/340 370/370/370 368/368/368
f 339/339/339 369/369/369 371/371/371
f 340/340/340 372/372/372 370/370/370
f 339/339/339 371/371/371 341/341/341
f 340/340/340 342/342/342 372/372/372
f 373/373/373 374/374/374 376/376/376
f 373/373/373 376/376/376 375/375/375
f 375/375/375 376/376/376 378/378/378
f 375/375/375 378/378/378 377/377/377
f 377/377/377 378/378/378 380/380/380
f 377/377/377 380/380/380 379/379/379
f 379/379/379 380/380/380 382/382/382
f 379/379/379 382/382/382 381/381/381
f 381/381/381 382/382/382 384/384/384
f 381/381/381 384/384/384 383/383/383
f 383/383/383 384/384/384 386/386/386
f 383/383/383 386/386/386 385/385/385
f 385/385/385 386/386/386 388/388/388
f 385/385/385 388/388/388 387/387/387
f 387/387/387 388/388/388 390/390/390
f 387/387/387 390/390/390 389/389/389
f 389/389/389 390/390/390 392/392/392
f 389/389/389 392/392/392 391/391/391
f 391/391/391 392/392/392 394/394/394
f 391/391/391 394/394/394 393/393/393
f 393/393/393 394/394/394 396/396/396
f 393/393/393 396/396/396 395/395/395
f 395/395/395 396/396/396 398/398/398
f 395/395/395 398/398/398 397/397/397
f 397/397/397 398/398/398 400/400/400
f 397/397/397 400/400/400 399/399/399
f 399/399/399 400/400/400 402/402/402
f 399/399/399 402/402/402 401/401/401
f 401/401/401 402/402/402 404/404/404
f 401/401/401 404/404/404 403/403/403
f 403/403/403 404/404/404 374/374/374
f 403/403/403 374/374/374 373/373/373
f 405/405/405 407/407/407 409/409/409
f 406/406/406 410/410/410 408/408/408
f 405/405/405 409/409/409 411/411/411
f 406/406/406 412/412/412 410/410/410
f 405/405/405 411/411/411 413/413/413
f 406/406/406 414/414/414 412/412/412
f 405/405/405 413/413/413 415/415/415
f 406/406/406 416/416/416 414/414/414
f 405/405/405 415/415/415 417/417/417
f 406/406/406 418/418/418 416/416/416
f 405/405/405 417/417/417 419/419/419
f 406/406/406 420/420/420 418/418/418
f 405/405/405 419/419/419 421/421/421
f 406/406/406 422/422/422 420/420/420
f 405/405/405 421/421/421 423/423/423
f 406/406/406 424/424/424 422/422/422
f 405/405/405 423/423/423 425/425/425
f 406/406/406 426/426/426 424/424/424
f 405/405/405 425/425/425 427/427/427
f 406/406/406 428/428/428 426/426/426
f 405/405/405 427/427/427 429/429/429
f 406/406/406 430/430/430 428/428/428
f 405/405/405 429/429/429 431/431/431
f 406/406/406 432/432/432 430/430/430
f 405/405/405 431/431/431 433/433/433
f 406/406/406 434/434/434 432/432/432
f 405/405/405 433/433/433 435/435/435
f 406/406/406 436/436/436 434/434/434
f 405/405/405 435/435/435 437/437/437
f 406/406/406 438/438/438 436/436/436
f 405/405/405 437/437/437 407/407/407
f 406/406/406 408/408/408 438/438/438
f 439/439/439 440/440/440 442/442/442
f 439/439/439 442/442/442 441/441/441
f 441/441/441 442/442/442 444/444/444
f 441/441/441 444/444/444 443/443/443
f 443/443/443 444/444/444 446/446/446
f 443/443/443 446/446/446 445/445/445
f 445/445/445 446/446/446 448/448/448
f 445/445/445 448/448/448 447/447/447
f 447/447/447 448/448/448 450/450/450
f 447/447/447 450/450/450 449/449/449
f 449/449/449 450/450/450 452/452/452
f 449/449/449 452/452/452 451/451/451
f 451/451/451 452/452/452 454/454/454
f 451/451/451 454/454/454 453/453/453
f 453/453/453 454/454/454 456/456/456
f 453/453/453 456/456/456 455/455/455
f 455/455/455 456/456/456 458/458/458
f 455/455/455 458/458/458 457/457/457
f 457/457/457 458/458/458 460/460/460
f 457/457/457 460/460/460 459/459/459
f 459/459/459 460/460/460 462/462/462
f 459/459/459 462/462/462 461/461/461
f 461/461/461 462/462/462 464/464/464
f 461/461/461 464/464/464 463/463/463
f 463/463/463 464/464/464 466/466/466
f 463/463/463 466/466/466 465/465/465
f 465/465/465 466/466/466 468/468/468
f 465/465/465 468/468/468 467/467/467
f 467/467/467 468/468/468 470/470/470
f 467/467/467 470/470/470 469/469/469
f 469/469/469 470/470/470 440/440/440
f 469/469/469 440/440/440 439/439/439
f 471/471/471 473/473/473 475/475/475
f 472/472/472 476/476/476 474/474/474
f 471/471/471 475/475/475 477/477/477
f 472/472/472 478/478/478 476/476/476
f 471/471/471 477/477/477 479/479/479
f 472/472/472 480/480/480 478/478/478
f 471/471/471 479/479/479 481/481/481
f 472/472/472 482/482/482 480/480/480
f 471/471/471 481/481/481 483/483/483
f 472/472/472 484/484/484 482/482/482
f 471/471/471 483/483/483 485/485/485
f 472/472/472 486/486/486 484/484/484
f 471/471/471 485/485/485 487/487/487
f 472/472/472 488/488/488 486/486/486
f 471/471/471 487/487/487 489/489/489
f 472/472/472 490/490/490 488/488/488
f 471/471/471 489/489/489 491/491/491
f 472/472/472 492/492/492 490/490/490
f 471/471/471 491/491/491 493/493/493
f 472/472/472 494/494/494 492/492/492
f 471/471/471 493/493/493 495/495/495
f 472/472/472 496/496/496 494/494/494
f 471/471/471 495/495/495 497/497/497
f 472/472/472 498/498/498 496/496/496
f 471/471/471 497/497/497 499/499/499
f 472/472/472 500/500/500 498/498/498
f 471/471/471 499/499/499 501/501/501
f 472/472/472 502/502/502 500/500/500
f 471/471/471 501/501/501 503/503/503
f 472/472/472 504/504/504 502/502/502
f 471/471/471 503/503/503 473/473/473
f 472/472/472 474/474/474 504/504/504
f 505/505/505 506/506/506 508/508/508
f 505/505/505 508/508/508 507/507/507
f 507/507/507 508/508/508 510/510/510
f 507/507/507 510/510/510 509/509/509
f 509/509/509 510/510/510 512/512/512
f 509/509/509 512/512/512 511/511/511
f 511/511/511 512/512/512 514/514/514
f 511/511/511 514/514/514 513/513/513
f 513/513/513 514/514/514 516/516/516
f 513/513/513 516/516/516 515/515/515
f 515/515/515 516/516/516 518/518/518
f 515/515/515 518/518/518 517/517/517
f 517/517/517 518/518/518 520/520/520
f 517/517/517 520/520/520 519/519/519
f 519/519/519 520/520/520 522/522/522
f 519/519/519 522/522/522 521/521/521
f 521/521/521 522/522/522 524/524/524
f 521/521/521 524/524/524 523/523/523
f 523/523/523 524/524/524 526/526/526
f 523/523/523 526/526/526 525/525/525
f 525/525/525 526/526/526 528/528/528
f 525/525/525 528/528/528 527/527/527
f 527/527/527 528/528/528 530/530/530
f 527/527/527 530/530/530 529/529/529
f 529/529/529 530/530/530 532/532/532
f 529/529/529 532/532/532 531/531/531
f 531/531/531 532/532/532 534/534/534
f 531/531/531 534/534/534 533/533/533
f 533/533/533 534/534/534 536/536/536
f 533/533/533 536/536/536 535/535/535
f 535/535/535 536/536/536 506/506/506
f 535/535/535 506/506/506 505/505/505
f 537/537/537 539/539/539 541/541/541
f 538/538/538 542/542/542 540/540/540
f 537/537/537 541/541/541 543/543/543
f 538/538/538 544/544/544 542/542/542
f 537/537/537 543/543/543 545/545/545
f 538/538/538 546/546/546 544/544/544
f 537/537/537 545/545/545 547/547/547
f 538/538/538 548/548/548 546/546/546
f 537/537/537 547/547/547 549/549/549
f 538/538/538 550/550/550 548/548/548
f 537/537/537 549/549/549 551/551/551
f 538/538/538 552/552/552 550/550/550
f 537/537/537 551/551/551 553/553/553
f 538/538/538 554/554/554 552/552/552
f 537/537/537 553/553/553 555/555/555
f 538/538/538 556/556/556 554/554/554
f 537/537/537 555/555/555 557/557/557
f 538/538/538 558/558/558 556/556/556
f 537/537/537 557/557/557 559/559/559
f 538/538/538 560/560/560 558/558/558
f 537/537/537 559/559/559 561/561/561
f 538/538/538 562/562/562 560/560/560
f 537/537/537 561/561/561 563/563/563
f 538/538/538 564/564/564 562/562/562
f 537/537/537 563/563/563 565/565/565
f 538/538/538 566/566/566 564/564/564
f 537/537/537 565/565/565 567/567/567
f 538/538/538 568/568/568 566/566/566
f 537/537/537 567/567/567 569/569/569
f 538/538/538 570/570/570 568/568/568
f 537/537/537 569/569/569 539/539/539
f 538/538/538 540/540/540 570/570/570
f 571/571/571 572/572/572 574/574/574
f 571/571/571 574/574/574 573/573/573
f 573/573/573 574/574/574 576/576/576
f 573/573/573 576/576/576 575/575/575
f 575/575/575 576/576/576 578/578/578
f 575/575/575 578/578/578 577/577/577
f 577/577/577 578/578/578 580/580/580
f 577/577/577 580/580/580 579/579/579
f 579/579/579 580/580/580 582/582/582
f 579/579/579 582/582/582 581/581/581
f 581/581/581 582/582/582 584/584/584
f 581/581/581 584/584/584 583/583/583
f 583/583/583 584/584/584 586/586/586
f 583/583/583 586/586/586 585/585/585
f 585/585/585 586/586/586 588/588/588
f 585/585/585 588/588/588 587/587/587
f 587/587/587 588/588/588 590/590/590
f 587/587/587 590/590/590 589/589/589
f 589/589/589 590/590/590 592/592/592
f 589/589/589 592/592/592 591/591/591
f 591/591/591 592/592/592 594/594/594
f 591/591/591 594/594/594 593/593/593
f 593/593/593 594/594/594 596/596/596
f 593/593/593 596/596/596 595/595/595
f 595/595/595 596/596/596 598/598/598
f 595/595/595 598/598/598 597/597/597
f 597/597/597 598/598/598 600/600/600
f 597/597/597 600/600/600 599/599/599
f 599/599/599 600/600/600 602/602/602
f 599/599/599 602/602/602 601/601/601
f 601/601/601 602/602/602 572/572/572
f 601/601/601 572/572/572 571/571/571
f 603/603/603 605/605/605 607/607/607
f 604/604/604 608/608/608 606/606/606
f 603/603/603 607/607/607 609/609/609
f 604/604/604 610/610/610 608/608/608
f 603/603/603 609/609/609 611/611/611
f 604/604/604 612/612/612 610/610/610
f 603/603/603 611/611/611 613/613/613
f 604/604/604 614/614/614 612/612/612
f 603/603/603 613/613/613 615/615/615
f 604/604/604 616/616/616 614/614/614
f 603/603/603 615/615/615 617/617/617
f 604/604/604 618/618/618 616/616/616
f 603/603/603 617/617/617 619/619/619
f 604/604/604 620/620/620 618/618/618
f 603/603/603 619/619/619 621/621/621
f 604/604/604 622/622/622 620/620/620
f 603/603/603 621/621/621 623/623/623
f 604/604/604 624/624/624 622/622/622
f 603/603/603 623/623/623 625/625/625
f 604/604/604 626/626/626 624/624/624
f 603/603/603 625/625/625 627/627/627
f 604/604/604 628/628/628 626/626/626
f 603/603/603 627/627/627 629/629/629
f 604/604/604 630/630/630 628/628/628
f 603/603/603 629/629/629 631/631/631
f 604/604/604 632/632/632 630/630/630
f 603/603/603 631/631/631 633/633/633
f 604/604/604 634/634/634 632/632/632
f 603/603/603 633/633/633 635/635/635
f 604/604/604 636/636/636 634/634/634
f 603/603/603 635/635/635 605/605/605
f 604/604/604 606/606/606 636/636/636
f 637/637/637 638/638/638 640/640/640
f 637/637/637 640/640/640 639/639/639
f 639/639/639 640/640/640 642/642/642
f 639/639/639 642/642/642 641/641/641
f 641/641/641 642/642/642 644/644/644
f 641/641/641 644/644/644 643/643/643
f 643/643/643 644/644/644 646/646/646
f 643/643/643 646/646/646 645/645/645
f 645/645/645 646/646/646 648/648/648
f 645/645/645 648/648/648 647/647/647
f 647/647/647 648/648/648 650/650/650
f 647/647/647 650/650/650 649/649/649
f 649/649/649 650/650/650 652/652/652
f 649/649/649 652/652/652 651/651/651
f 651/651/651 652/652/652 654/654/654
f 651/651/651 654/654/654 653/653/653
f 653/653/653 654/654/654 656/656/656
f 653/653/653 656/656/656 655/655/655
f 655/655/655 656/656/656 658/658/658
f 655/655/655 658/658/658 657/657/657
f 657/657/657 658/658/658 660/660/660
f 657/657/657 660/660/660 659/659/659
f 659/659/659 660/660/660 662/662/662
f 659/659/659 662/662/662 661/661/661
f 661/661/661 662/662/662 664/664/664
f 661/661/661 664/664/664 663/663/663
f 663/663/663 664/664/664 666/666/666
f 663/663/663 666/666/666 665/665/665
f 665/665/665 666/666/666 668/668/668
f 665/665/665 668/668/668 667/667/667
f 667/667/667 668/668/668 638/638/638
f 667/667/667 638/638/638 637/637/637
f 669/669/669 671/671/671 673/673/673
f 670/670/670 674/674/674 672/672/672
f 669/669/669 673/673/673 675/675/675
f 670/670/670 676/676/676 674/674/674
f 669/669/669 675/675/675 677/677/677
f 670/670/670 678/678/678 676/676/676
f 669/669/669 677/677/677 679/679/679
f 670/670/670 680/680/680 678/678/678
f 669/669/669 679/679/679 681/681/681
f 670/670/670 682/682/682 680/680/680
f 669/669/669 681/681/681 683/683/683
f 670/670/670 684/684/684 682/682/682
f 669/669/669 683/683/683 685/685/685
f 670/670/670 686/686/686 684/684/684
f 669/669/669 685/685/685 687/687/687
f 670/670/670 688/688/688 686/686/686
f 669/669/669 687/687/687 689/689/689
f 670/670/670 690/690/690 688/688/688
f 669/669/669 689/689/689 691/691/691
f 670/670/670 692/692/692 690/690/690
f 669/669/669 691/691/691 693/693/693
f 670/670/670 694/694/694 692/692/692
f 669/669/669 693/693/693 695/695/695
f 670/670/670 696/696/696 694/694/694
f 669/669/669 695/695/695 697/697/697
f 670/670/670 698/698/698 696/696/696
f 669/669/669 697/697/697 699/699/699
f 670/670/670 700/700/700 698/698/698
f 669/669/669 699/699/699 701/701/701
f 670/670/670 702/702/702 700/700/700
f 669/669/669 701/701/701 671/671/671
f 670/670/670 672/672/672 702/702/702
f 703/703/703 704/704/704 706/706/706
f 703/703/703 706/706/706 705/705/705
f 705/705/705 706/706/706 708/708/708
f 705/705/705 708/708/708 707/707/707
f 707/707/707 708/708/708 710/710/710
f 707/707/707 710/710/710 709/709/709
f 709/709/709 710/710/710 712/712/712
f 709/709/709 712/712/712 711/711/711
f 711/711/711 712/712/712 714/714/714
f 711/711/711 714/714/714 713/713/713
f 713/713/713 714/714/714 716/716/716
f 713/713/713 716/716/716 715/715/715
f 715/715/715 716/716/716 718/718/718
f 715/715/715 718/718/718 717/717/717
f 717/717/717 718/718/718 720/720/720
f 717/717/717 720/720/720 719/719/719
f 719/719/719 720/720/720 722/722/722
f 719/719/719 722/722/722 721/721/721
f 721/721/721 722/722/722 724/724/724
f 721/721/721 724/724/724 723/723/723
f 723/723/723 724/724/724 726/726/726
f 723/723/723 726/726/726 725/725/725
f 725/725/725 726/726/726 728/728/728
f 725/725/725 728/728/728 727/727/727
f 727/727/727 728/728/728 730/730/730
f 727/727/727 730/730/730 729/729/729
f 729/729/729 730/730/730 732/732/732
f 729/729/729 732/732/732 731/731/731
f 731/731/731 732/732/732 734/734/734
f 731/731/731 734/734/734 733/733/733
f 733/733/733 734/734/734 704/704/704
f 733/733/733 704/704/704 703/703/703
f 735/735/735 737/737/737 739/739/739
f 736/736/736 740/740/740 738/738/738
f 735/735/735 739/739/739 741/741/741
f 736/736/736 742/742/742 740/740/740
f 735/735/735 741/741/741 743/743/743
f 736/736/736 744/744/744 742/742/742
f 735/735/735 743/743/743 745/745/745
f 736/736/736 746/746/746 744/744/744
f 735/735/735 745/745/745 747/747/747
f 736/736/736 748/748/748 746/746/746
f 735/735/735 747/747/747 749/749/749
f 736/736/736 750/750/750 748/748/748
f 735/735/735 749/749/749 751/751/751
f 736/736/736 752/752/752 750/750/750
f 735/735/735 751/751/751 753/753/753
f 736/736/736 754/754/754 752/752/752
f 735/735/735 753/753/753 755/755/755
f 736/736/736 756/756/756 754/754/754
f 735/735/735 755/755/755 757/757/757
f 736/736/736 758/758/758 756/756/756
f 735/735/735 757/757/757 759/759/759
f 736/736/736 760/760/760 758/758/758
f 735/735/735 759/759/759 761/761/761
f 736/736/736 762/762/762 760/760/760
f 735/735/735 761/761/761 763/763/763
f 736/736/736 764/764/764 762/762/762
f 735/735/735 763/763/763 765/765/765
f 736/736/736 766/766/766 764/764/764
f 735/735/735 765/765/765 767/767/767
f 736/736/736 768/768/768 766/766/766
f 735/735/735 767/767/767 737/737/737
f 736/736/736 738/738/738 768/768/768
f 769/769/769 770/770/770 771/771/771
f 769/769/769 771/771/771 772/772/772
f 773/773/773 774/774/774 775/775/775
f 773/773/773 775/775/775 776/776/776
f 777/777/777 778/778/778 779/779/779
f 777/777/777 779/779/779 780/780/780
f 781/781/781 782/782/782 783/783/783
f 781/781/781 783/783/783 784/784/784
f 785/785/785 786/786/786 787/787/787
f 785/785/785 787/787/787 788/788/788
f 789/789/789 790/790/790 791/791/791
f 789/789/789 791/791/791 792/792/792
f 793/793/793 794/794/794 795/795/795
f 793/793/793 795/795/795 796/796/796
f 797/797/797 798/798/798 799/799/799
f 797/797/797 799/799/799 800/800/800
f 801/801/801 802/802/802 803/803/803
f 801/801/801 803/803/803 804/804/804
f 805/805/805 806/806/806 807/807/807
f 805/805/805 807/807/807 808/808/808
f 809/809/809 810/810/810 811/811/811
f 809/809/809 811/811/811 812/812/812
f 813/813/813 814/814/814 815/815/815
f 813/813/813 815/815/815 816/816/816
f 817/817/817 818/818/818 819/819/819
f 817/817/817 819/819/819 820/820/820
f 821/821/821 822/822/822 823/823/823
f 821/821/821 823/823/823 824/824/824
f 825/825/825 826/826/826 827/827/827
f 825/825/825 827/827/827 828/828/828
f 829/829/829 830/830/830 831/831/831
f 829/829/829 831/831/831 832/832/832
f 833/833/833 834/834/834 835/835/835
f 833/833/833 835/835/835 836/836/836
f 837/837/837 838/838/838 839/839/839
f 837/837/837 839/839/839 840/840/840
f 841/841/841 842/842/842 843/843/843
f 841/841/841 843/843/843 844/844/844
f 845/845/845 846/846/846 847/847/847
f 845/845/845 847/847/847 848/848/848
f 849/849/849 850/850/850 851/851/851
f 849/849/849 851/851/851 852/852/852
f 853/853/853 854/854/854 855/855/855
f 853/853/853 855/855/855 856/856/856
f 857/857/857 858/858/858 859/859/859
f 857/857/857 859/859/859 860/860/860
f 861/861/861 862/862/862 863/863/863
f 861/861/861 863/863/863 864/864/864
f 865/865/865 866/866/866 868/868/868
f 865/865/865 868/868/868 867/867/867
f 867/867/867 868/868/868 870/870/870
f 867/867/867 870/870/870 869/869/869
f 869/869/869 870/870/870 872/872/872
f 869/869/869 872/872/872 871/871/871
f 871/871/871 872/872/872 874/874/874
f 871/871/871 874/874/874 873/873/873
f 873/873/873 874/874/874 876/876/876
f 873/873/873 876/876/876 875/875/875
f 875/875/875 876/876/876 878/878/878
f 875/875/875 878/878/878 877/877/877
f 877/877/877 878/878/878 880/880/880
f 877/877/877 880/880/880 879/879/879
f 879/879/879 880/880/880 882/882/882
f 879/879/879 882/882/882 881/881/881
f 881/881/881 882/882/882 884/884/884
f 881/881/881 884/884/884 883/883/883
f 883/883/883 884/884/884 886/886/886
f 883/883/883 886/886/886 885/885/885
f 885/885/885 886/886/886 888/888/888
f 885/885/885 888/888/888 887/887/887
f 887/887/887 888/888/888 866/866/866
f 887/887/887 866/866/866 865/865/865
f 889/889/889 891/891/891 893/893/893
f 890/890/890 894/894/894 892/892/892
f 889/889/889 893/893/893 895/895/895
f 890/890/890 896/896/896 894/894/894
f 889/889/889 895/895/895 897/897/897
f 890/890/890 898/898/898 896/896/896
f 889/889/889 897/897/897 899/899/899
f 890/890/890 900/900/900 898/898/898
f 889/889/889 899/899/899 901/901/901
f 890/890/890 902/902/902 900/900/900
f 889/889/889 901/901/901 903/903/903
f 890/890/890 904/904/904 902/902/902
f 889/889/889 903/903/903 905/905/905
f 890/890/890 906/906/906 904/904/904
f 889/889/889 905/905/905 907/907/907
f 890/890/890 908/908/908 906/906/906
f 889/889/889 907/907/907 909/909/909
f 890/890/890 910/910/910 908/908/908
f 889/889/889 909/909/909 911/911/911
f 890/890/890 912/912/912 910/910/910
f 889/889/889 911/911/911 913/913/913
f 890/890/890 914/914/914 912/912/912
f 889/889/889 913/913/913 891/891/891
f 890/890/890 892/892/892 914/914/914
usemtl 03_Screen
f 915/915/915 916/916/916 917/917/917
f 915/915/915 917/917/917 918/918/918
f 919/919/919 920/920/920 921/921/921
f 919/919/919 921/921/921 922/922/922
f 923/923/923 924/924/924 925/925/925
f 923/923/923 925/925/925 926/926/926
f 927/927/927 928/928/928 929/929/929
f 927/927/927 929/929/929 930/930/930
f 931/931/931 932/932/932 933/933/933
f 931/931/931 933/933/933 934/934/934
f 935/935/935 936/936/936 937/937/937
f 935/935/935 937/937/937 938/938/938
